tick,t_ms,joint,q,dq,q_traj,dq_traj,q_des,target,target_raw,q_env_lo,q_env_hi,lead,lead_sat,settle_error,phase,friction_mode,tau_p,tau_g,tau_f,tau_d,tau_ff_cmd,tau_meas,dq_mit,kp,kd,joint_stuck,planner_frozen
0,0,right_shoulder_pitch,-0.001534,0.000000,-0.001421,0.022500,-0.001421,1.484000,1.484000,-0.872665,3.141593,0.000112,0,1.485534,Accelerate,traj_vel,0.000900,-0.003792,0.150000,0.045000,0.191208,-0.031128,0.022500,8.000,2.000,0,0
1,5,right_shoulder_pitch,-0.001534,0.000000,-0.001196,0.045000,-0.001196,1.484000,1.484000,-0.872665,3.141593,0.000337,0,1.485534,Accelerate,traj_vel,0.002700,-0.003792,0.150000,0.090000,0.236208,-0.007324,0.045000,8.000,2.000,0,0
2,10,right_shoulder_pitch,-0.001534,0.000000,-0.000859,0.067500,-0.000859,1.484000,1.484000,-0.872665,3.141593,0.000675,0,1.485534,Accelerate,traj_vel,0.005400,-0.003792,0.150000,0.135000,0.281208,0.146488,0.067500,8.000,2.000,0,0
3,15,right_shoulder_pitch,-0.001534,0.000000,-0.000409,0.090000,-0.000409,1.484000,1.484000,-0.872665,3.141593,0.001125,0,1.485534,Accelerate,traj_vel,0.009000,-0.003792,0.150000,0.180000,0.326208,0.223396,0.090000,8.000,2.000,0,0
4,20,right_shoulder_pitch,-0.000383,0.071902,0.000154,0.112500,0.000154,1.484000,1.484000,-0.872665,3.141593,0.000537,0,1.484383,Accelerate,traj_vel,0.004296,-0.000948,0.150000,0.189049,0.338101,0.269172,0.112500,8.000,2.000,0,0
5,25,right_shoulder_pitch,0.000383,0.047939,0.000829,0.135000,0.000829,1.484000,1.484000,-0.872665,3.141593,0.000445,0,1.483617,Accelerate,traj_vel,0.003560,0.000948,0.150000,0.219067,0.370015,0.292979,0.135000,8.000,2.000,0,0
6,30,right_shoulder_pitch,0.001150,0.047938,0.001616,0.157500,0.001616,1.484000,1.484000,-0.872665,3.141593,0.000466,0,1.482850,Accelerate,traj_vel,0.003724,0.002844,0.150000,0.252832,0.405676,0.338756,0.157500,8.000,2.000,0,0
7,35,right_shoulder_pitch,0.001917,0.047938,0.002516,0.180000,0.002516,1.484000,1.484000,-0.872665,3.141593,0.000599,0,1.482083,Accelerate,traj_vel,0.004788,0.004740,0.150000,0.289405,0.444145,0.408336,0.180000,8.000,2.000,0,0
8,40,right_shoulder_pitch,0.002301,0.023968,0.003529,0.202500,0.003529,1.484000,1.484000,-0.872665,3.141593,0.001228,0,1.481699,Accelerate,traj_vel,0.009820,0.005688,0.150000,0.340069,0.495758,0.401012,0.202500,8.000,2.000,0,0
9,45,right_shoulder_pitch,0.003068,0.047933,0.004654,0.225000,0.004654,1.484000,1.484000,-0.872665,3.141593,0.001586,0,1.480932,Accelerate,traj_vel,0.012684,0.007584,0.150000,0.377335,0.534920,0.432143,0.225000,8.000,2.000,0,0
10,50,right_shoulder_pitch,0.003451,0.023970,0.005891,0.247500,0.005891,1.484000,1.484000,-0.872665,3.141593,0.002440,0,1.480549,Accelerate,traj_vel,0.019516,0.008532,0.150000,0.428517,0.587049,0.501723,0.247500,8.000,2.000,0,0
11,55,right_shoulder_pitch,0.003835,0.023964,0.007241,0.270000,0.007241,1.484000,1.484000,-0.872665,3.141593,0.003406,0,1.480165,Accelerate,traj_vel,0.027249,0.009480,0.150000,0.478156,0.637636,0.628070,0.270000,8.000,2.000,0,0
12,60,right_shoulder_pitch,0.004602,0.047945,0.008704,0.292500,0.008704,1.484000,1.484000,-0.872665,3.141593,0.004102,0,1.479398,Accelerate,traj_vel,0.032813,0.011377,0.150000,0.514644,0.676021,0.646384,0.292500,8.000,2.000,0,0
13,65,right_shoulder_pitch,0.004602,0.000000,0.010279,0.315000,0.010279,1.484000,1.484000,-0.872665,3.141593,0.005677,0,1.479398,Accelerate,traj_vel,0.045413,0.011377,0.150000,0.577233,0.738610,0.668356,0.315000,8.000,2.000,0,0
14,70,right_shoulder_pitch,0.004985,0.023968,0.011966,0.337500,0.011966,1.484000,1.484000,-0.872665,3.141593,0.006981,0,1.479015,Accelerate,traj_vel,0.055845,0.012325,0.150000,0.623441,0.785765,0.664694,0.337500,8.000,2.000,0,0
15,75,right_shoulder_pitch,0.005369,0.023960,0.013766,0.360000,0.013766,1.484000,1.484000,-0.872665,3.141593,0.008397,0,1.478631,Accelerate,traj_vel,0.067177,0.013273,0.150000,0.669350,0.832623,0.792872,0.360000,8.000,2.000,0,0
16,80,right_shoulder_pitch,0.006136,0.047954,0.015679,0.382500,0.015679,1.484000,1.484000,-0.872665,3.141593,0.009543,0,1.477864,Accelerate,traj_vel,0.076341,0.015169,0.150000,0.703036,0.868205,0.875269,0.382500,8.000,2.000,0,0
17,85,right_shoulder_pitch,0.006903,0.047937,0.017704,0.405000,0.017704,1.484000,1.484000,-0.872665,3.141593,0.010801,0,1.477097,Accelerate,traj_vel,0.086405,0.017065,0.150000,0.739559,0.906623,0.866114,0.405000,8.000,2.000,0,0
18,90,right_shoulder_pitch,0.007670,0.047936,0.019841,0.427500,0.019841,1.484000,1.484000,-0.872665,3.141297,0.012171,0,1.476330,Accelerate,traj_vel,0.097369,0.018961,0.150000,0.778201,0.947162,0.822169,0.427500,8.000,2.000,0,0
19,95,right_shoulder_pitch,0.008820,0.071879,0.022091,0.450000,0.022091,1.484000,1.484000,-0.872665,3.139750,0.013271,0,1.475180,Accelerate,traj_vel,0.106165,0.021805,0.150000,0.806461,0.978266,0.875269,0.450000,8.000,2.000,0,0
20,100,right_shoulder_pitch,0.010354,0.095910,0.024454,0.472500,0.024454,1.484000,1.484000,-0.872665,3.138147,0.014099,0,1.473646,Accelerate,traj_vel,0.112793,0.025597,0.150000,0.826891,1.002488,0.966825,0.472500,8.000,2.000,0,0
21,105,right_shoulder_pitch,0.011505,0.071901,0.026929,0.495000,0.026929,1.484000,1.484000,-0.872665,3.136487,0.015424,0,1.472495,Accelerate,traj_vel,0.123389,0.028441,0.150000,0.865468,1.043908,0.930204,0.495000,8.000,2.000,0,0
22,110,right_shoulder_pitch,0.013807,0.143852,0.029516,0.517500,0.029516,1.484000,1.484000,-0.872665,3.134772,0.015709,0,1.470193,Accelerate,traj_vel,0.125676,0.034130,0.150000,0.869675,1.053805,0.813013,0.517500,8.000,2.000,0,0
23,115,right_shoulder_pitch,0.016875,0.191768,0.032216,0.540000,0.032216,1.484000,1.484000,-0.872665,3.133000,0.015341,0,1.467125,Accelerate,traj_vel,0.122732,0.041714,0.150000,0.860122,1.051836,0.811182,0.540000,8.000,2.000,0,0
24,120,right_shoulder_pitch,0.021476,0.287623,0.035029,0.562500,0.035029,1.484000,1.484000,-0.872665,3.131172,0.013552,0,1.462524,Accelerate,traj_vel,0.108416,0.053088,0.150000,0.816280,1.019368,0.642718,0.562500,8.000,2.000,0,0
25,125,right_shoulder_pitch,0.027229,0.359451,0.037954,0.585000,0.037954,1.484000,1.484000,-0.872665,3.129287,0.010725,0,1.456771,Accelerate,traj_vel,0.085797,0.067305,0.150000,0.758734,0.976039,0.900908,0.585000,8.000,2.000,0,0
26,130,right_shoulder_pitch,0.034899,0.479465,0.040991,0.607500,0.040991,1.484000,1.484000,-0.872665,3.127347,0.006092,0,1.449101,Accelerate,traj_vel,0.048738,0.086257,0.150000,0.666818,0.903075,0.845972,0.607500,8.000,2.000,0,0
27,135,right_shoulder_pitch,0.043336,0.527359,0.044141,0.630000,0.044141,1.484000,1.484000,-0.872665,3.125350,0.000805,0,1.440664,Accelerate,traj_vel,0.006437,0.107099,0.150000,0.585184,0.842284,1.234170,0.630000,8.000,2.000,0,0
28,140,right_shoulder_pitch,0.051390,0.503331,0.047404,0.652500,0.051390,1.484000,1.484000,-0.872665,3.123297,0.000000,0,1.432610,Accelerate,traj_vel,0.000000,0.126986,0.150000,0.547223,0.824209,0.554827,0.652500,8.000,2.000,0,0
29,145,right_shoulder_pitch,0.062128,0.671174,0.050779,0.675000,0.062128,1.484000,1.484000,-0.872665,3.121188,0.000000,0,1.421872,Accelerate,traj_vel,0.000000,0.153490,0.150000,0.446080,0.749570,0.481582,0.675000,8.000,2.000,0,0
30,150,right_shoulder_pitch,0.072483,0.647148,0.054266,0.697500,0.072483,1.484000,1.484000,-0.872665,3.119022,0.000000,0,1.411517,Accelerate,traj_vel,0.000000,0.179029,0.150000,0.393486,0.722515,0.763575,0.697500,8.000,2.000,0,0
31,155,right_shoulder_pitch,0.081687,0.575232,0.057866,0.720000,0.081687,1.484000,1.484000,-0.872665,3.116800,0.000000,0,1.402313,Accelerate,traj_vel,0.000000,0.201715,0.150000,0.401249,0.752964,0.948515,0.720000,8.000,2.000,0,0
32,160,right_shoulder_pitch,0.091275,0.599271,0.061579,0.742500,0.091275,1.484000,1.484000,-0.872665,3.114522,0.000000,0,1.392725,Accelerate,traj_vel,0.000000,0.225329,0.150000,0.406301,0.781630,-0.020142,0.742500,8.000,2.000,0,0
33,165,right_shoulder_pitch,0.103930,0.790956,0.065404,0.765000,0.065404,1.484000,1.484000,-0.872665,3.112188,-0.038527,0,1.380070,Accelerate,traj_vel,-0.308213,0.256466,0.000000,0.325498,0.581963,0.668356,0.765000,8.000,2.000,0,0
34,170,right_shoulder_pitch,0.114669,0.671091,0.069341,0.787500,0.069341,1.484000,1.484000,-0.872665,3.109797,-0.045328,0,1.369331,Accelerate,traj_vel,-0.362622,0.282854,0.150000,0.336078,0.768932,1.010774,0.787500,8.000,2.000,0,0
35,175,right_shoulder_pitch,0.123873,0.575303,0.073391,0.810000,0.073873,1.484000,1.484000,-0.872665,3.107350,-0.050000,1,1.360127,Accelerate,traj_vel,-0.400000,0.305446,0.150000,0.403157,0.858602,0.186775,0.810000,8.000,2.000,0,0
36,180,right_shoulder_pitch,0.134611,0.671121,0.077554,0.832500,0.084611,1.484000,1.484000,-0.872665,3.104847,-0.050000,1,1.349389,Accelerate,traj_vel,-0.400000,0.331769,0.150000,0.416807,0.898576,0.091556,0.832500,8.000,2.000,0,0
37,185,right_shoulder_pitch,0.145733,0.695110,0.081829,0.855000,0.095733,1.484000,1.484000,-0.872665,3.102288,-0.050000,1,1.338267,Accelerate,traj_vel,-0.400000,0.358995,0.150000,0.426300,0.935295,0.668356,0.855000,8.000,2.000,0,0
38,190,right_shoulder_pitch,0.155320,0.599231,0.086216,0.877500,0.105320,1.484000,1.484000,-0.872665,3.099672,-0.050000,1,1.328680,Accelerate,traj_vel,-0.400000,0.382428,0.150000,0.492610,1.025037,0.525527,0.877500,8.000,2.000,0,0
39,195,right_shoulder_pitch,0.164141,0.551313,0.090716,0.900000,0.114141,1.484000,1.484000,-0.872665,3.097000,-0.050000,1,1.319859,Accelerate,traj_vel,-0.400000,0.403957,0.150000,0.577551,1.131508,0.190437,0.900000,8.000,2.000,0,0
40,200,right_shoulder_pitch,0.173729,0.599218,0.095329,0.922500,0.123729,1.484000,1.484000,-0.872665,3.094272,-0.050000,1,1.310271,Accelerate,traj_vel,-0.400000,0.427321,0.150000,0.628554,1.205875,0.633563,0.922500,8.000,2.000,0,0
41,205,right_shoulder_pitch,0.181782,0.503254,0.100054,0.945000,0.131782,1.484000,1.484000,-0.872665,3.091487,-0.050000,1,1.302218,Accelerate,traj_vel,-0.400000,0.446916,0.150000,0.726039,1.322955,1.107820,0.945000,8.000,2.000,0,0
42,210,right_shoulder_pitch,0.189069,0.455518,0.104891,0.967500,0.139069,1.484000,1.484000,-0.872665,3.088647,-0.050000,1,1.294931,Accelerate,traj_vel,-0.400000,0.464622,0.150000,0.834270,1.448892,0.552996,0.967500,8.000,2.000,0,0
43,215,right_shoulder_pitch,0.198273,0.575242,0.109841,0.990000,0.148273,1.484000,1.484000,-0.872665,3.085750,-0.050000,1,1.285727,Accelerate,traj_vel,-0.400000,0.486949,0.150000,0.866831,1.503781,0.459609,0.990000,8.000,2.000,0,0
44,220,right_shoulder_pitch,0.206710,0.527312,0.114841,1.000000,0.156710,1.484000,1.484000,-0.872665,3.084444,-0.050000,1,1.277290,Cruise,traj_vel,-0.400000,0.507380,0.150000,0.901468,1.558848,0.950346,1.000000,8.000,2.000,0,0
45,225,right_shoulder_pitch,0.215148,0.527255,0.119841,1.000000,0.165148,1.484000,1.484000,-0.872665,3.084444,-0.050000,1,1.268852,Cruise,traj_vel,-0.400000,0.527777,0.150000,0.912473,1.590250,1.248819,1.000000,8.000,2.000,0,0
46,230,right_shoulder_pitch,0.222434,0.455480,0.124841,1.000000,0.172434,1.484000,1.484000,-0.872665,3.084444,-0.050000,1,1.261566,Cruise,traj_vel,-0.400000,0.545360,0.150000,0.956615,1.651975,0.977812,1.000000,8.000,2.000,0,0
47,235,right_shoulder_pitch,0.232405,0.623183,0.129841,1.000000,0.182405,1.484000,1.484000,-0.872665,3.084444,-0.050000,1,1.251595,Cruise,traj_vel,-0.400000,0.569375,0.150000,0.905870,1.625244,0.542010,1.000000,8.000,2.000,0,0
48,240,right_shoulder_pitch,0.241993,0.599261,0.134841,1.000000,0.191993,1.484000,1.484000,-0.872665,3.084444,-0.050000,1,1.242007,Cruise,traj_vel,-0.400000,0.592414,0.150000,0.879772,1.622186,1.309243,1.000000,8.000,2.000,0,0
49,245,right_shoulder_pitch,0.251580,0.599209,0.139841,1.000000,0.201580,1.484000,1.484000,-0.872665,3.084444,-0.050000,1,1.232420,Cruise,traj_vel,-0.400000,0.615397,0.150000,0.860224,1.625621,1.362348,1.000000,8.000,2.000,0,0
50,250,right_shoulder_pitch,0.260401,0.551133,0.144841,1.000000,0.210401,1.484000,1.484000,-0.872665,3.084444,-0.050000,1,1.223599,Cruise,traj_vel,-0.400000,0.636493,0.150000,0.869602,1.656095,0.853297,1.000000,8.000,2.000,0,0
51,255,right_shoulder_pitch,0.271906,0.719295,0.149841,1.000000,0.221906,1.484000,1.484000,-0.872665,3.084444,-0.050000,1,1.212094,Cruise,traj_vel,-0.400000,0.663933,0.150000,0.792554,1.606487,0.811182,1.000000,8.000,2.000,0,0
52,260,right_shoulder_pitch,0.282645,0.671169,0.154841,1.000000,0.232645,1.484000,1.484000,-0.872665,3.084444,-0.050000,1,1.201355,Cruise,traj_vel,-0.400000,0.689466,0.150000,0.758830,1.598296,1.519822,1.000000,8.000,2.000,0,0
53,265,right_shoulder_pitch,0.292232,0.599176,0.159841,1.000000,0.242232,1.484000,1.484000,-0.872665,3.084444,-0.050000,1,1.191768,Cruise,traj_vel,-0.400000,0.712195,0.150000,0.769535,1.631729,1.170080,1.000000,8.000,2.000,0,0
54,270,right_shoulder_pitch,0.302970,0.671148,0.164841,1.000000,0.252970,1.484000,1.484000,-0.872665,3.084444,-0.050000,1,1.181030,Cruise,traj_vel,-0.400000,0.737573,0.150000,0.741577,1.629150,0.472426,1.000000,8.000,2.000,0,0
55,275,right_shoulder_pitch,0.314859,0.743075,0.169841,1.000000,0.264859,1.484000,1.484000,-0.872665,3.084444,-0.050000,1,1.169141,Cruise,traj_vel,-0.400000,0.765573,0.150000,0.684645,1.600218,1.508836,1.000000,8.000,2.000,0,0
56,280,right_shoulder_pitch,0.324830,0.623182,0.174841,1.000000,0.274830,1.484000,1.484000,-0.872665,3.084444,-0.050000,1,1.159170,Cruise,traj_vel,-0.400000,0.788972,0.150000,0.701893,1.640865,1.184728,1.000000,8.000,2.000,0,0
57,285,right_shoulder_pitch,0.335185,0.647195,0.179841,1.000000,0.285185,1.484000,1.484000,-0.872665,3.084444,-0.050000,1,1.148815,Cruise,traj_vel,-0.400000,0.813189,0.150000,0.702822,1.666011,0.624408,1.000000,8.000,2.000,0,0
58,290,right_shoulder_pitch,0.347074,0.743020,0.184841,1.000000,0.297074,1.484000,1.484000,-0.872665,3.084444,-0.050000,1,1.136926,Cruise,traj_vel,-0.400000,0.840885,0.150000,0.655606,1.646492,1.063875,1.000000,8.000,2.000,0,0
59,295,right_shoulder_pitch,0.357812,0.671164,0.189841,1.000000,0.307812,1.484000,1.484000,-0.872665,3.084444,-0.050000,1,1.126188,Cruise,traj_vel,-0.400000,0.865800,0.150000,0.656123,1.671923,1.585743,1.000000,8.000,2.000,0,0
60,300,right_shoulder_pitch,0.367400,0.599190,0.194841,1.000000,0.317400,1.484000,1.484000,-0.872665,3.084444,-0.050000,1,1.116600,Cruise,traj_vel,-0.400000,0.887960,0.150000,0.692497,1.730457,0.759909,1.000000,8.000,2.000,0,0
61,305,right_shoulder_pitch,0.378904,0.716484,0.199841,1.000000,0.328904,1.484000,1.484000,-0.872665,3.084444,-0.050000,1,1.105096,Cruise,traj_vel,-0.400000,0.914444,0.150000,0.661131,1.725575,1.093172,1.000000,8.000,2.000,0,0
62,310,right_shoulder_pitch,0.390410,0.720393,0.204841,1.000000,0.340410,1.484000,1.484000,-0.872665,3.084444,-0.050000,1,1.093590,Cruise,traj_vel,-0.400000,0.940809,0.150000,0.635651,1.726460,1.647999,1.000000,8.000,2.000,0,0
63,315,right_shoulder_pitch,0.399231,0.441335,0.209841,1.000000,0.349231,1.484000,1.484000,-0.872665,3.084444,-0.050000,1,1.084769,Cruise,traj_vel,-0.400000,0.960936,0.150000,0.756071,1.867008,1.045564,1.000000,8.000,2.000,0,0
64,320,right_shoulder_pitch,0.413421,0.886578,0.214841,1.000000,0.363421,1.484000,1.484000,-0.872665,3.084444,-0.050000,1,1.070579,Cruise,traj_vel,-0.400000,0.993160,0.150000,0.623764,1.766924,1.199377,1.000000,8.000,2.000,0,0
65,325,right_shoulder_pitch,0.424158,0.537421,0.219841,1.000000,0.374158,1.484000,1.484000,-0.872665,3.084444,-0.050000,1,1.059842,Cruise,traj_vel,-0.400000,1.017411,0.150000,0.699113,1.866523,1.690114,1.000000,8.000,2.000,0,0
66,330,right_shoulder_pitch,0.435281,0.695170,0.224841,1.000000,0.385281,1.484000,1.484000,-0.872665,3.084444,-0.050000,1,1.048719,Cruise,traj_vel,-0.400000,1.042406,0.150000,0.676750,1.869156,1.007112,1.000000,8.000,2.000,0,0
67,335,right_shoulder_pitch,0.446785,0.575171,0.229841,1.000000,0.396785,1.484000,1.484000,-0.872665,3.084444,-0.050000,1,1.037215,Cruise,traj_vel,-0.400000,1.068126,0.150000,0.719977,1.938102,1.023592,1.000000,8.000,2.000,0,0
68,340,right_shoulder_pitch,0.460208,0.839007,0.234841,1.000000,0.410208,1.484000,1.484000,-0.872665,3.084444,-0.050000,1,1.023792,Cruise,traj_vel,-0.400000,1.097955,0.150000,0.620479,1.868434,1.823788,1.000000,8.000,2.000,0,0
69,345,right_shoulder_pitch,0.469029,0.551291,0.239841,1.000000,0.419029,1.484000,1.484000,-0.872665,3.084444,-0.050000,1,1.014971,Cruise,traj_vel,-0.400000,1.117448,0.150000,0.689714,1.957162,1.301919,1.000000,8.000,2.000,0,0
70,350,right_shoulder_pitch,0.479384,0.647204,0.244841,1.000000,0.429384,1.484000,1.484000,-0.872665,3.084444,-0.050000,1,1.004616,Cruise,traj_vel,-0.400000,1.140223,0.150000,0.693684,1.983906,0.798365,1.000000,8.000,2.000,0,0
71,355,right_shoulder_pitch,0.490505,0.694398,0.249841,1.000000,0.440505,1.484000,1.484000,-0.872665,3.084444,-0.050000,1,0.993495,Cruise,traj_vel,-0.400000,1.164546,0.150000,0.673064,1.987609,1.818295,1.000000,8.000,2.000,0,0
72,360,right_shoulder_pitch,0.499709,0.575724,0.254841,1.000000,0.449709,1.484000,1.484000,-0.872665,3.084444,-0.050000,1,0.984291,Cruise,traj_vel,-0.400000,1.184567,0.150000,0.716936,2.051503,1.571091,1.000000,8.000,2.000,0,0
73,365,right_shoulder_pitch,0.509297,0.599317,0.259841,1.000000,0.459297,1.484000,1.484000,-0.872665,3.084444,-0.050000,1,0.974703,Cruise,traj_vel,-0.400000,1.205316,0.150000,0.738043,2.093360,0.921049,1.000000,8.000,2.000,0,0
74,370,right_shoulder_pitch,0.520802,0.719049,0.264841,1.000000,0.470802,1.484000,1.484000,-0.872665,3.084444,-0.050000,1,0.963198,Cruise,traj_vel,-0.400000,1.230068,0.150000,0.694008,2.074076,1.503342,1.000000,8.000,2.000,0,0
75,375,right_shoulder_pitch,0.530774,0.623215,0.269841,1.000000,0.480774,1.484000,1.484000,-0.872665,3.084444,-0.050000,1,0.953226,Cruise,traj_vel,-0.400000,1.251389,0.150000,0.708899,2.110288,2.197334,1.000000,8.000,2.000,0,0
76,380,right_shoulder_pitch,0.539594,0.551286,0.274841,1.000000,0.489594,1.484000,1.484000,-0.872665,3.084444,-0.050000,1,0.944406,Cruise,traj_vel,-0.400000,1.270145,0.150000,0.756031,2.176176,1.116979,1.000000,8.000,2.000,0,0
77,385,right_shoulder_pitch,0.550716,0.695085,0.279841,1.000000,0.500716,1.484000,1.484000,-0.872665,3.084444,-0.050000,1,0.933284,Cruise,traj_vel,-0.400000,1.293653,0.150000,0.719481,2.163134,1.373334,1.000000,8.000,2.000,0,0
78,390,right_shoulder_pitch,0.562221,0.719109,0.284841,1.000000,0.512221,1.484000,1.484000,-0.872665,3.084444,-0.050000,1,0.921779,Cruise,traj_vel,-0.400000,1.317805,0.150000,0.680056,2.147861,2.017883,1.000000,8.000,2.000,0,0
79,395,right_shoulder_pitch,0.570658,0.527313,0.289841,1.000000,0.520658,1.484000,1.484000,-0.872665,3.084444,-0.050000,1,0.913342,Cruise,traj_vel,-0.400000,1.335405,0.150000,0.746386,2.231790,1.750542,1.000000,8.000,2.000,0,0
80,400,right_shoulder_pitch,0.581397,0.671162,0.294841,1.000000,0.531397,1.484000,1.484000,-0.872665,3.084444,-0.050000,1,0.902603,Cruise,traj_vel,-0.400000,1.357668,0.150000,0.724208,2.231876,0.957670,1.000000,8.000,2.000,0,0
81,405,right_shoulder_pitch,0.593285,0.742991,0.299841,1.000000,0.543285,1.484000,1.484000,-0.872665,3.084444,-0.050000,1,0.890715,Cruise,traj_vel,-0.400000,1.382132,0.150000,0.671661,2.203793,1.933655,1.000000,8.000,2.000,0,0
82,410,right_shoulder_pitch,0.603640,0.647106,0.304841,1.000000,0.553640,1.484000,1.484000,-0.872665,3.084444,-0.050000,1,0.880360,Cruise,traj_vel,-0.400000,1.403282,0.150000,0.680193,2.233475,2.028869,1.000000,8.000,2.000,0,0
83,415,right_shoulder_pitch,0.613228,0.599098,0.309841,1.000000,0.563228,1.484000,1.484000,-0.872665,3.084444,-0.050000,1,0.870772,Cruise,traj_vel,-0.400000,1.422730,0.150000,0.710595,2.283325,1.107820,1.000000,8.000,2.000,0,0
84,420,right_shoulder_pitch,0.625499,0.766999,0.314841,1.000000,0.575499,1.484000,1.484000,-0.872665,3.084444,-0.050000,1,0.858501,Cruise,traj_vel,-0.400000,1.447432,0.150000,0.649447,2.246879,1.783501,1.000000,8.000,2.000,0,0
85,425,right_shoulder_pitch,0.636622,0.695378,0.319841,1.000000,0.586622,1.484000,1.484000,-0.872665,3.084444,-0.050000,1,0.847378,Cruise,traj_vel,-0.400000,1.469631,0.150000,0.639396,2.259028,2.065494,1.000000,8.000,2.000,0,0
86,430,right_shoulder_pitch,0.646209,0.599207,0.324841,1.000000,0.596209,1.484000,1.484000,-0.872665,3.084444,-0.050000,1,0.837791,Cruise,traj_vel,-0.400000,1.488622,0.150000,0.679944,2.318565,1.376996,1.000000,8.000,2.000,0,0
87,435,right_shoulder_pitch,0.658481,0.767038,0.329841,1.000000,0.608481,1.484000,1.484000,-0.872665,3.084444,-0.050000,1,0.825519,Cruise,traj_vel,-0.400000,1.512731,0.150000,0.626439,2.289170,1.539963,1.000000,8.000,2.000,0,0
88,440,right_shoulder_pitch,0.669986,0.719035,0.334841,1.000000,0.619986,1.484000,1.484000,-0.872665,3.084444,-0.050000,1,0.814014,Cruise,traj_vel,-0.400000,1.535125,0.150000,0.610312,2.295437,2.351146,1.000000,8.000,2.000,0,0
89,445,right_shoulder_pitch,0.679958,0.623140,0.339841,1.000000,0.629958,1.484000,1.484000,-0.872665,3.084444,-0.050000,1,0.804042,Cruise,traj_vel,-0.400000,1.554371,0.150000,0.646164,2.350535,1.528977,1.000000,8.000,2.000,0,0
90,450,right_shoulder_pitch,0.691846,0.743117,0.344841,1.000000,0.641846,1.484000,1.484000,-0.872665,3.084444,-0.050000,1,0.792154,Cruise,traj_vel,-0.400000,1.577114,0.150000,0.613064,2.340178,1.510667,1.000000,8.000,2.000,0,0
91,455,right_shoulder_pitch,0.703735,0.743106,0.349841,1.000000,0.653735,1.484000,1.484000,-0.872665,3.084444,-0.050000,1,0.780265,Cruise,traj_vel,-0.400000,1.599635,0.150000,0.588245,2.337881,2.461013,1.000000,8.000,2.000,0,0
92,460,right_shoulder_pitch,0.713323,0.599199,0.354841,1.000000,0.663323,1.484000,1.484000,-0.872665,3.084444,-0.050000,1,0.770677,Cruise,traj_vel,-0.400000,1.617632,0.150000,0.641584,2.409216,1.534470,1.000000,8.000,2.000,0,0
93,465,right_shoulder_pitch,0.725595,0.767051,0.359841,1.000000,0.675595,1.484000,1.484000,-0.872665,3.084444,-0.050000,1,0.758405,Cruise,traj_vel,-0.400000,1.640452,0.150000,0.597663,2.388115,1.585743,1.000000,8.000,2.000,0,0
94,470,right_shoulder_pitch,0.737484,0.743016,0.364841,1.000000,0.687484,1.484000,1.484000,-0.872665,3.084444,-0.050000,1,0.746516,Cruise,traj_vel,-0.400000,1.662322,0.150000,0.576739,2.389061,2.371287,1.000000,8.000,2.000,0,0
95,475,right_shoulder_pitch,0.747455,0.623187,0.369841,1.000000,0.697455,1.484000,1.484000,-0.872665,3.084444,-0.050000,1,0.736545,Cruise,traj_vel,-0.400000,1.680483,0.150000,0.620961,2.451444,1.843929,1.000000,8.000,2.000,0,0
96,480,right_shoulder_pitch,0.758960,0.719102,0.374841,1.000000,0.708960,1.484000,1.484000,-0.872665,3.084444,-0.050000,1,0.725040,Cruise,traj_vel,-0.400000,1.701232,0.150000,0.606170,2.457402,1.485032,1.000000,8.000,2.000,0,0
97,485,right_shoulder_pitch,0.770465,0.719042,0.379841,1.000000,0.720465,1.484000,1.484000,-0.872665,3.084444,-0.050000,1,0.713535,Cruise,traj_vel,-0.400000,1.721755,0.150000,0.595107,2.466862,2.168037,1.000000,8.000,2.000,0,0
98,490,right_shoulder_pitch,0.780053,0.599265,0.384841,1.000000,0.730053,1.484000,1.484000,-0.872665,3.084444,-0.050000,1,0.703947,Cruise,traj_vel,-0.400000,1.738685,0.150000,0.646697,2.535382,2.127750,1.000000,8.000,2.000,0,0
99,495,right_shoulder_pitch,0.790791,0.671118,0.389841,1.000000,0.740791,1.484000,1.484000,-0.872665,3.084444,-0.050000,1,0.693209,Cruise,traj_vel,-0.400000,1.757454,0.150000,0.649464,2.556919,1.116979,1.000000,8.000,2.000,0,0
100,500,right_shoulder_pitch,0.803064,0.767024,0.394841,1.000000,0.753064,1.484000,1.484000,-0.872665,3.084444,-0.050000,1,0.680936,Cruise,traj_vel,-0.400000,1.778659,0.150000,0.603586,2.532245,2.429885,1.000000,8.000,2.000,0,0
101,505,right_shoulder_pitch,0.813035,0.623191,0.399841,1.000000,0.763035,1.484000,1.484000,-0.872665,3.084444,-0.050000,1,0.670965,Cruise,traj_vel,-0.400000,1.795689,0.150000,0.641094,2.586783,2.393260,1.000000,8.000,2.000,0,0
102,510,right_shoulder_pitch,0.823390,0.647160,0.404841,1.000000,0.773390,1.484000,1.484000,-0.872665,3.084444,-0.050000,1,0.660610,Cruise,traj_vel,-0.400000,1.813187,0.150000,0.657240,2.620427,1.402631,1.000000,8.000,2.000,0,0
103,515,right_shoulder_pitch,0.836045,0.790806,0.409841,1.000000,0.786045,1.484000,1.484000,-0.872665,3.084444,-0.050000,1,0.647955,Cruise,traj_vel,-0.400000,1.834307,0.150000,0.597527,2.581834,2.257758,1.000000,8.000,2.000,0,0
104,520,right_shoulder_pitch,0.846399,0.647271,0.414841,1.000000,0.796399,1.484000,1.484000,-0.872665,3.084444,-0.050000,1,0.637601,Cruise,traj_vel,-0.400000,1.851369,0.150000,0.624510,2.625879,2.365794,1.000000,8.000,2.000,0,0
105,525,right_shoulder_pitch,0.856371,0.623223,0.419841,1.000000,0.806371,1.484000,1.484000,-0.872665,3.084444,-0.050000,1,0.627629,Cruise,traj_vel,-0.400000,1.867612,0.150000,0.656771,2.674383,1.527146,1.000000,8.000,2.000,0,0
106,530,right_shoulder_pitch,0.868643,0.767007,0.424841,1.000000,0.818643,1.484000,1.484000,-0.872665,3.084444,-0.050000,1,0.615357,Cruise,traj_vel,-0.400000,1.887348,0.150000,0.609075,2.646422,1.939148,1.000000,8.000,2.000,0,0
107,535,right_shoulder_pitch,0.879765,0.695151,0.429841,1.000000,0.829765,1.484000,1.484000,-0.872665,3.084444,-0.050000,1,0.604235,Cruise,traj_vel,-0.400000,1.904989,0.150000,0.609231,2.664219,2.675253,1.000000,8.000,2.000,0,0
108,540,right_shoulder_pitch,0.889352,0.599198,0.434841,1.000000,0.839352,1.484000,1.484000,-0.872665,3.084444,-0.050000,1,0.594648,Cruise,traj_vel,-0.400000,1.920006,0.150000,0.657324,2.727330,1.697438,1.000000,8.000,2.000,0,0
109,545,right_shoulder_pitch,0.901625,0.767059,0.439841,1.000000,0.851625,1.484000,1.484000,-0.872665,3.084444,-0.050000,1,0.582375,Cruise,traj_vel,-0.400000,1.938973,0.150000,0.609463,2.698436,2.085636,1.000000,8.000,2.000,0,0
110,550,right_shoulder_pitch,0.913130,0.719054,0.444841,1.000000,0.863130,1.484000,1.484000,-0.872665,3.084444,-0.050000,1,0.570870,Cruise,traj_vel,-0.400000,1.956487,0.150000,0.597570,2.704058,2.711874,1.000000,8.000,2.000,0,0
111,555,right_shoulder_pitch,0.922718,0.599263,0.449841,1.000000,0.872718,1.484000,1.484000,-0.872665,3.084444,-0.050000,1,0.561282,Cruise,traj_vel,-0.400000,1.970886,0.150000,0.648546,2.769432,1.867733,1.000000,8.000,2.000,0,0
112,560,right_shoulder_pitch,0.934990,0.766993,0.454841,1.000000,0.884990,1.484000,1.484000,-0.872665,3.084444,-0.050000,1,0.549010,Cruise,traj_vel,-0.400000,1.989050,0.150000,0.602913,2.741963,1.926327,1.000000,8.000,2.000,0,0
113,565,right_shoulder_pitch,0.946879,0.743066,0.459841,1.000000,0.896879,1.484000,1.484000,-0.872665,3.084444,-0.050000,1,0.537121,Cruise,traj_vel,-0.400000,2.006363,0.150000,0.580652,2.737014,2.693564,1.000000,8.000,2.000,0,0
114,570,right_shoulder_pitch,0.956466,0.598962,0.464841,1.000000,0.906466,1.484000,1.484000,-0.872665,3.084444,-0.050000,1,0.527534,Cruise,traj_vel,-0.400000,2.020117,0.150000,0.636008,2.806125,2.157047,1.000000,8.000,2.000,0,0
115,575,right_shoulder_pitch,0.968355,0.743315,0.469841,1.000000,0.918355,1.484000,1.484000,-0.872665,3.084444,-0.050000,1,0.515645,Cruise,traj_vel,-0.400000,2.036914,0.150000,0.605349,2.792263,1.724907,1.000000,8.000,2.000,0,0
116,580,right_shoulder_pitch,0.980244,0.743076,0.474841,1.000000,0.930244,1.484000,1.484000,-0.872665,3.084444,-0.050000,1,0.503756,Cruise,traj_vel,-0.400000,2.053425,0.150000,0.582474,2.785898,2.653280,1.000000,8.000,2.000,0,0
117,585,right_shoulder_pitch,0.990598,0.647151,0.479841,1.000000,0.940598,1.484000,1.484000,-0.872665,3.084444,-0.050000,1,0.493402,Cruise,traj_vel,-0.400000,2.067567,0.150000,0.613280,2.830847,2.287059,1.000000,8.000,2.000,0,0
118,590,right_shoulder_pitch,1.001720,0.695136,0.484841,1.000000,0.951720,1.484000,1.484000,-0.872665,3.084444,-0.050000,1,0.482280,Cruise,traj_vel,-0.400000,2.082512,0.150000,0.612392,2.844904,1.651661,1.000000,8.000,2.000,0,0
119,595,right_shoulder_pitch,1.013992,0.766990,0.489841,1.000000,0.963992,1.484000,1.484000,-0.872665,3.084444,-0.050000,1,0.470008,Cruise,traj_vel,-0.400000,2.098702,0.150000,0.575799,2.824501,2.722861,1.000000,8.000,2.000,0,0
120,600,right_shoulder_pitch,1.024347,0.647187,0.494841,1.000000,0.974347,1.484000,1.484000,-0.872665,3.084444,-0.050000,1,0.459653,Cruise,traj_vel,-0.400000,2.112118,0.150000,0.608256,2.870374,2.320018,1.000000,8.000,2.000,0,0
121,605,right_shoulder_pitch,1.035469,0.695099,0.499841,1.000000,0.985469,1.484000,1.484000,-0.872665,3.084444,-0.050000,1,0.448531,Cruise,traj_vel,-0.400000,2.126274,0.150000,0.608642,2.884916,1.812798,1.000000,8.000,2.000,0,0
122,610,right_shoulder_pitch,1.047741,0.765262,0.504841,1.000000,0.997741,1.484000,1.484000,-0.872665,3.084444,-0.050000,1,0.436259,Cruise,traj_vel,-0.400000,2.141590,0.150000,0.573851,2.865441,2.625811,1.000000,8.000,2.000,0,0
123,615,right_shoulder_pitch,1.057712,0.623404,0.509841,1.000000,1.007712,1.484000,1.484000,-0.872665,3.084444,-0.050000,1,0.426288,Cruise,traj_vel,-0.400000,2.153797,0.150000,0.618686,2.922483,2.634966,1.000000,8.000,2.000,0,0
124,620,right_shoulder_pitch,1.069218,0.718805,0.514841,1.000000,1.019218,1.484000,1.484000,-0.872665,3.084444,-0.050000,1,0.414782,Cruise,traj_vel,-0.400000,2.167616,0.150000,0.604612,2.922228,1.721245,1.000000,8.000,2.000,0,0
125,625,right_shoulder_pitch,1.081489,0.767926,0.519841,1.000000,1.031489,1.484000,1.484000,-0.872665,3.084444,-0.050000,1,0.402511,Cruise,traj_vel,-0.400000,2.182039,0.150000,0.569496,2.901535,2.556231,1.000000,8.000,2.000,0,0
126,630,right_shoulder_pitch,1.091844,0.647886,0.524841,1.000000,1.041844,1.484000,1.484000,-0.872665,3.084444,-0.050000,1,0.392156,Cruise,traj_vel,-0.400000,2.193953,0.150000,0.603179,2.947131,2.748495,1.000000,8.000,2.000,0,0
127,635,right_shoulder_pitch,1.102582,0.671079,0.529841,1.000000,1.052582,1.484000,1.484000,-0.872665,3.084444,-0.050000,1,0.381418,Cruise,traj_vel,-0.400000,2.206060,0.150000,0.616845,2.972905,1.604054,1.000000,8.000,2.000,0,0
128,640,right_shoulder_pitch,1.115238,0.790890,0.534841,1.000000,1.065238,1.484000,1.484000,-0.872665,3.084444,-0.050000,1,0.368762,Cruise,traj_vel,-0.400000,2.220002,0.150000,0.567189,2.937190,2.706381,1.000000,8.000,2.000,0,0
129,645,right_shoulder_pitch,1.125976,0.671342,0.539841,1.000000,1.075976,1.484000,1.484000,-0.872665,3.084444,-0.050000,1,0.358024,Cruise,traj_vel,-0.400000,2.231554,0.150000,0.589720,2.971274,2.845545,1.000000,8.000,2.000,0,0
130,650,right_shoulder_pitch,1.135947,0.623040,0.544841,1.000000,1.085947,1.484000,1.484000,-0.872665,3.084444,-0.050000,1,0.348053,Cruise,traj_vel,-0.400000,2.242049,0.150000,0.630770,3.022819,1.756035,1.000000,8.000,2.000,0,0
131,655,right_shoulder_pitch,1.149370,0.839032,0.549841,1.000000,1.099370,1.484000,1.484000,-0.872665,3.084444,-0.050000,1,0.334630,Cruise,traj_vel,-0.400000,2.255826,0.150000,0.553562,2.959387,2.550738,1.000000,8.000,2.000,0,0
132,660,right_shoulder_pitch,1.160492,0.695128,0.554841,1.000000,1.110492,1.484000,1.484000,-0.872665,3.084444,-0.050000,1,0.323508,Cruise,traj_vel,-0.400000,2.266932,0.150000,0.567607,2.984540,2.794275,1.000000,8.000,2.000,0,0
133,665,right_shoulder_pitch,1.170847,0.647215,0.559841,1.000000,1.120847,1.484000,1.484000,-0.872665,3.084444,-0.050000,1,0.313153,Cruise,traj_vel,-0.400000,2.277022,0.150000,0.602098,3.029120,1.992248,1.000000,8.000,2.000,0,0
134,670,right_shoulder_pitch,1.183886,0.814926,0.564841,1.000000,1.133886,1.484000,1.484000,-0.872665,3.084444,-0.050000,1,0.300114,Cruise,traj_vel,-0.400000,2.289379,0.150000,0.544111,2.983489,2.481154,1.000000,8.000,2.000,0,0
135,675,right_shoulder_pitch,1.194624,0.671134,0.569841,1.000000,1.144624,1.484000,1.484000,-0.872665,3.084444,-0.050000,1,0.289376,Cruise,traj_vel,-0.400000,2.299264,0.150000,0.572516,3.021780,2.905973,1.000000,8.000,2.000,0,0
136,680,right_shoulder_pitch,1.205362,0.671068,0.574841,1.000000,1.155362,1.484000,1.484000,-0.872665,3.084444,-0.050000,1,0.278638,Cruise,traj_vel,-0.400000,2.308883,0.150000,0.593853,3.052735,1.977600,1.000000,8.000,2.000,0,0
137,685,right_shoulder_pitch,1.218018,0.790915,0.579841,1.000000,1.168018,1.484000,1.484000,-0.872665,3.084444,-0.050000,1,0.265982,Cruise,traj_vel,-0.400000,2.319878,0.150000,0.549932,3.019810,2.318187,1.000000,8.000,2.000,0,0
138,690,right_shoulder_pitch,1.229523,0.718873,0.584841,1.000000,1.179523,1.484000,1.484000,-0.872665,3.084444,-0.050000,1,0.254477,Cruise,traj_vel,-0.400000,2.329551,0.150000,0.553012,3.032563,3.037813,1.000000,8.000,2.000,0,0
139,695,right_shoulder_pitch,1.240645,0.695289,0.589841,1.000000,1.190645,1.484000,1.484000,-0.872665,3.084444,-0.050000,1,0.243355,Cruise,traj_vel,-0.400000,2.338609,0.150000,0.567115,3.055724,1.900692,1.000000,8.000,2.000,0,0
140,700,right_shoulder_pitch,1.253301,0.790891,0.594841,1.000000,1.203301,1.484000,1.484000,-0.872665,3.084444,-0.050000,1,0.230699,Cruise,traj_vel,-0.400000,2.348564,0.150000,0.529890,3.028454,2.490309,1.000000,8.000,2.000,0,0
141,705,right_shoulder_pitch,1.264806,0.718894,0.599841,1.000000,1.214806,1.484000,1.484000,-0.872665,3.084444,-0.050000,1,0.219194,Cruise,traj_vel,-0.400000,2.357288,0.150000,0.537971,3.045259,3.039644,1.000000,8.000,2.000,0,0
142,710,right_shoulder_pitch,1.275544,0.671323,0.604841,1.000000,1.225544,1.484000,1.484000,-0.872665,3.084444,-0.050000,1,0.208456,Cruise,traj_vel,-0.400000,2.365148,0.150000,0.567817,3.082965,1.794487,1.000000,8.000,2.000,0,0
143,715,right_shoulder_pitch,1.288584,0.814831,0.609841,1.000000,1.238584,1.484000,1.484000,-0.872665,3.084444,-0.050000,1,0.195416,Cruise,traj_vel,-0.400000,2.374327,0.150000,0.518447,3.042774,2.514113,1.000000,8.000,2.000,0,0
144,720,right_shoulder_pitch,1.300472,0.743078,0.614841,1.000000,1.250472,1.484000,1.484000,-0.872665,3.084444,-0.050000,1,0.183528,Cruise,traj_vel,-0.400000,2.382343,0.150000,0.517296,3.049640,3.028657,1.000000,8.000,2.000,0,0
145,725,right_shoulder_pitch,1.310826,0.647176,0.619841,1.000000,1.260826,1.484000,1.484000,-0.872665,3.084444,-0.050000,1,0.173174,Cruise,traj_vel,-0.400000,2.389051,0.150000,0.564384,3.103435,1.968445,1.000000,8.000,2.000,0,0
146,730,right_shoulder_pitch,1.323866,0.814900,0.624841,1.000000,1.273866,1.484000,1.484000,-0.872665,3.084444,-0.050000,1,0.160134,Cruise,traj_vel,-0.400000,2.397134,0.150000,0.515838,3.062972,2.627642,1.000000,8.000,2.000,0,0
147,735,right_shoulder_pitch,1.335371,0.719105,0.629841,1.000000,1.285371,1.484000,1.484000,-0.872665,3.084444,-0.050000,1,0.148629,Cruise,traj_vel,-0.400000,2.403927,0.150000,0.527326,3.081253,2.869349,1.000000,8.000,2.000,0,0
148,740,right_shoulder_pitch,1.345726,0.647094,0.634841,1.000000,1.295726,1.484000,1.484000,-0.872665,3.084444,-0.050000,1,0.138274,Cruise,traj_vel,-0.400000,2.409769,0.150000,0.571947,3.131716,2.028869,1.000000,8.000,2.000,0,0
149,745,right_shoulder_pitch,1.358765,0.815066,0.639841,1.000000,1.308765,1.484000,1.484000,-0.872665,3.084444,-0.050000,1,0.125235,Cruise,traj_vel,-0.400000,2.416758,0.150000,0.521427,3.088185,2.583697,1.000000,8.000,2.000,0,0
150,750,right_shoulder_pitch,1.370270,0.719124,0.644841,1.000000,1.320270,1.484000,1.484000,-0.872665,3.084444,-0.050000,1,0.113730,Cruise,traj_vel,-0.400000,2.422584,0.150000,0.531509,3.104092,2.926115,1.000000,8.000,2.000,0,0
151,755,right_shoulder_pitch,1.381008,0.671067,0.649841,1.000000,1.331008,1.484000,1.484000,-0.872665,3.084444,-0.050000,1,0.102992,Cruise,traj_vel,-0.400000,2.427731,0.150000,0.563098,3.140829,2.060001,1.000000,8.000,2.000,0,0
152,760,right_shoulder_pitch,1.394431,0.838868,0.654841,1.000000,1.344431,1.484000,1.484000,-0.872665,3.084444,-0.050000,1,0.089569,Cruise,traj_vel,-0.400000,2.433772,0.150000,0.502890,3.086662,2.598345,1.000000,8.000,2.000,0,0
153,765,right_shoulder_pitch,1.405553,0.695095,0.659841,1.000000,1.355553,1.484000,1.484000,-0.872665,3.084444,-0.050000,1,0.078447,Cruise,traj_vel,-0.400000,2.438446,0.150000,0.529620,3.118065,3.096406,1.000000,8.000,2.000,0,0
154,770,right_shoulder_pitch,1.416675,0.695228,0.664841,1.000000,1.366675,1.484000,1.484000,-0.872665,3.084444,-0.050000,1,0.067325,Cruise,traj_vel,-0.400000,2.442817,0.150000,0.549601,3.142418,1.977600,1.000000,8.000,2.000,0,0
155,775,right_shoulder_pitch,1.430097,0.838959,0.665591,0.150000,1.380097,1.484000,1.484000,-0.872665,3.141593,-0.050000,1,0.053903,Cruise,traj_vel,-0.400000,2.447691,0.000000,-0.040000,2.407691,2.667929,0.150000,8.000,2.000,0,0
156,780,right_shoulder_pitch,1.441603,0.719040,0.666341,0.150000,1.391603,1.484000,1.484000,-0.872665,3.141593,-0.050000,1,0.042397,Cruise,traj_vel,-0.400000,2.451518,0.000000,-0.040000,2.411518,3.085420,0.150000,8.000,2.000,0,0
157,785,right_shoulder_pitch,1.451190,0.599229,0.667091,0.150000,1.401190,1.484000,1.484000,-0.872665,3.141593,-0.050000,1,0.032810,Cruise,traj_vel,-0.400000,2.454458,0.000000,-0.040000,2.414458,1.442914,0.150000,8.000,2.000,0,0
158,790,right_shoulder_pitch,1.462696,0.718933,0.667841,0.150000,1.412696,1.484000,1.484000,-0.872665,3.141593,-0.050000,1,0.021304,Cruise,traj_vel,-0.400000,2.457690,0.000000,-0.040000,2.417690,2.052677,0.150000,8.000,2.000,0,0
159,795,right_shoulder_pitch,1.471900,0.575195,0.668591,0.150000,1.421900,1.484000,1.484000,-0.872665,3.141593,-0.050000,1,0.012100,Cruise,traj_vel,-0.400000,2.460040,0.000000,-0.040000,2.420040,2.662436,0.150000,8.000,2.000,0,0
160,800,right_shoulder_pitch,1.478035,0.383627,0.669341,0.150000,1.428035,1.484000,1.484000,-0.872665,3.141593,-0.050000,1,0.005965,Cruise,traj_vel,-0.400000,2.461492,0.000000,-0.040000,2.421492,2.087467,0.150000,8.000,2.000,0,0
161,805,right_shoulder_pitch,1.484939,0.431397,1.484827,-0.022500,1.484827,1.484000,1.484000,-0.872665,3.141593,-0.000112,0,-0.000939,Accelerate,traj_vel,-0.000900,2.463014,-0.150000,-1.166361,1.146653,1.516160,-0.022500,8.000,2.000,0,0
162,810,right_shoulder_pitch,1.492226,0.455478,1.484602,-0.045000,1.484602,1.484000,1.484000,-0.872665,3.141593,-0.007624,0,-0.008226,Accelerate,traj_vel,-0.060991,2.464493,-0.150000,-1.158760,1.155733,2.356639,-0.045000,8.000,2.000,0,0
163,815,right_shoulder_pitch,1.495677,0.215681,1.484264,-0.067500,1.484264,1.484000,1.484000,-0.872665,3.141593,-0.011413,0,-0.011677,Accelerate,traj_vel,-0.091303,2.465148,-0.150000,-1.044411,1.270738,1.990417,-0.067500,8.000,2.000,0,0
164,820,right_shoulder_pitch,1.497211,0.095894,1.484039,-0.045000,1.484039,1.484000,1.484000,-0.872665,3.141593,-0.013172,0,-0.013211,Decelerate,traj_vel,-0.105375,2.465430,-0.150000,-0.820005,1.495425,1.290933,-0.045000,8.000,2.000,0,0
165,825,right_shoulder_pitch,1.498361,0.071904,1.484000,0.000000,1.484000,1.484000,1.484000,-0.872665,3.141593,-0.014361,0,-0.014361,Hold,settle,-0.114892,2.465637,-0.043084,0.000000,2.422553,1.430097,0.000000,8.000,2.000,0,0
166,830,right_shoulder_pitch,1.497978,-0.023963,1.484000,0.000000,1.484000,1.484000,1.484000,-0.872665,3.141593,-0.013978,0,-0.013978,Hold,settle,-0.111824,2.465569,-0.041934,0.000000,2.423635,1.702935,0.000000,8.000,2.000,0,0
167,835,right_shoulder_pitch,1.496827,-0.071920,1.484000,0.000000,1.484000,1.484000,1.484000,-0.872665,3.141593,-0.012827,0,-0.012827,Hold,settle,-0.102620,2.465360,-0.038482,0.000000,2.426878,2.298045,0.000000,8.000,2.000,0,0
168,840,right_shoulder_pitch,1.494910,-0.119828,1.484000,0.000000,1.484000,1.484000,1.484000,-0.872665,3.141593,-0.010910,0,-0.010910,Hold,settle,-0.087280,2.465005,-0.032730,0.000000,2.432275,2.433547,0.000000,8.000,2.000,0,0
169,845,right_shoulder_pitch,1.493376,-0.095885,1.484000,0.000000,1.484000,1.484000,1.484000,-0.872665,3.141593,-0.009376,0,-0.009376,Hold,settle,-0.075008,2.464715,-0.028128,0.000000,2.436587,2.109439,0.000000,8.000,2.000,0,0
170,850,right_shoulder_pitch,1.492993,-0.023970,1.484000,0.000000,1.484000,1.484000,1.484000,-0.872665,3.141593,-0.008993,0,-0.008993,Hold,settle,-0.071940,2.464641,-0.026978,0.000000,2.437664,2.169868,0.000000,8.000,2.000,0,0
171,855,right_shoulder_pitch,1.493376,0.023967,1.484000,0.000000,1.484000,1.484000,1.484000,-0.872665,3.141593,-0.009376,0,-0.009376,Hold,settle,-0.075008,2.464715,-0.028128,0.000000,2.436587,2.327342,0.000000,8.000,2.000,0,0
172,860,right_shoulder_pitch,1.494143,0.047937,1.484000,0.000000,1.484000,1.484000,1.484000,-0.872665,3.141593,-0.010143,0,-0.010143,Hold,settle,-0.081144,2.464861,-0.030429,0.000000,2.434432,2.287059,0.000000,8.000,2.000,0,0
173,865,right_shoulder_pitch,1.494910,0.047947,1.484000,0.000000,1.484000,1.484000,1.484000,-0.872665,3.141593,-0.010910,0,-0.010910,Hold,settle,-0.087280,2.465005,-0.032730,0.000000,2.432275,2.336497,0.000000,8.000,2.000,0,0
174,870,right_shoulder_pitch,1.496060,0.071889,1.484000,0.000000,1.484000,1.484000,1.484000,-0.872665,3.141593,-0.012060,0,-0.012060,Hold,settle,-0.096484,2.465219,-0.036181,0.000000,2.429038,2.373118,0.000000,8.000,2.000,0,0
175,875,right_shoulder_pitch,1.496444,0.023969,1.484000,0.000000,1.484000,1.484000,1.484000,-0.872665,3.141593,-0.012444,0,-0.012444,Hold,settle,-0.099552,2.465290,-0.037332,0.000000,2.427958,2.369456,0.000000,8.000,2.000,0,0
176,880,right_shoulder_pitch,1.496444,0.000000,1.484000,0.000000,1.484000,1.484000,1.484000,-0.872665,3.141593,-0.012444,0,-0.012444,Hold,settle,-0.099552,2.465290,-0.037332,0.000000,2.427958,2.417067,0.000000,8.000,2.000,0,0
177,885,right_shoulder_pitch,1.496444,0.000000,1.484000,0.000000,1.484000,1.484000,1.484000,-0.872665,3.141593,-0.012444,0,-0.012444,Hold,settle,-0.099552,2.465290,-0.037332,0.000000,2.427958,2.331004,0.000000,8.000,2.000,0,0
178,890,right_shoulder_pitch,1.496060,-0.023988,1.484000,0.000000,1.484000,1.484000,1.484000,-0.872665,3.141593,-0.012060,0,-0.012060,Hold,settle,-0.096484,2.465219,-0.036181,0.000000,2.429038,2.323680,0.000000,8.000,2.000,0,0
179,895,right_shoulder_pitch,1.496060,0.000000,1.484000,0.000000,1.484000,1.484000,1.484000,-0.872665,3.141593,-0.012060,0,-0.012060,Hold,settle,-0.096484,2.465219,-0.036181,0.000000,2.429038,2.329173,0.000000,8.000,2.000,0,0
180,900,right_shoulder_pitch,1.496060,0.000000,1.484000,0.000000,1.484000,1.484000,1.484000,-0.872665,3.141593,-0.012060,0,-0.012060,Hold,settle,-0.096484,2.465219,-0.036181,0.000000,2.429038,2.314525,0.000000,8.000,2.000,0,0
181,905,right_shoulder_pitch,1.496060,0.000000,1.484000,0.000000,1.484000,1.484000,1.484000,-0.872665,3.141593,-0.012060,0,-0.012060,Hold,settle,-0.096484,2.465219,-0.036181,0.000000,2.429038,2.327342,0.000000,8.000,2.000,0,0
182,910,right_shoulder_pitch,1.496060,0.000000,1.484000,0.000000,1.484000,1.484000,1.484000,-0.872665,3.141593,-0.012060,0,-0.012060,Hold,settle,-0.096484,2.465219,-0.036181,0.000000,2.429038,2.349315,0.000000,8.000,2.000,0,0
183,915,right_shoulder_pitch,1.496444,0.023978,1.484000,0.000000,1.484000,1.484000,1.484000,-0.872665,3.141593,-0.012444,0,-0.012444,Hold,settle,-0.099552,2.465290,-0.037332,0.000000,2.427958,2.325511,0.000000,8.000,2.000,0,0
184,920,right_shoulder_pitch,1.496444,0.000000,1.484000,0.000000,1.484000,1.484000,1.484000,-0.872665,3.141593,-0.012444,0,-0.012444,Hold,settle,-0.099552,2.465290,-0.037332,0.000000,2.427958,2.360301,0.000000,8.000,2.000,0,0
185,925,right_shoulder_pitch,1.496060,-0.023939,1.484000,0.000000,1.484000,1.484000,1.484000,-0.872665,3.141593,-0.012060,0,-0.012060,Hold,settle,-0.096484,2.465219,-0.036181,0.000000,2.429038,2.325511,0.000000,8.000,2.000,0,0
186,930,right_shoulder_pitch,1.496060,0.000000,1.484000,0.000000,1.484000,1.484000,1.484000,-0.872665,3.141593,-0.012060,0,-0.012060,Hold,settle,-0.096484,2.465219,-0.036181,0.000000,2.429038,2.341990,0.000000,8.000,2.000,0,0
187,935,right_shoulder_pitch,1.496060,0.000000,1.484000,0.000000,1.484000,1.484000,1.484000,-0.872665,3.141593,-0.012060,0,-0.012060,Hold,settle,-0.096484,2.465219,-0.036181,0.000000,2.429038,2.305369,0.000000,8.000,2.000,0,0
188,940,right_shoulder_pitch,1.496060,0.000000,1.484000,0.000000,1.484000,1.484000,1.484000,-0.872665,3.141593,-0.012060,0,-0.012060,Hold,settle,-0.096484,2.465219,-0.036181,0.000000,2.429038,2.327342,0.000000,8.000,2.000,0,0
189,945,right_shoulder_pitch,1.496060,0.000000,1.484000,0.000000,1.484000,1.484000,1.484000,-0.872665,3.141593,-0.012060,0,-0.012060,Hold,settle,-0.096484,2.465219,-0.036181,0.000000,2.429038,2.345653,0.000000,8.000,2.000,0,0
190,950,right_shoulder_pitch,1.496444,0.023969,1.484000,0.000000,1.484000,1.484000,1.484000,-0.872665,3.141593,-0.012444,0,-0.012444,Hold,settle,-0.099552,2.465290,-0.037332,0.000000,2.427958,2.320018,0.000000,8.000,2.000,0,0
191,955,right_shoulder_pitch,1.496444,0.000000,1.484000,0.000000,1.484000,1.484000,1.484000,-0.872665,3.141593,-0.012444,0,-0.012444,Hold,settle,-0.099552,2.465290,-0.037332,0.000000,2.427958,2.349315,0.000000,8.000,2.000,0,0
192,960,right_shoulder_pitch,1.496060,-0.023975,1.484000,0.000000,1.484000,1.484000,1.484000,-0.872665,3.141593,-0.012060,0,-0.012060,Hold,settle,-0.096484,2.465219,-0.036181,0.000000,2.429038,2.292552,0.000000,8.000,2.000,0,0
193,965,right_shoulder_pitch,1.496060,0.000000,1.484000,0.000000,1.484000,1.484000,1.484000,-0.872665,3.141593,-0.012060,0,-0.012060,Hold,settle,-0.096484,2.465219,-0.036181,0.000000,2.429038,2.320018,0.000000,8.000,2.000,0,0
194,970,right_shoulder_pitch,1.496060,0.000000,1.484000,0.000000,1.484000,1.484000,1.484000,-0.872665,3.141593,-0.012060,0,-0.012060,Hold,settle,-0.096484,2.465219,-0.036181,0.000000,2.429038,2.316356,0.000000,8.000,2.000,0,0
195,975,right_shoulder_pitch,1.496060,0.000000,1.484000,0.000000,1.484000,1.484000,1.484000,-0.872665,3.141593,-0.012060,0,-0.012060,Hold,settle,-0.096484,2.465219,-0.036181,0.000000,2.429038,2.345653,0.000000,8.000,2.000,0,0
196,980,right_shoulder_pitch,1.496444,0.023963,1.484000,0.000000,1.484000,1.484000,1.484000,-0.872665,3.141593,-0.012444,0,-0.012444,Hold,settle,-0.099552,2.465290,-0.037332,0.000000,2.427958,2.318187,0.000000,8.000,2.000,0,0
197,985,right_shoulder_pitch,1.496060,-0.023963,1.484000,0.000000,1.484000,1.484000,1.484000,-0.872665,3.141593,-0.012060,0,-0.012060,Hold,settle,-0.096484,2.465219,-0.036181,0.000000,2.429038,2.341990,0.000000,8.000,2.000,0,0
198,990,right_shoulder_pitch,1.496060,0.000000,1.484000,0.000000,1.484000,1.484000,1.484000,-0.872665,3.141593,-0.012060,0,-0.012060,Hold,settle,-0.096484,2.465219,-0.036181,0.000000,2.429038,2.332835,0.000000,8.000,2.000,0,0
199,995,right_shoulder_pitch,1.496444,0.023980,1.484000,0.000000,1.484000,1.484000,1.484000,-0.872665,3.141593,-0.012444,0,-0.012444,Hold,settle,-0.099552,2.465290,-0.037332,0.000000,2.427958,2.365794,0.000000,8.000,2.000,0,0
200,1000,right_shoulder_pitch,1.496060,-0.023964,1.484000,0.000000,1.484000,1.484000,1.484000,-0.872665,3.141593,-0.012060,0,-0.012060,Hold,settle,-0.096484,2.465219,-0.036181,0.000000,2.429038,2.336497,0.000000,8.000,2.000,0,0
201,1005,right_shoulder_pitch,1.496060,0.000000,1.484000,0.000000,1.484000,1.484000,1.484000,-0.872665,3.141593,-0.012060,0,-0.012060,Hold,settle,-0.096484,2.465219,-0.036181,0.000000,2.429038,2.318187,0.000000,8.000,2.000,0,0
202,1010,right_shoulder_pitch,1.496060,0.000000,1.484000,0.000000,1.484000,1.484000,1.484000,-0.872665,3.141593,-0.012060,0,-0.012060,Hold,settle,-0.096484,2.465219,-0.036181,0.000000,2.429038,2.356639,0.000000,8.000,2.000,0,0
203,1015,right_shoulder_pitch,1.496060,0.000000,1.484000,0.000000,1.484000,1.484000,1.484000,-0.872665,3.141593,-0.012060,0,-0.012060,Hold,settle,-0.096484,2.465219,-0.036181,0.000000,2.429038,2.320018,0.000000,8.000,2.000,0,0
204,1020,right_shoulder_pitch,1.496060,0.000000,1.484000,0.000000,1.484000,1.484000,1.484000,-0.872665,3.141593,-0.012060,0,-0.012060,Hold,settle,-0.096484,2.465219,-0.036181,0.000000,2.429038,2.345653,0.000000,8.000,2.000,0,0
205,1025,right_shoulder_pitch,1.496060,0.000000,1.484000,0.000000,1.484000,1.484000,1.484000,-0.872665,3.141593,-0.012060,0,-0.012060,Hold,settle,-0.096484,2.465219,-0.036181,0.000000,2.429038,2.389598,0.000000,8.000,2.000,0,0
206,1030,right_shoulder_pitch,1.496444,0.023967,1.484000,0.000000,1.484000,1.484000,1.484000,-0.872665,3.141593,-0.012444,0,-0.012444,Hold,settle,-0.099552,2.465290,-0.037332,0.000000,2.427958,2.376781,0.000000,8.000,2.000,0,0
207,1035,right_shoulder_pitch,1.496060,-0.023976,1.484000,0.000000,1.484000,1.484000,1.484000,-0.872665,3.141593,-0.012060,0,-0.012060,Hold,settle,-0.096484,2.465219,-0.036181,0.000000,2.429038,2.309031,0.000000,8.000,2.000,0,0
208,1040,right_shoulder_pitch,1.496060,0.000000,1.484000,0.000000,1.484000,1.484000,1.484000,-0.872665,3.141593,-0.012060,0,-0.012060,Hold,settle,-0.096484,2.465219,-0.036181,0.000000,2.429038,2.352977,0.000000,8.000,2.000,0,0
209,1045,right_shoulder_pitch,1.496060,0.000000,1.484000,0.000000,1.484000,1.484000,1.484000,-0.872665,3.141593,-0.012060,0,-0.012060,Hold,settle,-0.096484,2.465219,-0.036181,0.000000,2.429038,2.371287,0.000000,8.000,2.000,0,0
210,1050,right_shoulder_pitch,1.496444,0.023976,1.484000,0.000000,1.484000,1.484000,1.484000,-0.872665,3.141593,-0.012444,0,-0.012444,Hold,settle,-0.099552,2.465290,-0.037332,0.000000,2.427958,2.341990,0.000000,8.000,2.000,0,0
211,1055,right_shoulder_pitch,1.496060,-0.023957,1.484000,0.000000,1.484000,1.484000,1.484000,-0.872665,3.141593,-0.012060,0,-0.012060,Hold,settle,-0.096484,2.465219,-0.036181,0.000000,2.429038,2.356639,0.000000,8.000,2.000,0,0
212,1060,right_shoulder_pitch,1.496444,0.023979,1.484000,0.000000,1.484000,1.484000,1.484000,-0.872665,3.141593,-0.012444,0,-0.012444,Hold,settle,-0.099552,2.465290,-0.037332,0.000000,2.427958,2.336497,0.000000,8.000,2.000,0,0
213,1065,right_shoulder_pitch,1.496060,-0.023971,1.484000,0.000000,1.484000,1.484000,1.484000,-0.872665,3.141593,-0.012060,0,-0.012060,Hold,settle,-0.096484,2.465219,-0.036181,0.000000,2.429038,2.310863,0.000000,8.000,2.000,0,0
214,1070,right_shoulder_pitch,1.496060,0.000000,1.484000,0.000000,1.484000,1.484000,1.484000,-0.872665,3.141593,-0.012060,0,-0.012060,Hold,settle,-0.096484,2.465219,-0.036181,0.000000,2.429038,2.336497,0.000000,8.000,2.000,0,0
215,1075,right_shoulder_pitch,1.496060,0.000000,1.484000,0.000000,1.484000,1.484000,1.484000,-0.872665,3.141593,-0.012060,0,-0.012060,Hold,settle,-0.096484,2.465219,-0.036181,0.000000,2.429038,2.309031,0.000000,8.000,2.000,0,0
216,1080,right_shoulder_pitch,1.496060,0.000000,1.484000,0.000000,1.484000,1.484000,1.484000,-0.872665,3.141593,-0.012060,0,-0.012060,Hold,settle,-0.096484,2.465219,-0.036181,0.000000,2.429038,2.345653,0.000000,8.000,2.000,0,0
217,1085,right_shoulder_pitch,1.496060,0.000000,1.484000,0.000000,1.484000,1.484000,1.484000,-0.872665,3.141593,-0.012060,0,-0.012060,Hold,settle,-0.096484,2.465219,-0.036181,0.000000,2.429038,2.310863,0.000000,8.000,2.000,0,0
218,1090,right_shoulder_pitch,1.496444,0.023972,1.484000,0.000000,1.484000,1.484000,1.484000,-0.872665,3.141593,-0.012444,0,-0.012444,Hold,settle,-0.099552,2.465290,-0.037332,0.000000,2.427958,2.323680,0.000000,8.000,2.000,0,0
219,1095,right_shoulder_pitch,1.496060,-0.023964,1.484000,0.000000,1.484000,1.484000,1.484000,-0.872665,3.141593,-0.012060,0,-0.012060,Hold,settle,-0.096484,2.465219,-0.036181,0.000000,2.429038,2.336497,0.000000,8.000,2.000,0,0
220,1100,right_shoulder_pitch,1.496060,0.000000,1.484000,0.000000,1.484000,1.484000,1.484000,-0.872665,3.141593,-0.012060,0,-0.012060,Hold,settle,-0.096484,2.465219,-0.036181,0.000000,2.429038,2.358470,0.000000,8.000,2.000,0,0
221,1105,right_shoulder_pitch,1.496060,0.000000,1.484000,0.000000,1.484000,1.484000,1.484000,-0.872665,3.141593,-0.012060,0,-0.012060,Hold,settle,-0.096484,2.465219,-0.036181,0.000000,2.429038,2.318187,0.000000,8.000,2.000,0,0
222,1110,right_shoulder_pitch,1.496060,0.000000,1.484000,0.000000,1.484000,1.484000,1.484000,-0.872665,3.141593,-0.012060,0,-0.012060,Hold,settle,-0.096484,2.465219,-0.036181,0.000000,2.429038,2.296214,0.000000,8.000,2.000,0,0
223,1115,right_shoulder_pitch,1.496444,0.023971,1.484000,0.000000,1.484000,1.484000,1.484000,-0.872665,3.141593,-0.012444,0,-0.012444,Hold,settle,-0.099552,2.465290,-0.037332,0.000000,2.427958,2.312694,0.000000,8.000,2.000,0,0
224,1120,right_shoulder_pitch,1.496060,-0.023959,1.484000,0.000000,1.484000,1.484000,1.484000,-0.872665,3.141593,-0.012060,0,-0.012060,Hold,settle,-0.096484,2.465219,-0.036181,0.000000,2.429038,2.294383,0.000000,8.000,2.000,0,0
225,1125,right_shoulder_pitch,1.496060,0.000000,1.484000,0.000000,1.484000,1.484000,1.484000,-0.872665,3.141593,-0.012060,0,-0.012060,Hold,settle,-0.096484,2.465219,-0.036181,0.000000,2.429038,2.298045,0.000000,8.000,2.000,0,0
226,1130,right_shoulder_pitch,1.496060,0.000000,1.484000,0.000000,1.484000,1.484000,1.484000,-0.872665,3.141593,-0.012060,0,-0.012060,Hold,settle,-0.096484,2.465219,-0.036181,0.000000,2.429038,2.363963,0.000000,8.000,2.000,0,0
227,1135,right_shoulder_pitch,1.496060,0.000000,1.484000,0.000000,1.484000,1.484000,1.484000,-0.872665,3.141593,-0.012060,0,-0.012060,Hold,settle,-0.096484,2.465219,-0.036181,0.000000,2.429038,2.349315,0.000000,8.000,2.000,0,0
228,1140,right_shoulder_pitch,1.496444,0.023972,1.484000,0.000000,1.484000,1.484000,1.484000,-0.872665,3.141593,-0.012444,0,-0.012444,Hold,settle,-0.099552,2.465290,-0.037332,0.000000,2.427958,2.292552,0.000000,8.000,2.000,0,0
229,1145,right_shoulder_pitch,1.496060,-0.023960,1.484000,0.000000,1.484000,1.484000,1.484000,-0.872665,3.141593,-0.012060,0,-0.012060,Hold,settle,-0.096484,2.465219,-0.036181,0.000000,2.429038,2.358470,0.000000,8.000,2.000,0,0
230,1150,right_shoulder_pitch,1.496060,0.000000,1.484000,0.000000,1.484000,1.484000,1.484000,-0.872665,3.141593,-0.012060,0,-0.012060,Hold,settle,-0.096484,2.465219,-0.036181,0.000000,2.429038,2.332835,0.000000,8.000,2.000,0,0
231,1155,right_shoulder_pitch,1.496060,0.000000,1.484000,0.000000,1.484000,1.484000,1.484000,-0.872665,3.141593,-0.012060,0,-0.012060,Hold,settle,-0.096484,2.465219,-0.036181,0.000000,2.429038,2.316356,0.000000,8.000,2.000,0,0
232,1160,right_shoulder_pitch,1.496060,0.000000,1.484000,0.000000,1.484000,1.484000,1.484000,-0.872665,3.141593,-0.012060,0,-0.012060,Hold,settle,-0.096484,2.465219,-0.036181,0.000000,2.429038,2.334666,0.000000,8.000,2.000,0,0
233,1165,right_shoulder_pitch,1.496060,0.000000,1.484000,0.000000,1.484000,1.484000,1.484000,-0.872665,3.141593,-0.012060,0,-0.012060,Hold,settle,-0.096484,2.465219,-0.036181,0.000000,2.429038,2.360301,0.000000,8.000,2.000,0,0
234,1170,right_shoulder_pitch,1.496060,0.000000,1.484000,0.000000,1.484000,1.484000,1.484000,-0.872665,3.141593,-0.012060,0,-0.012060,Hold,settle,-0.096484,2.465219,-0.036181,0.000000,2.429038,2.312694,0.000000,8.000,2.000,0,0
235,1175,right_shoulder_pitch,1.496060,0.000000,1.484000,0.000000,1.484000,1.484000,1.484000,-0.872665,3.141593,-0.012060,0,-0.012060,Hold,settle,-0.096484,2.465219,-0.036181,0.000000,2.429038,2.389598,0.000000,8.000,2.000,0,0
236,1180,right_shoulder_pitch,1.496060,0.000000,1.484000,0.000000,1.484000,1.484000,1.484000,-0.872665,3.141593,-0.012060,0,-0.012060,Hold,settle,-0.096484,2.465219,-0.036181,0.000000,2.429038,2.327342,0.000000,8.000,2.000,0,0
237,1185,right_shoulder_pitch,1.496060,0.000000,1.484000,0.000000,1.484000,1.484000,1.484000,-0.872665,3.141593,-0.012060,0,-0.012060,Hold,settle,-0.096484,2.465219,-0.036181,0.000000,2.429038,2.371287,0.000000,8.000,2.000,0,0
238,1190,right_shoulder_pitch,1.496060,0.000000,1.484000,0.000000,1.484000,1.484000,1.484000,-0.872665,3.141593,-0.012060,0,-0.012060,Hold,settle,-0.096484,2.465219,-0.036181,0.000000,2.429038,2.314525,0.000000,8.000,2.000,0,0
239,1195,right_shoulder_pitch,1.496444,0.023959,1.484000,0.000000,1.484000,1.484000,1.484000,-0.872665,3.141593,-0.012444,0,-0.012444,Hold,settle,-0.099552,2.465290,-0.037332,0.000000,2.427958,2.323680,0.000000,8.000,2.000,0,0
240,1200,right_shoulder_pitch,1.496060,-0.023978,1.484000,0.000000,1.484000,1.484000,1.484000,-0.872665,3.141593,-0.012060,0,-0.012060,Hold,settle,-0.096484,2.465219,-0.036181,0.000000,2.429038,2.347484,0.000000,8.000,2.000,0,0
241,1205,right_shoulder_pitch,1.496060,0.000000,1.484000,0.000000,1.484000,1.484000,1.484000,-0.872665,3.141593,-0.012060,0,-0.012060,Hold,settle,-0.096484,2.465219,-0.036181,0.000000,2.429038,2.345653,0.000000,8.000,2.000,0,0
242,1210,right_shoulder_pitch,1.496060,0.000000,1.484000,0.000000,1.484000,1.484000,1.484000,-0.872665,3.141593,-0.012060,0,-0.012060,Hold,settle,-0.096484,2.465219,-0.036181,0.000000,2.429038,2.298045,0.000000,8.000,2.000,0,0
243,1215,right_shoulder_pitch,1.496060,0.000000,1.484000,0.000000,1.484000,1.484000,1.484000,-0.872665,3.141593,-0.012060,0,-0.012060,Hold,settle,-0.096484,2.465219,-0.036181,0.000000,2.429038,2.316356,0.000000,8.000,2.000,0,0
244,1220,right_shoulder_pitch,1.496444,0.023962,1.484000,0.000000,1.484000,1.484000,1.484000,-0.872665,3.141593,-0.012444,0,-0.012444,Hold,settle,-0.099552,2.465290,-0.037332,0.000000,2.427958,2.334666,0.000000,8.000,2.000,0,0
245,1225,right_shoulder_pitch,1.496060,-0.023976,1.484000,0.000000,1.484000,1.484000,1.484000,-0.872665,3.141593,-0.012060,0,-0.012060,Hold,settle,-0.096484,2.465219,-0.036181,0.000000,2.429038,2.312694,0.000000,8.000,2.000,0,0
246,1230,right_shoulder_pitch,1.496060,0.000000,1.484000,0.000000,1.484000,1.484000,1.484000,-0.872665,3.141593,-0.012060,0,-0.012060,Hold,settle,-0.096484,2.465219,-0.036181,0.000000,2.429038,2.345653,0.000000,8.000,2.000,0,0
247,1235,right_shoulder_pitch,1.496060,0.000000,1.484000,0.000000,1.484000,1.484000,1.484000,-0.872665,3.141593,-0.012060,0,-0.012060,Hold,settle,-0.096484,2.465219,-0.036181,0.000000,2.429038,2.314525,0.000000,8.000,2.000,0,0
248,1240,right_shoulder_pitch,1.496060,0.000000,1.484000,0.000000,1.484000,1.484000,1.484000,-0.872665,3.141593,-0.012060,0,-0.012060,Hold,settle,-0.096484,2.465219,-0.036181,0.000000,2.429038,2.316356,0.000000,8.000,2.000,0,0
249,1245,right_shoulder_pitch,1.496060,0.000000,1.484000,0.000000,1.484000,1.484000,1.484000,-0.872665,3.141593,-0.012060,0,-0.012060,Hold,settle,-0.096484,2.465219,-0.036181,0.000000,2.429038,2.367625,0.000000,8.000,2.000,0,0
250,1250,right_shoulder_pitch,1.496060,0.000000,1.484000,0.000000,1.484000,1.484000,1.484000,-0.872665,3.141593,-0.012060,0,-0.012060,Hold,settle,-0.096484,2.465219,-0.036181,0.000000,2.429038,2.305369,0.000000,8.000,2.000,0,0
251,1255,right_shoulder_pitch,1.496060,0.000000,1.484000,0.000000,1.484000,1.484000,1.484000,-0.872665,3.141593,-0.012060,0,-0.012060,Hold,settle,-0.096484,2.465219,-0.036181,0.000000,2.429038,2.325511,0.000000,8.000,2.000,0,0
252,1260,right_shoulder_pitch,1.496060,0.000000,1.484000,0.000000,1.484000,1.484000,1.484000,-0.872665,3.141593,-0.012060,0,-0.012060,Hold,settle,-0.096484,2.465219,-0.036181,0.000000,2.429038,2.331004,0.000000,8.000,2.000,0,0
253,1265,right_shoulder_pitch,1.496060,0.000000,1.484000,0.000000,1.484000,1.484000,1.484000,-0.872665,3.141593,-0.012060,0,-0.012060,Hold,settle,-0.096484,2.465219,-0.036181,0.000000,2.429038,2.336497,0.000000,8.000,2.000,0,0
254,1270,right_shoulder_pitch,1.496060,0.000000,1.484000,0.000000,1.484000,1.484000,1.484000,-0.872665,3.141593,-0.012060,0,-0.012060,Hold,settle,-0.096484,2.465219,-0.036181,0.000000,2.429038,2.338328,0.000000,8.000,2.000,0,0
255,1275,right_shoulder_pitch,1.496444,0.023979,1.484000,0.000000,1.484000,1.484000,1.484000,-0.872665,3.141593,-0.012444,0,-0.012444,Hold,settle,-0.099552,2.465290,-0.037332,0.000000,2.427958,2.334666,0.000000,8.000,2.000,0,0
256,1280,right_shoulder_pitch,1.496060,-0.023958,1.484000,0.000000,1.484000,1.484000,1.484000,-0.872665,3.141593,-0.012060,0,-0.012060,Hold,settle,-0.096484,2.465219,-0.036181,0.000000,2.429038,2.325511,0.000000,8.000,2.000,0,0
257,1285,right_shoulder_pitch,1.496060,0.000000,1.484000,0.000000,1.484000,1.484000,1.484000,-0.872665,3.141593,-0.012060,0,-0.012060,Hold,settle,-0.096484,2.465219,-0.036181,0.000000,2.429038,2.310863,0.000000,8.000,2.000,0,0
258,1290,right_shoulder_pitch,1.496060,0.000000,1.484000,0.000000,1.484000,1.484000,1.484000,-0.872665,3.141593,-0.012060,0,-0.012060,Hold,settle,-0.096484,2.465219,-0.036181,0.000000,2.429038,2.369456,0.000000,8.000,2.000,0,0
259,1295,right_shoulder_pitch,1.496060,0.000000,1.484000,0.000000,1.484000,1.484000,1.484000,-0.872665,3.141593,-0.012060,0,-0.012060,Hold,settle,-0.096484,2.465219,-0.036181,0.000000,2.429038,2.341990,0.000000,8.000,2.000,0,0
260,1300,right_shoulder_pitch,1.496444,0.023972,1.484000,0.000000,1.484000,1.484000,1.484000,-0.872665,3.141593,-0.012444,0,-0.012444,Hold,settle,-0.099552,2.465290,-0.037332,0.000000,2.427958,2.340159,0.000000,8.000,2.000,0,0
261,1305,right_shoulder_pitch,1.496060,-0.023960,1.484000,0.000000,1.484000,1.484000,1.484000,-0.872665,3.141593,-0.012060,0,-0.012060,Hold,settle,-0.096484,2.465219,-0.036181,0.000000,2.429038,2.352977,0.000000,8.000,2.000,0,0
262,1310,right_shoulder_pitch,1.496060,0.000000,1.484000,0.000000,1.484000,1.484000,1.484000,-0.872665,3.141593,-0.012060,0,-0.012060,Hold,settle,-0.096484,2.465219,-0.036181,0.000000,2.429038,2.363963,0.000000,8.000,2.000,0,0
263,1315,right_shoulder_pitch,1.496060,0.000000,1.484000,0.000000,1.484000,1.484000,1.484000,-0.872665,3.141593,-0.012060,0,-0.012060,Hold,settle,-0.096484,2.465219,-0.036181,0.000000,2.429038,2.309031,0.000000,8.000,2.000,0,0
264,1320,right_shoulder_pitch,1.496060,0.000000,1.484000,0.000000,1.484000,1.484000,1.484000,-0.872665,3.141593,-0.012060,0,-0.012060,Hold,settle,-0.096484,2.465219,-0.036181,0.000000,2.429038,2.341990,0.000000,8.000,2.000,0,0
265,1325,right_shoulder_pitch,1.496060,0.000000,1.484000,0.000000,1.484000,1.484000,1.484000,-0.872665,3.141593,-0.012060,0,-0.012060,Hold,settle,-0.096484,2.465219,-0.036181,0.000000,2.429038,2.318187,0.000000,8.000,2.000,0,0
266,1330,right_shoulder_pitch,1.496444,0.023960,1.484000,0.000000,1.484000,1.484000,1.484000,-0.872665,3.141593,-0.012444,0,-0.012444,Hold,settle,-0.099552,2.465290,-0.037332,0.000000,2.427958,2.310863,0.000000,8.000,2.000,0,0
267,1335,right_shoulder_pitch,1.496444,0.000000,1.484000,0.000000,1.484000,1.484000,1.484000,-0.872665,3.141593,-0.012444,0,-0.012444,Hold,settle,-0.099552,2.465290,-0.037332,0.000000,2.427958,2.343822,0.000000,8.000,2.000,0,0
268,1340,right_shoulder_pitch,1.496444,0.000000,1.484000,0.000000,1.484000,1.484000,1.484000,-0.872665,3.141593,-0.012444,0,-0.012444,Hold,settle,-0.099552,2.465290,-0.037332,0.000000,2.427958,2.360301,0.000000,8.000,2.000,0,0
269,1345,right_shoulder_pitch,1.496444,0.000000,1.484000,0.000000,1.484000,1.484000,1.484000,-0.872665,3.141593,-0.012444,0,-0.012444,Hold,settle,-0.099552,2.465290,-0.037332,0.000000,2.427958,2.351146,0.000000,8.000,2.000,0,0
270,1350,right_shoulder_pitch,1.496060,-0.023976,1.484000,0.000000,1.484000,1.484000,1.484000,-0.872665,3.141593,-0.012060,0,-0.012060,Hold,settle,-0.096484,2.465219,-0.036181,0.000000,2.429038,2.393260,0.000000,8.000,2.000,0,0
271,1355,right_shoulder_pitch,1.496060,0.000000,1.484000,0.000000,1.484000,1.484000,1.484000,-0.872665,3.141593,-0.012060,0,-0.012060,Hold,settle,-0.096484,2.465219,-0.036181,0.000000,2.429038,2.316356,0.000000,8.000,2.000,0,0
272,1360,right_shoulder_pitch,1.496060,0.000000,1.484000,0.000000,1.484000,1.484000,1.484000,-0.872665,3.141593,-0.012060,0,-0.012060,Hold,settle,-0.096484,2.465219,-0.036181,0.000000,2.429038,2.321849,0.000000,8.000,2.000,0,0
273,1365,right_shoulder_pitch,1.496444,0.023972,1.484000,0.000000,1.484000,1.484000,1.484000,-0.872665,3.141593,-0.012444,0,-0.012444,Hold,settle,-0.099552,2.465290,-0.037332,0.000000,2.427958,2.338328,0.000000,8.000,2.000,0,0
274,1370,right_shoulder_pitch,1.496060,-0.023958,1.484000,0.000000,1.484000,1.484000,1.484000,-0.872665,3.141593,-0.012060,0,-0.012060,Hold,settle,-0.096484,2.465219,-0.036181,0.000000,2.429038,2.365794,0.000000,8.000,2.000,0,0
275,1375,right_shoulder_pitch,1.496060,0.000000,1.484000,0.000000,1.484000,1.484000,1.484000,-0.872665,3.141593,-0.012060,0,-0.012060,Hold,settle,-0.096484,2.465219,-0.036181,0.000000,2.429038,2.332835,0.000000,8.000,2.000,0,0
276,1380,right_shoulder_pitch,1.496060,0.000000,1.484000,0.000000,1.484000,1.484000,1.484000,-0.872665,3.141593,-0.012060,0,-0.012060,Hold,settle,-0.096484,2.465219,-0.036181,0.000000,2.429038,2.329173,0.000000,8.000,2.000,0,0
277,1385,right_shoulder_pitch,1.496444,0.023974,1.484000,0.000000,1.484000,1.484000,1.484000,-0.872665,3.141593,-0.012444,0,-0.012444,Hold,settle,-0.099552,2.465290,-0.037332,0.000000,2.427958,2.329173,0.000000,8.000,2.000,0,0
278,1390,right_shoulder_pitch,1.496444,0.000000,1.484000,0.000000,1.484000,1.484000,1.484000,-0.872665,3.141593,-0.012444,0,-0.012444,Hold,settle,-0.099552,2.465290,-0.037332,0.000000,2.427958,2.362132,0.000000,8.000,2.000,0,0
279,1395,right_shoulder_pitch,1.496060,-0.023963,1.484000,0.000000,1.484000,1.484000,1.484000,-0.872665,3.141593,-0.012060,0,-0.012060,Hold,settle,-0.096484,2.465219,-0.036181,0.000000,2.429038,2.358470,0.000000,8.000,2.000,0,0
280,1400,right_shoulder_pitch,1.496444,0.023972,1.484000,0.000000,1.484000,1.484000,1.484000,-0.872665,3.141593,-0.012444,0,-0.012444,Hold,settle,-0.099552,2.465290,-0.037332,0.000000,2.427958,2.334666,0.000000,8.000,2.000,0,0
281,1405,right_shoulder_pitch,1.496060,-0.023961,1.484000,0.000000,1.484000,1.484000,1.484000,-0.872665,3.141593,-0.012060,0,-0.012060,Hold,settle,-0.096484,2.465219,-0.036181,0.000000,2.429038,2.332835,0.000000,8.000,2.000,0,0
282,1410,right_shoulder_pitch,1.496444,0.023974,1.484000,0.000000,1.484000,1.484000,1.484000,-0.872665,3.141593,-0.012444,0,-0.012444,Hold,settle,-0.099552,2.465290,-0.037332,0.000000,2.427958,2.345653,0.000000,8.000,2.000,0,0
283,1415,right_shoulder_pitch,1.496444,0.000000,1.484000,0.000000,1.484000,1.484000,1.484000,-0.872665,3.141593,-0.012444,0,-0.012444,Hold,settle,-0.099552,2.465290,-0.037332,0.000000,2.427958,2.343822,0.000000,8.000,2.000,0,0
284,1420,right_shoulder_pitch,1.496060,-0.023962,1.484000,0.000000,1.484000,1.484000,1.484000,-0.872665,3.141593,-0.012060,0,-0.012060,Hold,settle,-0.096484,2.465219,-0.036181,0.000000,2.429038,2.345653,0.000000,8.000,2.000,0,0
285,1425,right_shoulder_pitch,1.496060,0.000000,1.484000,0.000000,1.484000,1.484000,1.484000,-0.872665,3.141593,-0.012060,0,-0.012060,Hold,settle,-0.096484,2.465219,-0.036181,0.000000,2.429038,2.290721,0.000000,8.000,2.000,0,0
286,1430,right_shoulder_pitch,1.496444,0.023953,1.484000,0.000000,1.484000,1.484000,1.484000,-0.872665,3.141593,-0.012444,0,-0.012444,Hold,settle,-0.099552,2.465290,-0.037332,0.000000,2.427958,2.329173,0.000000,8.000,2.000,0,0
287,1435,right_shoulder_pitch,1.496444,0.000000,1.484000,0.000000,1.484000,1.484000,1.484000,-0.872665,3.141593,-0.012444,0,-0.012444,Hold,settle,-0.099552,2.465290,-0.037332,0.000000,2.427958,2.341990,0.000000,8.000,2.000,0,0
288,1440,right_shoulder_pitch,1.496060,-0.023972,1.484000,0.000000,1.484000,1.484000,1.484000,-0.872665,3.141593,-0.012060,0,-0.012060,Hold,settle,-0.096484,2.465219,-0.036181,0.000000,2.429038,2.285228,0.000000,8.000,2.000,0,0
289,1445,right_shoulder_pitch,1.496444,0.023962,1.484000,0.000000,1.484000,1.484000,1.484000,-0.872665,3.141593,-0.012444,0,-0.012444,Hold,settle,-0.099552,2.465290,-0.037332,0.000000,2.427958,2.329173,0.000000,8.000,2.000,0,0
290,1450,right_shoulder_pitch,1.496060,-0.023974,1.484000,0.000000,1.484000,1.484000,1.484000,-0.872665,3.141593,-0.012060,0,-0.012060,Hold,settle,-0.096484,2.465219,-0.036181,0.000000,2.429038,2.329173,0.000000,8.000,2.000,0,0
291,1455,right_shoulder_pitch,1.496444,0.023944,1.484000,0.000000,1.484000,1.484000,1.484000,-0.872665,3.141593,-0.012444,0,-0.012444,Hold,settle,-0.099552,2.465290,-0.037332,0.000000,2.427958,2.362132,0.000000,8.000,2.000,0,0
292,1460,right_shoulder_pitch,1.496060,-0.023987,1.484000,0.000000,1.484000,1.484000,1.484000,-0.872665,3.141593,-0.012060,0,-0.012060,Hold,settle,-0.096484,2.465219,-0.036181,0.000000,2.429038,2.301707,0.000000,8.000,2.000,0,0
293,1465,right_shoulder_pitch,1.496444,0.023973,1.484000,0.000000,1.484000,1.484000,1.484000,-0.872665,3.141593,-0.012444,0,-0.012444,Hold,settle,-0.099552,2.465290,-0.037332,0.000000,2.427958,2.338328,0.000000,8.000,2.000,0,0
294,1470,right_shoulder_pitch,1.496444,0.000000,1.484000,0.000000,1.484000,1.484000,1.484000,-0.872665,3.141593,-0.012444,0,-0.012444,Hold,settle,-0.099552,2.465290,-0.037332,0.000000,2.427958,2.351146,0.000000,8.000,2.000,0,0
295,1475,right_shoulder_pitch,1.496060,-0.023975,1.484000,0.000000,1.484000,1.484000,1.484000,-0.872665,3.141593,-0.012060,0,-0.012060,Hold,settle,-0.096484,2.465219,-0.036181,0.000000,2.429038,2.341990,0.000000,8.000,2.000,0,0
296,1480,right_shoulder_pitch,1.496060,0.000000,1.484000,0.000000,1.484000,1.484000,1.484000,-0.872665,3.141593,-0.012060,0,-0.012060,Hold,settle,-0.096484,2.465219,-0.036181,0.000000,2.429038,2.351146,0.000000,8.000,2.000,0,0
297,1485,right_shoulder_pitch,1.496444,0.023971,1.484000,0.000000,1.484000,1.484000,1.484000,-0.872665,3.141593,-0.012444,0,-0.012444,Hold,settle,-0.099552,2.465290,-0.037332,0.000000,2.427958,2.341990,0.000000,8.000,2.000,0,0
298,1490,right_shoulder_pitch,1.496444,0.000000,1.484000,0.000000,1.484000,1.484000,1.484000,-0.872665,3.141593,-0.012444,0,-0.012444,Hold,settle,-0.099552,2.465290,-0.037332,0.000000,2.427958,2.347484,0.000000,8.000,2.000,0,0
299,1495,right_shoulder_pitch,1.496060,-0.023960,1.484000,0.000000,1.484000,1.484000,1.484000,-0.872665,3.141593,-0.012060,0,-0.012060,Hold,settle,-0.096484,2.465219,-0.036181,0.000000,2.429038,2.349315,0.000000,8.000,2.000,0,0
300,1500,right_shoulder_pitch,1.496060,0.000000,1.484000,0.000000,1.484000,1.484000,1.484000,-0.872665,3.141593,-0.012060,0,-0.012060,Hold,settle,-0.096484,2.465219,-0.036181,0.000000,2.429038,2.312694,0.000000,8.000,2.000,0,0
301,1505,right_shoulder_pitch,1.496060,0.000000,1.484000,0.000000,1.484000,1.484000,1.484000,-0.872665,3.141593,-0.012060,0,-0.012060,Hold,settle,-0.096484,2.465219,-0.036181,0.000000,2.429038,2.354808,0.000000,8.000,2.000,0,0
302,1510,right_shoulder_pitch,1.496060,0.000000,1.484000,0.000000,1.484000,1.484000,1.484000,-0.872665,3.141593,-0.012060,0,-0.012060,Hold,settle,-0.096484,2.465219,-0.036181,0.000000,2.429038,2.341990,0.000000,8.000,2.000,0,0
303,1515,right_shoulder_pitch,1.496060,0.000000,1.484000,0.000000,1.484000,1.484000,1.484000,-0.872665,3.141593,-0.012060,0,-0.012060,Hold,settle,-0.096484,2.465219,-0.036181,0.000000,2.429038,2.332835,0.000000,8.000,2.000,0,0
304,1520,right_shoulder_pitch,1.496060,0.000000,1.484000,0.000000,1.484000,1.484000,1.484000,-0.872665,3.141593,-0.012060,0,-0.012060,Hold,settle,-0.096484,2.465219,-0.036181,0.000000,2.429038,2.354808,0.000000,8.000,2.000,0,0
305,1525,right_shoulder_pitch,1.496444,0.023978,1.484000,0.000000,1.484000,1.484000,1.484000,-0.872665,3.141593,-0.012444,0,-0.012444,Hold,settle,-0.099552,2.465290,-0.037332,0.000000,2.427958,2.321849,0.000000,8.000,2.000,0,0
306,1530,right_shoulder_pitch,1.496444,0.000000,1.484000,0.000000,1.484000,1.484000,1.484000,-0.872665,3.141593,-0.012444,0,-0.012444,Hold,settle,-0.099552,2.465290,-0.037332,0.000000,2.427958,2.380443,0.000000,8.000,2.000,0,0
307,1535,right_shoulder_pitch,1.496444,0.000000,1.484000,0.000000,1.484000,1.484000,1.484000,-0.872665,3.141593,-0.012444,0,-0.012444,Hold,settle,-0.099552,2.465290,-0.037332,0.000000,2.427958,2.329173,0.000000,8.000,2.000,0,0
308,1540,right_shoulder_pitch,1.496060,-0.023972,1.484000,0.000000,1.484000,1.484000,1.484000,-0.872665,3.141593,-0.012060,0,-0.012060,Hold,settle,-0.096484,2.465219,-0.036181,0.000000,2.429038,2.332835,0.000000,8.000,2.000,0,0
309,1545,right_shoulder_pitch,1.496060,0.000000,1.484000,0.000000,1.484000,1.484000,1.484000,-0.872665,3.141593,-0.012060,0,-0.012060,Hold,settle,-0.096484,2.465219,-0.036181,0.000000,2.429038,2.347484,0.000000,8.000,2.000,0,0
310,1550,right_shoulder_pitch,1.496060,0.000000,1.484000,0.000000,1.484000,1.484000,1.484000,-0.872665,3.141593,-0.012060,0,-0.012060,Hold,settle,-0.096484,2.465219,-0.036181,0.000000,2.429038,2.316356,0.000000,8.000,2.000,0,0
311,1555,right_shoulder_pitch,1.496060,0.000000,1.484000,0.000000,1.484000,1.484000,1.484000,-0.872665,3.141593,-0.012060,0,-0.012060,Hold,settle,-0.096484,2.465219,-0.036181,0.000000,2.429038,2.301707,0.000000,8.000,2.000,0,0
312,1560,right_shoulder_pitch,1.496060,0.000000,1.484000,0.000000,1.484000,1.484000,1.484000,-0.872665,3.141593,-0.012060,0,-0.012060,Hold,settle,-0.096484,2.465219,-0.036181,0.000000,2.429038,2.296214,0.000000,8.000,2.000,0,0
313,1565,right_shoulder_pitch,1.496060,0.000000,1.484000,0.000000,1.484000,1.484000,1.484000,-0.872665,3.141593,-0.012060,0,-0.012060,Hold,settle,-0.096484,2.465219,-0.036181,0.000000,2.429038,2.341990,0.000000,8.000,2.000,0,0
314,1570,right_shoulder_pitch,1.496060,0.000000,1.484000,0.000000,1.484000,1.484000,1.484000,-0.872665,3.141593,-0.012060,0,-0.012060,Hold,settle,-0.096484,2.465219,-0.036181,0.000000,2.429038,2.347484,0.000000,8.000,2.000,0,0
315,1575,right_shoulder_pitch,1.496060,0.000000,1.484000,0.000000,1.484000,1.484000,1.484000,-0.872665,3.141593,-0.012060,0,-0.012060,Hold,settle,-0.096484,2.465219,-0.036181,0.000000,2.429038,2.301707,0.000000,8.000,2.000,0,0
316,1580,right_shoulder_pitch,1.496444,0.023965,1.484000,0.000000,1.484000,1.484000,1.484000,-0.872665,3.141593,-0.012444,0,-0.012444,Hold,settle,-0.099552,2.465290,-0.037332,0.000000,2.427958,2.294383,0.000000,8.000,2.000,0,0
317,1585,right_shoulder_pitch,1.496060,-0.023972,1.484000,0.000000,1.484000,1.484000,1.484000,-0.872665,3.141593,-0.012060,0,-0.012060,Hold,settle,-0.096484,2.465219,-0.036181,0.000000,2.429038,2.362132,0.000000,8.000,2.000,0,0
318,1590,right_shoulder_pitch,1.496060,0.000000,1.484000,0.000000,1.484000,1.484000,1.484000,-0.872665,3.141593,-0.012060,0,-0.012060,Hold,settle,-0.096484,2.465219,-0.036181,0.000000,2.429038,2.321849,0.000000,8.000,2.000,0,0
319,1595,right_shoulder_pitch,1.496444,0.023963,1.484000,0.000000,1.484000,1.484000,1.484000,-0.872665,3.141593,-0.012444,0,-0.012444,Hold,settle,-0.099552,2.465290,-0.037332,0.000000,2.427958,2.354808,0.000000,8.000,2.000,0,0
320,1600,right_shoulder_pitch,1.496444,0.000000,1.484000,0.000000,1.484000,1.484000,1.484000,-0.872665,3.141593,-0.012444,0,-0.012444,Hold,settle,-0.099552,2.465290,-0.037332,0.000000,2.427958,2.343822,0.000000,8.000,2.000,0,0
321,1605,right_shoulder_pitch,1.496060,-0.023960,1.484000,0.000000,1.484000,1.484000,1.484000,-0.872665,3.141593,-0.012060,0,-0.012060,Hold,settle,-0.096484,2.465219,-0.036181,0.000000,2.429038,2.301707,0.000000,8.000,2.000,0,0
322,1610,right_shoulder_pitch,1.496060,0.000000,1.484000,0.000000,1.484000,1.484000,1.484000,-0.872665,3.141593,-0.012060,0,-0.012060,Hold,settle,-0.096484,2.465219,-0.036181,0.000000,2.429038,2.312694,0.000000,8.000,2.000,0,0
323,1615,right_shoulder_pitch,1.496060,0.000000,1.484000,0.000000,1.484000,1.484000,1.484000,-0.872665,3.141593,-0.012060,0,-0.012060,Hold,settle,-0.096484,2.465219,-0.036181,0.000000,2.429038,2.307200,0.000000,8.000,2.000,0,0
324,1620,right_shoulder_pitch,1.496060,0.000000,1.484000,0.000000,1.484000,1.484000,1.484000,-0.872665,3.141593,-0.012060,0,-0.012060,Hold,settle,-0.096484,2.465219,-0.036181,0.000000,2.429038,2.351146,0.000000,8.000,2.000,0,0
325,1625,right_shoulder_pitch,1.496060,0.000000,1.484000,0.000000,1.484000,1.484000,1.484000,-0.872665,3.141593,-0.012060,0,-0.012060,Hold,settle,-0.096484,2.465219,-0.036181,0.000000,2.429038,2.329173,0.000000,8.000,2.000,0,0
326,1630,right_shoulder_pitch,1.496060,0.000000,1.484000,0.000000,1.484000,1.484000,1.484000,-0.872665,3.141593,-0.012060,0,-0.012060,Hold,settle,-0.096484,2.465219,-0.036181,0.000000,2.429038,2.341990,0.000000,8.000,2.000,0,0
327,1635,right_shoulder_pitch,1.496444,0.023978,1.484000,0.000000,1.484000,1.484000,1.484000,-0.872665,3.141593,-0.012444,0,-0.012444,Hold,settle,-0.099552,2.465290,-0.037332,0.000000,2.427958,2.329173,0.000000,8.000,2.000,0,0
328,1640,right_shoulder_pitch,1.496060,-0.023972,1.484000,0.000000,1.484000,1.484000,1.484000,-0.872665,3.141593,-0.012060,0,-0.012060,Hold,settle,-0.096484,2.465219,-0.036181,0.000000,2.429038,2.307200,0.000000,8.000,2.000,0,0
329,1645,right_shoulder_pitch,1.496060,0.000000,1.484000,0.000000,1.484000,1.484000,1.484000,-0.872665,3.141593,-0.012060,0,-0.012060,Hold,settle,-0.096484,2.465219,-0.036181,0.000000,2.429038,2.345653,0.000000,8.000,2.000,0,0
330,1650,right_shoulder_pitch,1.496060,0.000000,1.484000,0.000000,1.484000,1.484000,1.484000,-0.872665,3.141593,-0.012060,0,-0.012060,Hold,settle,-0.096484,2.465219,-0.036181,0.000000,2.429038,2.340159,0.000000,8.000,2.000,0,0
331,1655,right_shoulder_pitch,1.496444,0.023960,1.484000,0.000000,1.484000,1.484000,1.484000,-0.872665,3.141593,-0.012444,0,-0.012444,Hold,settle,-0.099552,2.465290,-0.037332,0.000000,2.427958,2.294383,0.000000,8.000,2.000,0,0
332,1660,right_shoulder_pitch,1.496060,-0.023975,1.484000,0.000000,1.484000,1.484000,1.484000,-0.872665,3.141593,-0.012060,0,-0.012060,Hold,settle,-0.096484,2.465219,-0.036181,0.000000,2.429038,2.349315,0.000000,8.000,2.000,0,0
333,1665,right_shoulder_pitch,1.496060,0.000000,1.484000,0.000000,1.484000,1.484000,1.484000,-0.872665,3.141593,-0.012060,0,-0.012060,Hold,settle,-0.096484,2.465219,-0.036181,0.000000,2.429038,2.314525,0.000000,8.000,2.000,0,0
334,1670,right_shoulder_pitch,1.496060,0.000000,1.484000,0.000000,1.484000,1.484000,1.484000,-0.872665,3.141593,-0.012060,0,-0.012060,Hold,settle,-0.096484,2.465219,-0.036181,0.000000,2.429038,2.314525,0.000000,8.000,2.000,0,0
335,1675,right_shoulder_pitch,1.496060,0.000000,1.484000,0.000000,1.484000,1.484000,1.484000,-0.872665,3.141593,-0.012060,0,-0.012060,Hold,settle,-0.096484,2.465219,-0.036181,0.000000,2.429038,2.329173,0.000000,8.000,2.000,0,0
336,1680,right_shoulder_pitch,1.496060,0.000000,1.484000,0.000000,1.484000,1.484000,1.484000,-0.872665,3.141593,-0.012060,0,-0.012060,Hold,settle,-0.096484,2.465219,-0.036181,0.000000,2.429038,2.316356,0.000000,8.000,2.000,0,0
337,1685,right_shoulder_pitch,1.496060,0.000000,1.484000,0.000000,1.484000,1.484000,1.484000,-0.872665,3.141593,-0.012060,0,-0.012060,Hold,settle,-0.096484,2.465219,-0.036181,0.000000,2.429038,2.384105,0.000000,8.000,2.000,0,0
338,1690,right_shoulder_pitch,1.496444,0.023972,1.484000,0.000000,1.484000,1.484000,1.484000,-0.872665,3.141593,-0.012444,0,-0.012444,Hold,settle,-0.099552,2.465290,-0.037332,0.000000,2.427958,2.343822,0.000000,8.000,2.000,0,0
339,1695,right_shoulder_pitch,1.496444,0.000000,1.484000,0.000000,1.484000,1.484000,1.484000,-0.872665,3.141593,-0.012444,0,-0.012444,Hold,settle,-0.099552,2.465290,-0.037332,0.000000,2.427958,2.325511,0.000000,8.000,2.000,0,0
340,1700,right_shoulder_pitch,1.496060,-0.023970,1.484000,0.000000,1.484000,1.484000,1.484000,-0.872665,3.141593,-0.012060,0,-0.012060,Hold,settle,-0.096484,2.465219,-0.036181,0.000000,2.429038,2.318187,0.000000,8.000,2.000,0,0
341,1705,right_shoulder_pitch,1.496060,0.000000,1.484000,0.000000,1.484000,1.484000,1.484000,-0.872665,3.141593,-0.012060,0,-0.012060,Hold,settle,-0.096484,2.465219,-0.036181,0.000000,2.429038,2.312694,0.000000,8.000,2.000,0,0
342,1710,right_shoulder_pitch,1.496060,0.000000,1.484000,0.000000,1.484000,1.484000,1.484000,-0.872665,3.141593,-0.012060,0,-0.012060,Hold,settle,-0.096484,2.465219,-0.036181,0.000000,2.429038,2.276069,0.000000,8.000,2.000,0,0
343,1715,right_shoulder_pitch,1.496060,0.000000,1.484000,0.000000,1.484000,1.484000,1.484000,-0.872665,3.141593,-0.012060,0,-0.012060,Hold,settle,-0.096484,2.465219,-0.036181,0.000000,2.429038,2.385936,0.000000,8.000,2.000,0,0
344,1720,right_shoulder_pitch,1.496060,0.000000,1.484000,0.000000,1.484000,1.484000,1.484000,-0.872665,3.141593,-0.012060,0,-0.012060,Hold,settle,-0.096484,2.465219,-0.036181,0.000000,2.429038,2.288890,0.000000,8.000,2.000,0,0
345,1725,right_shoulder_pitch,1.496060,0.000000,1.484000,0.000000,1.484000,1.484000,1.484000,-0.872665,3.141593,-0.012060,0,-0.012060,Hold,settle,-0.096484,2.465219,-0.036181,0.000000,2.429038,2.382274,0.000000,8.000,2.000,0,0
346,1730,right_shoulder_pitch,1.496444,0.023961,1.484000,0.000000,1.484000,1.484000,1.484000,-0.872665,3.141593,-0.012444,0,-0.012444,Hold,settle,-0.099552,2.465290,-0.037332,0.000000,2.427958,2.298045,0.000000,8.000,2.000,0,0
347,1735,right_shoulder_pitch,1.496060,-0.023973,1.484000,0.000000,1.484000,1.484000,1.484000,-0.872665,3.141593,-0.012060,0,-0.012060,Hold,settle,-0.096484,2.465219,-0.036181,0.000000,2.429038,2.331004,0.000000,8.000,2.000,0,0
348,1740,right_shoulder_pitch,1.496060,0.000000,1.484000,0.000000,1.484000,1.484000,1.484000,-0.872665,3.141593,-0.012060,0,-0.012060,Hold,settle,-0.096484,2.465219,-0.036181,0.000000,2.429038,2.294383,0.000000,8.000,2.000,0,0
349,1745,right_shoulder_pitch,1.496060,0.000000,1.484000,0.000000,1.484000,1.484000,1.484000,-0.872665,3.141593,-0.012060,0,-0.012060,Hold,settle,-0.096484,2.465219,-0.036181,0.000000,2.429038,2.331004,0.000000,8.000,2.000,0,0
350,1750,right_shoulder_pitch,1.496444,0.023969,1.484000,0.000000,1.484000,1.484000,1.484000,-0.872665,3.141593,-0.012444,0,-0.012444,Hold,settle,-0.099552,2.465290,-0.037332,0.000000,2.427958,2.362132,0.000000,8.000,2.000,0,0
351,1755,right_shoulder_pitch,1.496060,-0.023968,1.484000,0.000000,1.484000,1.484000,1.484000,-0.872665,3.141593,-0.012060,0,-0.012060,Hold,settle,-0.096484,2.465219,-0.036181,0.000000,2.429038,2.358470,0.000000,8.000,2.000,0,0
352,1760,right_shoulder_pitch,1.496060,0.000000,1.484000,0.000000,1.484000,1.484000,1.484000,-0.872665,3.141593,-0.012060,0,-0.012060,Hold,settle,-0.096484,2.465219,-0.036181,0.000000,2.429038,2.358470,0.000000,8.000,2.000,0,0
353,1765,right_shoulder_pitch,1.496060,0.000000,1.484000,0.000000,1.484000,1.484000,1.484000,-0.872665,3.141593,-0.012060,0,-0.012060,Hold,settle,-0.096484,2.465219,-0.036181,0.000000,2.429038,2.393260,0.000000,8.000,2.000,0,0
354,1770,right_shoulder_pitch,1.496444,0.023980,1.484000,0.000000,1.484000,1.484000,1.484000,-0.872665,3.141593,-0.012444,0,-0.012444,Hold,settle,-0.099552,2.465290,-0.037332,0.000000,2.427958,2.296214,0.000000,8.000,2.000,0,0
355,1775,right_shoulder_pitch,1.496060,-0.023971,1.484000,0.000000,1.484000,1.484000,1.484000,-0.872665,3.141593,-0.012060,0,-0.012060,Hold,settle,-0.096484,2.465219,-0.036181,0.000000,2.429038,2.345653,0.000000,8.000,2.000,0,0
356,1780,right_shoulder_pitch,1.496444,0.023962,1.484000,0.000000,1.484000,1.484000,1.484000,-0.872665,3.141593,-0.012444,0,-0.012444,Hold,settle,-0.099552,2.465290,-0.037332,0.000000,2.427958,2.331004,0.000000,8.000,2.000,0,0
357,1785,right_shoulder_pitch,1.496060,-0.023969,1.484000,0.000000,1.484000,1.484000,1.484000,-0.872665,3.141593,-0.012060,0,-0.012060,Hold,settle,-0.096484,2.465219,-0.036181,0.000000,2.429038,2.285228,0.000000,8.000,2.000,0,0
358,1790,right_shoulder_pitch,1.496444,0.023977,1.484000,0.000000,1.484000,1.484000,1.484000,-0.872665,3.141593,-0.012444,0,-0.012444,Hold,settle,-0.099552,2.465290,-0.037332,0.000000,2.427958,2.312694,0.000000,8.000,2.000,0,0
359,1795,right_shoulder_pitch,1.496444,0.000000,1.484000,0.000000,1.484000,1.484000,1.484000,-0.872665,3.141593,-0.012444,0,-0.012444,Hold,settle,-0.099552,2.465290,-0.037332,0.000000,2.427958,2.331004,0.000000,8.000,2.000,0,0
360,1800,right_shoulder_pitch,1.496444,0.000000,1.484000,0.000000,1.484000,1.484000,1.484000,-0.872665,3.141593,-0.012444,0,-0.012444,Hold,settle,-0.099552,2.465290,-0.037332,0.000000,2.427958,2.321849,0.000000,8.000,2.000,0,0
361,1805,right_shoulder_pitch,1.496060,-0.023954,1.484000,0.000000,1.484000,1.484000,1.484000,-0.872665,3.141593,-0.012060,0,-0.012060,Hold,settle,-0.096484,2.465219,-0.036181,0.000000,2.429038,2.343822,0.000000,8.000,2.000,0,0
362,1810,right_shoulder_pitch,1.496444,0.023971,1.484000,0.000000,1.484000,1.484000,1.484000,-0.872665,3.141593,-0.012444,0,-0.012444,Hold,settle,-0.099552,2.465290,-0.037332,0.000000,2.427958,2.316356,0.000000,8.000,2.000,0,0
363,1815,right_shoulder_pitch,1.496444,0.000000,1.484000,0.000000,1.484000,1.484000,1.484000,-0.872665,3.141593,-0.012444,0,-0.012444,Hold,settle,-0.099552,2.465290,-0.037332,0.000000,2.427958,2.352977,0.000000,8.000,2.000,0,0
364,1820,right_shoulder_pitch,1.496444,0.000000,1.484000,0.000000,1.484000,1.484000,1.484000,-0.872665,3.141593,-0.012444,0,-0.012444,Hold,settle,-0.099552,2.465290,-0.037332,0.000000,2.427958,2.358470,0.000000,8.000,2.000,0,0
365,1825,right_shoulder_pitch,1.496060,-0.023970,1.484000,0.000000,1.484000,1.484000,1.484000,-0.872665,3.141593,-0.012060,0,-0.012060,Hold,settle,-0.096484,2.465219,-0.036181,0.000000,2.429038,2.303538,0.000000,8.000,2.000,0,0
366,1830,right_shoulder_pitch,1.496444,0.023961,1.484000,0.000000,1.484000,1.484000,1.484000,-0.872665,3.141593,-0.012444,0,-0.012444,Hold,settle,-0.099552,2.465290,-0.037332,0.000000,2.427958,2.343822,0.000000,8.000,2.000,0,0
367,1835,right_shoulder_pitch,1.496060,-0.023971,1.484000,0.000000,1.484000,1.484000,1.484000,-0.872665,3.141593,-0.012060,0,-0.012060,Hold,settle,-0.096484,2.465219,-0.036181,0.000000,2.429038,2.318187,0.000000,8.000,2.000,0,0
368,1840,right_shoulder_pitch,1.496444,0.023974,1.484000,0.000000,1.484000,1.484000,1.484000,-0.872665,3.141593,-0.012444,0,-0.012444,Hold,settle,-0.099552,2.465290,-0.037332,0.000000,2.427958,2.373118,0.000000,8.000,2.000,0,0
369,1845,right_shoulder_pitch,1.496060,-0.023967,1.484000,0.000000,1.484000,1.484000,1.484000,-0.872665,3.141593,-0.012060,0,-0.012060,Hold,settle,-0.096484,2.465219,-0.036181,0.000000,2.429038,2.347484,0.000000,8.000,2.000,0,0
370,1850,right_shoulder_pitch,1.496444,0.023969,1.484000,0.000000,1.484000,1.484000,1.484000,-0.872665,3.141593,-0.012444,0,-0.012444,Hold,settle,-0.099552,2.465290,-0.037332,0.000000,2.427958,2.332835,0.000000,8.000,2.000,0,0
371,1855,right_shoulder_pitch,1.496060,-0.023964,1.484000,0.000000,1.484000,1.484000,1.484000,-0.872665,3.141593,-0.012060,0,-0.012060,Hold,settle,-0.096484,2.465219,-0.036181,0.000000,2.429038,2.340159,0.000000,8.000,2.000,0,0
372,1860,right_shoulder_pitch,1.496444,0.023932,1.484000,0.000000,1.484000,1.484000,1.484000,-0.872665,3.141593,-0.012444,0,-0.012444,Hold,settle,-0.099552,2.465290,-0.037332,0.000000,2.427958,2.299876,0.000000,8.000,2.000,0,0
373,1865,right_shoulder_pitch,1.496060,-0.023975,1.484000,0.000000,1.484000,1.484000,1.484000,-0.872665,3.141593,-0.012060,0,-0.012060,Hold,settle,-0.096484,2.465219,-0.036181,0.000000,2.429038,2.323680,0.000000,8.000,2.000,0,0
374,1870,right_shoulder_pitch,1.496060,0.000000,1.484000,0.000000,1.484000,1.484000,1.484000,-0.872665,3.141593,-0.012060,0,-0.012060,Hold,settle,-0.096484,2.465219,-0.036181,0.000000,2.429038,2.318187,0.000000,8.000,2.000,0,0
375,1875,right_shoulder_pitch,1.496444,0.015988,1.484000,0.000000,1.484000,1.484000,1.484000,-0.872665,3.141593,-0.012444,0,-0.012444,Hold,settle,-0.099552,2.465290,-0.037332,0.000000,2.427958,2.316356,0.000000,8.000,2.000,0,0
376,1880,right_shoulder_pitch,1.496444,0.000000,1.484000,0.000000,1.484000,1.484000,1.484000,-0.872665,3.141593,-0.012444,0,-0.012444,Hold,settle,-0.099552,2.465290,-0.037332,0.000000,2.427958,2.309031,0.000000,8.000,2.000,0,0
377,1885,right_shoulder_pitch,1.496060,-0.019174,1.484000,0.000000,1.484000,1.484000,1.484000,-0.872665,3.141593,-0.012060,0,-0.012060,Hold,settle,-0.096484,2.465219,-0.036181,0.000000,2.429038,2.345653,0.000000,8.000,2.000,0,0
378,1890,right_shoulder_pitch,1.496060,0.000000,1.484000,0.000000,1.484000,1.484000,1.484000,-0.872665,3.141593,-0.012060,0,-0.012060,Hold,settle,-0.096484,2.465219,-0.036181,0.000000,2.429038,2.312694,0.000000,8.000,2.000,0,0
379,1895,right_shoulder_pitch,1.496060,0.000000,1.484000,0.000000,1.484000,1.484000,1.484000,-0.872665,3.141593,-0.012060,0,-0.012060,Hold,settle,-0.096484,2.465219,-0.036181,0.000000,2.429038,2.378612,0.000000,8.000,2.000,0,0
380,1900,right_shoulder_pitch,1.496060,0.000000,1.484000,0.000000,1.484000,1.484000,1.484000,-0.872665,3.141593,-0.012060,0,-0.012060,Hold,settle,-0.096484,2.465219,-0.036181,0.000000,2.429038,2.318187,0.000000,8.000,2.000,0,0
381,1905,right_shoulder_pitch,1.496060,0.000000,1.484000,0.000000,1.484000,1.484000,1.484000,-0.872665,3.141593,-0.012060,0,-0.012060,Hold,settle,-0.096484,2.465219,-0.036181,0.000000,2.429038,2.327342,0.000000,8.000,2.000,0,0
382,1910,right_shoulder_pitch,1.496060,0.000000,1.484000,0.000000,1.484000,1.484000,1.484000,-0.872665,3.141593,-0.012060,0,-0.012060,Hold,settle,-0.096484,2.465219,-0.036181,0.000000,2.429038,2.320018,0.000000,8.000,2.000,0,0
383,1915,right_shoulder_pitch,1.496060,0.000000,1.484000,0.000000,1.484000,1.484000,1.484000,-0.872665,3.141593,-0.012060,0,-0.012060,Hold,settle,-0.096484,2.465219,-0.036181,0.000000,2.429038,2.332835,0.000000,8.000,2.000,0,0
384,1920,right_shoulder_pitch,1.496060,0.000000,1.484000,0.000000,1.484000,1.484000,1.484000,-0.872665,3.141593,-0.012060,0,-0.012060,Hold,settle,-0.096484,2.465219,-0.036181,0.000000,2.429038,2.314525,0.000000,8.000,2.000,0,0
385,1925,right_shoulder_pitch,1.496060,0.000000,1.484000,0.000000,1.484000,1.484000,1.484000,-0.872665,3.141593,-0.012060,0,-0.012060,Hold,settle,-0.096484,2.465219,-0.036181,0.000000,2.429038,2.332835,0.000000,8.000,2.000,0,0
386,1930,right_shoulder_pitch,1.496444,0.023964,1.484000,0.000000,1.484000,1.484000,1.484000,-0.872665,3.141593,-0.012444,0,-0.012444,Hold,settle,-0.099552,2.465290,-0.037332,0.000000,2.427958,2.345653,0.000000,8.000,2.000,0,0
387,1935,right_shoulder_pitch,1.496060,-0.023977,1.484000,0.000000,1.484000,1.484000,1.484000,-0.872665,3.141593,-0.012060,0,-0.012060,Hold,settle,-0.096484,2.465219,-0.036181,0.000000,2.429038,2.332835,0.000000,8.000,2.000,0,0
388,1940,right_shoulder_pitch,1.496444,0.023966,1.484000,0.000000,1.484000,1.484000,1.484000,-0.872665,3.141593,-0.012444,0,-0.012444,Hold,settle,-0.099552,2.465290,-0.037332,0.000000,2.427958,2.332835,0.000000,8.000,2.000,0,0
389,1945,right_shoulder_pitch,1.496060,-0.023971,1.484000,0.000000,1.484000,1.484000,1.484000,-0.872665,3.141593,-0.012060,0,-0.012060,Hold,settle,-0.096484,2.465219,-0.036181,0.000000,2.429038,2.327342,0.000000,8.000,2.000,0,0
390,1950,right_shoulder_pitch,1.496444,0.023967,1.484000,0.000000,1.484000,1.484000,1.484000,-0.872665,3.141593,-0.012444,0,-0.012444,Hold,settle,-0.099552,2.465290,-0.037332,0.000000,2.427958,2.331004,0.000000,8.000,2.000,0,0
391,1955,right_shoulder_pitch,1.496060,-0.023966,1.484000,0.000000,1.484000,1.484000,1.484000,-0.872665,3.141593,-0.012060,0,-0.012060,Hold,settle,-0.096484,2.465219,-0.036181,0.000000,2.429038,2.336497,0.000000,8.000,2.000,0,0
392,1960,right_shoulder_pitch,1.496060,0.000000,1.484000,0.000000,1.484000,1.484000,1.484000,-0.872665,3.141593,-0.012060,0,-0.012060,Hold,settle,-0.096484,2.465219,-0.036181,0.000000,2.429038,2.351146,0.000000,8.000,2.000,0,0
393,1965,right_shoulder_pitch,1.496060,0.000000,1.484000,0.000000,1.484000,1.484000,1.484000,-0.872665,3.141593,-0.012060,0,-0.012060,Hold,settle,-0.096484,2.465219,-0.036181,0.000000,2.429038,2.340159,0.000000,8.000,2.000,0,0
394,1970,right_shoulder_pitch,1.496444,0.023963,1.484000,0.000000,1.484000,1.484000,1.484000,-0.872665,3.141593,-0.012444,0,-0.012444,Hold,settle,-0.099552,2.465290,-0.037332,0.000000,2.427958,2.343822,0.000000,8.000,2.000,0,0
395,1975,right_shoulder_pitch,1.496060,-0.023970,1.484000,0.000000,1.484000,1.484000,1.484000,-0.872665,3.141593,-0.012060,0,-0.012060,Hold,settle,-0.096484,2.465219,-0.036181,0.000000,2.429038,2.312694,0.000000,8.000,2.000,0,0
396,1980,right_shoulder_pitch,1.496060,0.000000,1.484000,0.000000,1.484000,1.484000,1.484000,-0.872665,3.141593,-0.012060,0,-0.012060,Hold,settle,-0.096484,2.465219,-0.036181,0.000000,2.429038,2.331004,0.000000,8.000,2.000,0,0
397,1985,right_shoulder_pitch,1.496060,0.000000,1.484000,0.000000,1.484000,1.484000,1.484000,-0.872665,3.141593,-0.012060,0,-0.012060,Hold,settle,-0.096484,2.465219,-0.036181,0.000000,2.429038,2.290721,0.000000,8.000,2.000,0,0
398,1990,right_shoulder_pitch,1.496060,0.000000,1.484000,0.000000,1.484000,1.484000,1.484000,-0.872665,3.141593,-0.012060,0,-0.012060,Hold,settle,-0.096484,2.465219,-0.036181,0.000000,2.429038,2.323680,0.000000,8.000,2.000,0,0
399,1995,right_shoulder_pitch,1.496444,0.023964,1.484000,0.000000,1.484000,1.484000,1.484000,-0.872665,3.141593,-0.012444,0,-0.012444,Hold,settle,-0.099552,2.465290,-0.037332,0.000000,2.427958,2.371287,0.000000,8.000,2.000,0,0
400,2000,right_shoulder_pitch,1.496060,-0.023972,1.484000,0.000000,1.484000,1.484000,1.484000,-0.872665,3.141593,-0.012060,0,-0.012060,Hold,settle,-0.096484,2.465219,-0.036181,0.000000,2.429038,2.307200,0.000000,8.000,2.000,0,0
401,2005,right_shoulder_pitch,1.496060,0.000000,1.484000,0.000000,1.484000,1.484000,1.484000,-0.872665,3.141593,-0.012060,0,-0.012060,Hold,settle,-0.096484,2.465219,-0.036181,0.000000,2.429038,2.309031,0.000000,8.000,2.000,0,0
402,2010,right_shoulder_pitch,1.496060,0.000000,1.484000,0.000000,1.484000,1.484000,1.484000,-0.872665,3.141593,-0.012060,0,-0.012060,Hold,settle,-0.096484,2.465219,-0.036181,0.000000,2.429038,2.352977,0.000000,8.000,2.000,0,0
403,2015,right_shoulder_pitch,1.496060,0.000000,1.484000,0.000000,1.484000,1.484000,1.484000,-0.872665,3.141593,-0.012060,0,-0.012060,Hold,settle,-0.096484,2.465219,-0.036181,0.000000,2.429038,2.352977,0.000000,8.000,2.000,0,0
404,2020,right_shoulder_pitch,1.496060,0.000000,1.484000,0.000000,1.484000,1.484000,1.484000,-0.872665,3.141593,-0.012060,0,-0.012060,Hold,settle,-0.096484,2.465219,-0.036181,0.000000,2.429038,2.285228,0.000000,8.000,2.000,0,0
405,2025,right_shoulder_pitch,1.496060,0.000000,1.484000,0.000000,1.484000,1.484000,1.484000,-0.872665,3.141593,-0.012060,0,-0.012060,Hold,settle,-0.096484,2.465219,-0.036181,0.000000,2.429038,2.367625,0.000000,8.000,2.000,0,0
406,2030,right_shoulder_pitch,1.496060,0.000000,1.484000,0.000000,1.484000,1.484000,1.484000,-0.872665,3.141593,-0.012060,0,-0.012060,Hold,settle,-0.096484,2.465219,-0.036181,0.000000,2.429038,2.310863,0.000000,8.000,2.000,0,0
407,2035,right_shoulder_pitch,1.496060,0.000000,1.484000,0.000000,1.484000,1.484000,1.484000,-0.872665,3.141593,-0.012060,0,-0.012060,Hold,settle,-0.096484,2.465219,-0.036181,0.000000,2.429038,2.301707,0.000000,8.000,2.000,0,0
408,2040,right_shoulder_pitch,1.496444,0.023968,1.484000,0.000000,1.484000,1.484000,1.484000,-0.872665,3.141593,-0.012444,0,-0.012444,Hold,settle,-0.099552,2.465290,-0.037332,0.000000,2.427958,2.362132,0.000000,8.000,2.000,0,0
409,2045,right_shoulder_pitch,1.496444,0.000000,1.484000,0.000000,1.484000,1.484000,1.484000,-0.872665,3.141593,-0.012444,0,-0.012444,Hold,settle,-0.099552,2.465290,-0.037332,0.000000,2.427958,2.338328,0.000000,8.000,2.000,0,0
410,2050,right_shoulder_pitch,1.496060,-0.023971,1.484000,0.000000,1.484000,1.484000,1.484000,-0.872665,3.141593,-0.012060,0,-0.012060,Hold,settle,-0.096484,2.465219,-0.036181,0.000000,2.429038,2.321849,0.000000,8.000,2.000,0,0
411,2055,right_shoulder_pitch,1.496060,0.000000,1.484000,0.000000,1.484000,1.484000,1.484000,-0.872665,3.141593,-0.012060,0,-0.012060,Hold,settle,-0.096484,2.465219,-0.036181,0.000000,2.429038,2.332835,0.000000,8.000,2.000,0,0
412,2060,right_shoulder_pitch,1.496060,0.000000,1.484000,0.000000,1.484000,1.484000,1.484000,-0.872665,3.141593,-0.012060,0,-0.012060,Hold,settle,-0.096484,2.465219,-0.036181,0.000000,2.429038,2.307200,0.000000,8.000,2.000,0,0
413,2065,right_shoulder_pitch,1.496060,0.000000,1.484000,0.000000,1.484000,1.484000,1.484000,-0.872665,3.141593,-0.012060,0,-0.012060,Hold,settle,-0.096484,2.465219,-0.036181,0.000000,2.429038,2.345653,0.000000,8.000,2.000,0,0
414,2070,right_shoulder_pitch,1.496060,0.000000,1.484000,0.000000,1.484000,1.484000,1.484000,-0.872665,3.141593,-0.012060,0,-0.012060,Hold,settle,-0.096484,2.465219,-0.036181,0.000000,2.429038,2.351146,0.000000,8.000,2.000,0,0
415,2075,right_shoulder_pitch,1.496060,0.000000,1.484000,0.000000,1.484000,1.484000,1.484000,-0.872665,3.141593,-0.012060,0,-0.012060,Hold,settle,-0.096484,2.465219,-0.036181,0.000000,2.429038,2.323680,0.000000,8.000,2.000,0,0
416,2080,right_shoulder_pitch,1.496060,0.000000,1.484000,0.000000,1.484000,1.484000,1.484000,-0.872665,3.141593,-0.012060,0,-0.012060,Hold,settle,-0.096484,2.465219,-0.036181,0.000000,2.429038,2.298045,0.000000,8.000,2.000,0,0
417,2085,right_shoulder_pitch,1.496444,0.023981,1.484000,0.000000,1.484000,1.484000,1.484000,-0.872665,3.141593,-0.012444,0,-0.012444,Hold,settle,-0.099552,2.465290,-0.037332,0.000000,2.427958,2.345653,0.000000,8.000,2.000,0,0
418,2090,right_shoulder_pitch,1.496444,0.000000,1.484000,0.000000,1.484000,1.484000,1.484000,-0.872665,3.141593,-0.012444,0,-0.012444,Hold,settle,-0.099552,2.465290,-0.037332,0.000000,2.427958,2.356639,0.000000,8.000,2.000,0,0
419,2095,right_shoulder_pitch,1.496060,-0.023960,1.484000,0.000000,1.484000,1.484000,1.484000,-0.872665,3.141593,-0.012060,0,-0.012060,Hold,settle,-0.096484,2.465219,-0.036181,0.000000,2.429038,2.307200,0.000000,8.000,2.000,0,0
420,2100,right_shoulder_pitch,1.496060,0.000000,1.484000,0.000000,1.484000,1.484000,1.484000,-0.872665,3.141593,-0.012060,0,-0.012060,Hold,settle,-0.096484,2.465219,-0.036181,0.000000,2.429038,2.343822,0.000000,8.000,2.000,0,0
421,2105,right_shoulder_pitch,1.496060,0.000000,1.484000,0.000000,1.484000,1.484000,1.484000,-0.872665,3.141593,-0.012060,0,-0.012060,Hold,settle,-0.096484,2.465219,-0.036181,0.000000,2.429038,2.362132,0.000000,8.000,2.000,0,0
422,2110,right_shoulder_pitch,1.496060,0.000000,1.484000,0.000000,1.484000,1.484000,1.484000,-0.872665,3.141593,-0.012060,0,-0.012060,Hold,settle,-0.096484,2.465219,-0.036181,0.000000,2.429038,2.349315,0.000000,8.000,2.000,0,0
423,2115,right_shoulder_pitch,1.496060,0.000000,1.484000,0.000000,1.484000,1.484000,1.484000,-0.872665,3.141593,-0.012060,0,-0.012060,Hold,settle,-0.096484,2.465219,-0.036181,0.000000,2.429038,2.314525,0.000000,8.000,2.000,0,0
424,2120,right_shoulder_pitch,1.496060,0.000000,1.484000,0.000000,1.484000,1.484000,1.484000,-0.872665,3.141593,-0.012060,0,-0.012060,Hold,settle,-0.096484,2.465219,-0.036181,0.000000,2.429038,2.305369,0.000000,8.000,2.000,0,0
425,2125,right_shoulder_pitch,1.496444,0.023965,1.484000,0.000000,1.484000,1.484000,1.484000,-0.872665,3.141593,-0.012444,0,-0.012444,Hold,settle,-0.099552,2.465290,-0.037332,0.000000,2.427958,2.354808,0.000000,8.000,2.000,0,0
426,2130,right_shoulder_pitch,1.496060,-0.023978,1.484000,0.000000,1.484000,1.484000,1.484000,-0.872665,3.141593,-0.012060,0,-0.012060,Hold,settle,-0.096484,2.465219,-0.036181,0.000000,2.429038,2.343822,0.000000,8.000,2.000,0,0
427,2135,right_shoulder_pitch,1.496060,0.000000,1.484000,0.000000,1.484000,1.484000,1.484000,-0.872665,3.141593,-0.012060,0,-0.012060,Hold,settle,-0.096484,2.465219,-0.036181,0.000000,2.429038,2.341990,0.000000,8.000,2.000,0,0
428,2140,right_shoulder_pitch,1.496060,0.000000,1.484000,0.000000,1.484000,1.484000,1.484000,-0.872665,3.141593,-0.012060,0,-0.012060,Hold,settle,-0.096484,2.465219,-0.036181,0.000000,2.429038,2.391429,0.000000,8.000,2.000,0,0
429,2145,right_shoulder_pitch,1.496060,0.000000,1.484000,0.000000,1.484000,1.484000,1.484000,-0.872665,3.141593,-0.012060,0,-0.012060,Hold,settle,-0.096484,2.465219,-0.036181,0.000000,2.429038,2.358470,0.000000,8.000,2.000,0,0
430,2150,right_shoulder_pitch,1.496060,0.000000,1.484000,0.000000,1.484000,1.484000,1.484000,-0.872665,3.141593,-0.012060,0,-0.012060,Hold,settle,-0.096484,2.465219,-0.036181,0.000000,2.429038,2.356639,0.000000,8.000,2.000,0,0
431,2155,right_shoulder_pitch,1.496060,0.000000,1.484000,0.000000,1.484000,1.484000,1.484000,-0.872665,3.141593,-0.012060,0,-0.012060,Hold,settle,-0.096484,2.465219,-0.036181,0.000000,2.429038,2.310863,0.000000,8.000,2.000,0,0
432,2160,right_shoulder_pitch,1.496060,0.000000,1.484000,0.000000,1.484000,1.484000,1.484000,-0.872665,3.141593,-0.012060,0,-0.012060,Hold,settle,-0.096484,2.465219,-0.036181,0.000000,2.429038,2.349315,0.000000,8.000,2.000,0,0
433,2165,right_shoulder_pitch,1.496060,0.000000,1.484000,0.000000,1.484000,1.484000,1.484000,-0.872665,3.141593,-0.012060,0,-0.012060,Hold,settle,-0.096484,2.465219,-0.036181,0.000000,2.429038,2.318187,0.000000,8.000,2.000,0,0
434,2170,right_shoulder_pitch,1.496060,0.000000,1.484000,0.000000,1.484000,1.484000,1.484000,-0.872665,3.141593,-0.012060,0,-0.012060,Hold,settle,-0.096484,2.465219,-0.036181,0.000000,2.429038,2.343822,0.000000,8.000,2.000,0,0
435,2175,right_shoulder_pitch,1.496060,0.000000,1.484000,0.000000,1.484000,1.484000,1.484000,-0.872665,3.141593,-0.012060,0,-0.012060,Hold,settle,-0.096484,2.465219,-0.036181,0.000000,2.429038,2.334666,0.000000,8.000,2.000,0,0
436,2180,right_shoulder_pitch,1.496060,0.000000,1.484000,0.000000,1.484000,1.484000,1.484000,-0.872665,3.141593,-0.012060,0,-0.012060,Hold,settle,-0.096484,2.465219,-0.036181,0.000000,2.429038,2.332835,0.000000,8.000,2.000,0,0
437,2185,right_shoulder_pitch,1.496060,0.000000,1.484000,0.000000,1.484000,1.484000,1.484000,-0.872665,3.141593,-0.012060,0,-0.012060,Hold,settle,-0.096484,2.465219,-0.036181,0.000000,2.429038,2.274238,0.000000,8.000,2.000,0,0
438,2190,right_shoulder_pitch,1.496444,0.023973,1.484000,0.000000,1.484000,1.484000,1.484000,-0.872665,3.141593,-0.012444,0,-0.012444,Hold,settle,-0.099552,2.465290,-0.037332,0.000000,2.427958,2.336497,0.000000,8.000,2.000,0,0
439,2195,right_shoulder_pitch,1.496060,-0.023970,1.484000,0.000000,1.484000,1.484000,1.484000,-0.872665,3.141593,-0.012060,0,-0.012060,Hold,settle,-0.096484,2.465219,-0.036181,0.000000,2.429038,2.351146,0.000000,8.000,2.000,0,0
440,2200,right_shoulder_pitch,1.496444,0.023961,1.484000,0.000000,1.484000,1.484000,1.484000,-0.872665,3.141593,-0.012444,0,-0.012444,Hold,settle,-0.099552,2.465290,-0.037332,0.000000,2.427958,2.349315,0.000000,8.000,2.000,0,0
441,2205,right_shoulder_pitch,1.496444,0.000000,1.484000,0.000000,1.484000,1.484000,1.484000,-0.872665,3.141593,-0.012444,0,-0.012444,Hold,settle,-0.099552,2.465290,-0.037332,0.000000,2.427958,2.334666,0.000000,8.000,2.000,0,0
442,2210,right_shoulder_pitch,1.496444,0.000000,1.484000,0.000000,1.484000,1.484000,1.484000,-0.872665,3.141593,-0.012444,0,-0.012444,Hold,settle,-0.099552,2.465290,-0.037332,0.000000,2.427958,2.369456,0.000000,8.000,2.000,0,0
443,2215,right_shoulder_pitch,1.496060,-0.023963,1.484000,0.000000,1.484000,1.484000,1.484000,-0.872665,3.141593,-0.012060,0,-0.012060,Hold,settle,-0.096484,2.465219,-0.036181,0.000000,2.429038,2.310863,0.000000,8.000,2.000,0,0
444,2220,right_shoulder_pitch,1.496060,0.000000,1.484000,0.000000,1.484000,1.484000,1.484000,-0.872665,3.141593,-0.012060,0,-0.012060,Hold,settle,-0.096484,2.465219,-0.036181,0.000000,2.429038,2.316356,0.000000,8.000,2.000,0,0
445,2225,right_shoulder_pitch,1.496060,0.000000,1.484000,0.000000,1.484000,1.484000,1.484000,-0.872665,3.141593,-0.012060,0,-0.012060,Hold,settle,-0.096484,2.465219,-0.036181,0.000000,2.429038,2.323680,0.000000,8.000,2.000,0,0
446,2230,right_shoulder_pitch,1.496060,0.000000,1.484000,0.000000,1.484000,1.484000,1.484000,-0.872665,3.141593,-0.012060,0,-0.012060,Hold,settle,-0.096484,2.465219,-0.036181,0.000000,2.429038,2.340159,0.000000,8.000,2.000,0,0
447,2235,right_shoulder_pitch,1.496444,0.023968,1.484000,0.000000,1.484000,1.484000,1.484000,-0.872665,3.141593,-0.012444,0,-0.012444,Hold,settle,-0.099552,2.465290,-0.037332,0.000000,2.427958,2.336497,0.000000,8.000,2.000,0,0
448,2240,right_shoulder_pitch,1.496060,-0.023967,1.484000,0.000000,1.484000,1.484000,1.484000,-0.872665,3.141593,-0.012060,0,-0.012060,Hold,settle,-0.096484,2.465219,-0.036181,0.000000,2.429038,2.347484,0.000000,8.000,2.000,0,0
449,2245,right_shoulder_pitch,1.496060,0.000000,1.484000,0.000000,1.484000,1.484000,1.484000,-0.872665,3.141593,-0.012060,0,-0.012060,Hold,settle,-0.096484,2.465219,-0.036181,0.000000,2.429038,2.343822,0.000000,8.000,2.000,0,0
450,2250,right_shoulder_pitch,1.496060,0.000000,1.484000,0.000000,1.484000,1.484000,1.484000,-0.872665,3.141593,-0.012060,0,-0.012060,Hold,settle,-0.096484,2.465219,-0.036181,0.000000,2.429038,2.318187,0.000000,8.000,2.000,0,0
451,2255,right_shoulder_pitch,1.496060,0.000000,1.484000,0.000000,1.484000,1.484000,1.484000,-0.872665,3.141593,-0.012060,0,-0.012060,Hold,settle,-0.096484,2.465219,-0.036181,0.000000,2.429038,2.349315,0.000000,8.000,2.000,0,0
452,2260,right_shoulder_pitch,1.496060,0.000000,1.484000,0.000000,1.484000,1.484000,1.484000,-0.872665,3.141593,-0.012060,0,-0.012060,Hold,settle,-0.096484,2.465219,-0.036181,0.000000,2.429038,2.287059,0.000000,8.000,2.000,0,0
453,2265,right_shoulder_pitch,1.496060,0.000000,1.484000,0.000000,1.484000,1.484000,1.484000,-0.872665,3.141593,-0.012060,0,-0.012060,Hold,settle,-0.096484,2.465219,-0.036181,0.000000,2.429038,2.351146,0.000000,8.000,2.000,0,0
454,2270,right_shoulder_pitch,1.496444,0.023977,1.484000,0.000000,1.484000,1.484000,1.484000,-0.872665,3.141593,-0.012444,0,-0.012444,Hold,settle,-0.099552,2.465290,-0.037332,0.000000,2.427958,2.320018,0.000000,8.000,2.000,0,0
455,2275,right_shoulder_pitch,1.496060,-0.023964,1.484000,0.000000,1.484000,1.484000,1.484000,-0.872665,3.141593,-0.012060,0,-0.012060,Hold,settle,-0.096484,2.465219,-0.036181,0.000000,2.429038,2.360301,0.000000,8.000,2.000,0,0
456,2280,right_shoulder_pitch,1.496444,0.023971,1.484000,0.000000,1.484000,1.484000,1.484000,-0.872665,3.141593,-0.012444,0,-0.012444,Hold,settle,-0.099552,2.465290,-0.037332,0.000000,2.427958,2.341990,0.000000,8.000,2.000,0,0
457,2285,right_shoulder_pitch,1.496444,0.000000,1.484000,0.000000,1.484000,1.484000,1.484000,-0.872665,3.141593,-0.012444,0,-0.012444,Hold,settle,-0.099552,2.465290,-0.037332,0.000000,2.427958,2.323680,0.000000,8.000,2.000,0,0
458,2290,right_shoulder_pitch,1.496060,-0.023964,1.484000,0.000000,1.484000,1.484000,1.484000,-0.872665,3.141593,-0.012060,0,-0.012060,Hold,settle,-0.096484,2.465219,-0.036181,0.000000,2.429038,2.373118,0.000000,8.000,2.000,0,0
459,2295,right_shoulder_pitch,1.496444,0.023980,1.484000,0.000000,1.484000,1.484000,1.484000,-0.872665,3.141593,-0.012444,0,-0.012444,Hold,settle,-0.099552,2.465290,-0.037332,0.000000,2.427958,2.325511,0.000000,8.000,2.000,0,0
460,2300,right_shoulder_pitch,1.496444,0.000000,1.484000,0.000000,1.484000,1.484000,1.484000,-0.872665,3.141593,-0.012444,0,-0.012444,Hold,settle,-0.099552,2.465290,-0.037332,0.000000,2.427958,2.290721,0.000000,8.000,2.000,0,0
461,2305,right_shoulder_pitch,1.496060,-0.023968,1.484000,0.000000,1.484000,1.484000,1.484000,-0.872665,3.141593,-0.012060,0,-0.012060,Hold,settle,-0.096484,2.465219,-0.036181,0.000000,2.429038,2.314525,0.000000,8.000,2.000,0,0
462,2310,right_shoulder_pitch,1.496060,0.000000,1.484000,0.000000,1.484000,1.484000,1.484000,-0.872665,3.141593,-0.012060,0,-0.012060,Hold,settle,-0.096484,2.465219,-0.036181,0.000000,2.429038,2.318187,0.000000,8.000,2.000,0,0
463,2315,right_shoulder_pitch,1.496444,0.023967,1.484000,0.000000,1.484000,1.484000,1.484000,-0.872665,3.141593,-0.012444,0,-0.012444,Hold,settle,-0.099552,2.465290,-0.037332,0.000000,2.427958,2.349315,0.000000,8.000,2.000,0,0
464,2320,right_shoulder_pitch,1.496060,-0.023968,1.484000,0.000000,1.484000,1.484000,1.484000,-0.872665,3.141593,-0.012060,0,-0.012060,Hold,settle,-0.096484,2.465219,-0.036181,0.000000,2.429038,2.318187,0.000000,8.000,2.000,0,0
465,2325,right_shoulder_pitch,1.496060,0.000000,1.484000,0.000000,1.484000,1.484000,1.484000,-0.872665,3.141593,-0.012060,0,-0.012060,Hold,settle,-0.096484,2.465219,-0.036181,0.000000,2.429038,2.329173,0.000000,8.000,2.000,0,0
466,2330,right_shoulder_pitch,1.496060,0.000000,1.484000,0.000000,1.484000,1.484000,1.484000,-0.872665,3.141593,-0.012060,0,-0.012060,Hold,settle,-0.096484,2.465219,-0.036181,0.000000,2.429038,2.331004,0.000000,8.000,2.000,0,0
467,2335,right_shoulder_pitch,1.496444,0.023969,1.484000,0.000000,1.484000,1.484000,1.484000,-0.872665,3.141593,-0.012444,0,-0.012444,Hold,settle,-0.099552,2.465290,-0.037332,0.000000,2.427958,2.373118,0.000000,8.000,2.000,0,0
468,2340,right_shoulder_pitch,1.496060,-0.023966,1.484000,0.000000,1.484000,1.484000,1.484000,-0.872665,3.141593,-0.012060,0,-0.012060,Hold,settle,-0.096484,2.465219,-0.036181,0.000000,2.429038,2.358470,0.000000,8.000,2.000,0,0
469,2345,right_shoulder_pitch,1.496444,0.023973,1.484000,0.000000,1.484000,1.484000,1.484000,-0.872665,3.141593,-0.012444,0,-0.012444,Hold,settle,-0.099552,2.465290,-0.037332,0.000000,2.427958,2.360301,0.000000,8.000,2.000,0,0
470,2350,right_shoulder_pitch,1.496060,-0.023963,1.484000,0.000000,1.484000,1.484000,1.484000,-0.872665,3.141593,-0.012060,0,-0.012060,Hold,settle,-0.096484,2.465219,-0.036181,0.000000,2.429038,2.321849,0.000000,8.000,2.000,0,0
471,2355,right_shoulder_pitch,1.496444,0.023968,1.484000,0.000000,1.484000,1.484000,1.484000,-0.872665,3.141593,-0.012444,0,-0.012444,Hold,settle,-0.099552,2.465290,-0.037332,0.000000,2.427958,2.321849,0.000000,8.000,2.000,0,0
472,2360,right_shoulder_pitch,1.496444,0.000000,1.484000,0.000000,1.484000,1.484000,1.484000,-0.872665,3.141593,-0.012444,0,-0.012444,Hold,settle,-0.099552,2.465290,-0.037332,0.000000,2.427958,2.265083,0.000000,8.000,2.000,0,0
473,2365,right_shoulder_pitch,1.496444,0.000000,1.484000,0.000000,1.484000,1.484000,1.484000,-0.872665,3.141593,-0.012444,0,-0.012444,Hold,settle,-0.099552,2.465290,-0.037332,0.000000,2.427958,2.334666,0.000000,8.000,2.000,0,0
474,2370,right_shoulder_pitch,1.496060,-0.023964,1.484000,0.000000,1.484000,1.484000,1.484000,-0.872665,3.141593,-0.012060,0,-0.012060,Hold,settle,-0.096484,2.465219,-0.036181,0.000000,2.429038,2.343822,0.000000,8.000,2.000,0,0
475,2375,right_shoulder_pitch,1.496444,0.023969,1.484000,0.000000,1.484000,1.484000,1.484000,-0.872665,3.141593,-0.012444,0,-0.012444,Hold,settle,-0.099552,2.465290,-0.037332,0.000000,2.427958,2.371287,0.000000,8.000,2.000,0,0
476,2380,right_shoulder_pitch,1.496444,0.000000,1.484000,0.000000,1.484000,1.484000,1.484000,-0.872665,3.141593,-0.012444,0,-0.012444,Hold,settle,-0.099552,2.465290,-0.037332,0.000000,2.427958,2.334666,0.000000,8.000,2.000,0,0
477,2385,right_shoulder_pitch,1.496060,-0.023965,1.484000,0.000000,1.484000,1.484000,1.484000,-0.872665,3.141593,-0.012060,0,-0.012060,Hold,settle,-0.096484,2.465219,-0.036181,0.000000,2.429038,2.391429,0.000000,8.000,2.000,0,0
478,2390,right_shoulder_pitch,1.496060,0.000000,1.484000,0.000000,1.484000,1.484000,1.484000,-0.872665,3.141593,-0.012060,0,-0.012060,Hold,settle,-0.096484,2.465219,-0.036181,0.000000,2.429038,2.349315,0.000000,8.000,2.000,0,0
479,2395,right_shoulder_pitch,1.496060,0.000000,1.484000,0.000000,1.484000,1.484000,1.484000,-0.872665,3.141593,-0.012060,0,-0.012060,Hold,settle,-0.096484,2.465219,-0.036181,0.000000,2.429038,2.327342,0.000000,8.000,2.000,0,0
480,2400,right_shoulder_pitch,1.496060,0.000000,1.484000,0.000000,1.484000,1.484000,1.484000,-0.872665,3.141593,-0.012060,0,-0.012060,Hold,settle,-0.096484,2.465219,-0.036181,0.000000,2.429038,2.360301,0.000000,8.000,2.000,0,0
481,2405,right_shoulder_pitch,1.496060,0.000000,1.484000,0.000000,1.484000,1.484000,1.484000,-0.872665,3.141593,-0.012060,0,-0.012060,Hold,settle,-0.096484,2.465219,-0.036181,0.000000,2.429038,2.320018,0.000000,8.000,2.000,0,0
482,2410,right_shoulder_pitch,1.496444,0.023964,1.484000,0.000000,1.484000,1.484000,1.484000,-0.872665,3.141593,-0.012444,0,-0.012444,Hold,settle,-0.099552,2.465290,-0.037332,0.000000,2.427958,2.310863,0.000000,8.000,2.000,0,0
483,2415,right_shoulder_pitch,1.496060,-0.023969,1.484000,0.000000,1.484000,1.484000,1.484000,-0.872665,3.141593,-0.012060,0,-0.012060,Hold,settle,-0.096484,2.465219,-0.036181,0.000000,2.429038,2.303538,0.000000,8.000,2.000,0,0
484,2420,right_shoulder_pitch,1.496060,0.000000,1.484000,0.000000,1.484000,1.484000,1.484000,-0.872665,3.141593,-0.012060,0,-0.012060,Hold,settle,-0.096484,2.465219,-0.036181,0.000000,2.429038,2.320018,0.000000,8.000,2.000,0,0
485,2425,right_shoulder_pitch,1.496060,0.000000,1.484000,0.000000,1.484000,1.484000,1.484000,-0.872665,3.141593,-0.012060,0,-0.012060,Hold,settle,-0.096484,2.465219,-0.036181,0.000000,2.429038,2.385936,0.000000,8.000,2.000,0,0
486,2430,right_shoulder_pitch,1.496060,0.000000,1.484000,0.000000,1.484000,1.484000,1.484000,-0.872665,3.141593,-0.012060,0,-0.012060,Hold,settle,-0.096484,2.465219,-0.036181,0.000000,2.429038,2.336497,0.000000,8.000,2.000,0,0
487,2435,right_shoulder_pitch,1.496444,0.023972,1.484000,0.000000,1.484000,1.484000,1.484000,-0.872665,3.141593,-0.012444,0,-0.012444,Hold,settle,-0.099552,2.465290,-0.037332,0.000000,2.427958,2.349315,0.000000,8.000,2.000,0,0
488,2440,right_shoulder_pitch,1.496060,-0.023962,1.484000,0.000000,1.484000,1.484000,1.484000,-0.872665,3.141593,-0.012060,0,-0.012060,Hold,settle,-0.096484,2.465219,-0.036181,0.000000,2.429038,2.307200,0.000000,8.000,2.000,0,0
489,2445,right_shoulder_pitch,1.496060,0.000000,1.484000,0.000000,1.484000,1.484000,1.484000,-0.872665,3.141593,-0.012060,0,-0.012060,Hold,settle,-0.096484,2.465219,-0.036181,0.000000,2.429038,2.310863,0.000000,8.000,2.000,0,0
490,2450,right_shoulder_pitch,1.496444,0.023978,1.484000,0.000000,1.484000,1.484000,1.484000,-0.872665,3.141593,-0.012444,0,-0.012444,Hold,settle,-0.099552,2.465290,-0.037332,0.000000,2.427958,2.329173,0.000000,8.000,2.000,0,0
491,2455,right_shoulder_pitch,1.496060,-0.023967,1.484000,0.000000,1.484000,1.484000,1.484000,-0.872665,3.141593,-0.012060,0,-0.012060,Hold,settle,-0.096484,2.465219,-0.036181,0.000000,2.429038,2.331004,0.000000,8.000,2.000,0,0
492,2460,right_shoulder_pitch,1.496060,0.000000,1.484000,0.000000,1.484000,1.484000,1.484000,-0.872665,3.141593,-0.012060,0,-0.012060,Hold,settle,-0.096484,2.465219,-0.036181,0.000000,2.429038,2.307200,0.000000,8.000,2.000,0,0
493,2465,right_shoulder_pitch,1.496060,0.000000,1.484000,0.000000,1.484000,1.484000,1.484000,-0.872665,3.141593,-0.012060,0,-0.012060,Hold,settle,-0.096484,2.465219,-0.036181,0.000000,2.429038,2.360301,0.000000,8.000,2.000,0,0
494,2470,right_shoulder_pitch,1.496060,0.000000,1.484000,0.000000,1.484000,1.484000,1.484000,-0.872665,3.141593,-0.012060,0,-0.012060,Hold,settle,-0.096484,2.465219,-0.036181,0.000000,2.429038,2.358470,0.000000,8.000,2.000,0,0
495,2475,right_shoulder_pitch,1.496060,0.000000,1.484000,0.000000,1.484000,1.484000,1.484000,-0.872665,3.141593,-0.012060,0,-0.012060,Hold,settle,-0.096484,2.465219,-0.036181,0.000000,2.429038,2.336497,0.000000,8.000,2.000,0,0
496,2480,right_shoulder_pitch,1.496444,0.023993,1.495581,-0.172500,1.495581,0.000000,0.000000,-0.872665,3.141593,-0.000862,0,-1.496444,Accelerate,traj_vel,-0.006900,2.465290,-0.150000,-0.392987,1.922303,2.341990,-0.172500,8.000,2.000,0,0
497,2485,right_shoulder_pitch,1.496060,-0.011981,1.494606,-0.195000,1.466060,0.000000,0.000000,-0.872665,3.141593,-0.030000,0,-1.496060,Accelerate,traj_vel,-0.240000,2.465219,-0.150000,-0.419999,1.895220,2.371287,-0.195000,8.000,2.000,1,0
498,2490,right_shoulder_pitch,1.496060,0.000000,1.493519,-0.217500,1.466060,0.000000,0.000000,-0.872665,3.141593,-0.030000,0,-1.496060,Accelerate,traj_vel,-0.240000,2.465219,-0.150000,-0.457499,1.857720,1.981262,-0.217500,8.000,2.000,1,0
499,2495,right_shoulder_pitch,1.495293,-0.047959,1.492319,-0.240000,1.465293,0.000000,0.000000,-0.872665,3.141593,-0.030000,0,-1.495293,Accelerate,traj_vel,-0.240000,2.465077,-0.150000,-0.472895,1.842182,1.810967,-0.240000,8.000,2.000,1,0
500,2500,right_shoulder_pitch,1.494527,-0.047931,1.491006,-0.262500,1.464527,0.000000,0.000000,-0.872665,3.141593,-0.030000,0,-1.494527,Accelerate,traj_vel,-0.240000,2.464933,-0.150000,-0.495706,1.819227,1.668141,-0.262500,8.000,2.000,1,0
501,2505,right_shoulder_pitch,1.493376,-0.071896,1.489581,-0.285000,1.489581,0.000000,0.000000,-0.872665,3.141593,-0.003795,0,-1.493376,Accelerate,traj_vel,-0.030356,2.464715,-0.150000,-0.512081,1.802634,1.646168,-0.285000,8.000,2.000,0,0
502,2510,right_shoulder_pitch,1.491842,-0.095861,1.488044,-0.307500,1.488044,0.000000,0.000000,-0.872665,3.141593,-0.003798,0,-1.491842,Accelerate,traj_vel,-0.030384,2.464419,-0.150000,-0.523630,1.790788,1.618702,-0.307500,8.000,2.000,0,0
503,2515,right_shoulder_pitch,1.491075,-0.047941,1.486394,-0.330000,1.486394,0.000000,0.000000,-0.872665,3.141593,-0.004681,0,-1.491075,Accelerate,traj_vel,-0.037448,2.464268,-0.150000,-0.567502,1.746766,1.752373,-0.330000,8.000,2.000,0,0
504,2520,right_shoulder_pitch,1.489925,-0.071930,1.484631,-0.352500,1.484631,0.000000,0.000000,-0.872665,3.141593,-0.005293,0,-1.489925,Accelerate,traj_vel,-0.042345,2.464040,-0.150000,-0.599662,1.714378,1.757866,-0.352500,8.000,2.000,0,0
505,2525,right_shoulder_pitch,1.489158,-0.047917,1.482756,-0.375000,1.482756,0.000000,0.000000,-0.872665,3.141593,-0.006401,0,-1.489158,Accelerate,traj_vel,-0.051209,2.463886,-0.150000,-0.647038,1.666848,1.638844,-0.375000,8.000,2.000,0,0
506,2530,right_shoulder_pitch,1.489158,0.000000,1.480769,-0.397500,1.480769,0.000000,0.000000,-0.872665,3.141593,-0.008389,0,-1.489158,Accelerate,traj_vel,-0.067109,2.463886,-0.150000,-0.717779,1.596108,1.547288,-0.397500,8.000,2.000,0,0
507,2535,right_shoulder_pitch,1.489158,0.000000,1.478669,-0.420000,1.478669,0.000000,0.000000,-0.871800,3.141593,-0.010489,0,-1.489158,Accelerate,traj_vel,-0.083909,2.463886,-0.150000,-0.782084,1.531802,1.620533,-0.420000,8.000,2.000,0,0
508,2540,right_shoulder_pitch,1.489158,0.000000,1.476456,-0.442500,1.476456,0.000000,0.000000,-0.870272,3.141593,-0.012701,0,-1.489158,Accelerate,traj_vel,-0.101609,2.463886,-0.150000,-0.841563,1.472323,1.494187,-0.442500,8.000,2.000,0,0
509,2545,right_shoulder_pitch,1.489158,0.000000,1.474131,-0.465000,1.474131,0.000000,0.000000,-0.868688,3.141593,-0.015026,0,-1.489158,Accelerate,traj_vel,-0.120209,2.463886,-0.150000,-0.897422,1.416464,1.494187,-0.465000,8.000,2.000,0,0
510,2550,right_shoulder_pitch,1.489541,0.023965,1.471694,-0.487500,1.471694,0.000000,0.000000,-0.867047,3.141593,-0.017847,0,-1.489541,Accelerate,traj_vel,-0.142777,2.463964,-0.150000,-0.962549,1.351414,1.386151,-0.487500,8.000,2.000,0,0
511,2555,right_shoulder_pitch,1.489158,-0.023969,1.469144,-0.510000,1.469144,0.000000,0.000000,-0.865350,3.141593,-0.020014,0,-1.489158,Accelerate,traj_vel,-0.160109,2.463886,-0.150000,-0.998678,1.315209,1.338540,-0.510000,8.000,2.000,0,0
512,2560,right_shoulder_pitch,1.488774,-0.023961,1.466481,-0.532500,1.466481,0.000000,0.000000,-0.863597,3.141593,-0.022293,0,-1.488774,Accelerate,traj_vel,-0.178341,2.463809,-0.150000,-1.037028,1.276781,1.248819,-0.532500,8.000,2.000,0,0
513,2565,right_shoulder_pitch,1.488007,-0.047943,1.463706,-0.555000,1.463706,0.000000,0.000000,-0.861788,3.141593,-0.024301,0,-1.488007,Accelerate,traj_vel,-0.194405,2.463653,-0.150000,-1.065049,1.248604,1.157262,-0.555000,8.000,2.000,0,0
514,2570,right_shoulder_pitch,1.487624,-0.023976,1.460819,-0.577500,1.460819,0.000000,0.000000,-0.859922,3.141593,-0.026805,0,-1.487624,Accelerate,traj_vel,-0.214437,2.463574,-0.150000,-1.109299,1.204275,1.118810,-0.577500,8.000,2.000,0,0
515,2575,right_shoulder_pitch,1.487240,-0.023965,1.457819,-0.600000,1.457819,0.000000,0.000000,-0.858000,3.141593,-0.029421,0,-1.487240,Accelerate,traj_vel,-0.235369,2.463495,-0.150000,-1.153742,1.159754,1.146276,-0.600000,8.000,2.000,0,0
516,2580,right_shoulder_pitch,1.486473,-0.047937,1.454706,-0.622500,1.454706,0.000000,0.000000,-0.856022,3.141593,-0.031767,0,-1.486473,Accelerate,traj_vel,-0.254133,2.463336,-0.150000,-1.186337,1.126999,1.045564,-0.622500,8.000,2.000,0,0
517,2585,right_shoulder_pitch,1.485706,-0.047931,1.451481,-0.645000,1.451481,0.000000,0.000000,-0.853988,3.141593,-0.034225,0,-1.485706,Accelerate,traj_vel,-0.273797,2.463176,-0.150000,-1.222038,1.091138,0.968657,-0.645000,8.000,2.000,0,0
518,2590,right_shoulder_pitch,1.484555,-0.071930,1.448144,-0.667500,1.448144,0.000000,0.000000,-0.851897,3.141593,-0.036411,0,-1.484555,Accelerate,traj_vel,-0.291287,2.462932,-0.150000,-1.248063,1.064869,1.016268,-0.667500,8.000,2.000,0,0
519,2595,right_shoulder_pitch,1.482637,-0.119907,1.444694,-0.690000,1.444694,0.000000,0.000000,-0.849750,3.141593,-0.037943,0,-1.482637,Accelerate,traj_vel,-0.303547,2.462520,-0.150000,-1.254844,1.057676,1.177404,-0.690000,8.000,2.000,0,0
520,2600,right_shoulder_pitch,1.478802,-0.239640,1.441131,-0.712500,1.441131,0.000000,0.000000,-0.847547,3.141593,-0.037671,0,-1.478802,Accelerate,traj_vel,-0.301368,2.461667,-0.150000,-1.211313,1.100354,1.190221,-0.712500,8.000,2.000,0,0
521,2605,right_shoulder_pitch,1.473050,-0.359544,1.437456,-0.735000,1.437456,0.000000,0.000000,-0.845288,3.141593,-0.035594,0,-1.473050,Accelerate,traj_vel,-0.284748,2.460320,-0.150000,-1.129962,1.180357,1.217687,-0.735000,8.000,2.000,0,0
522,2610,right_shoulder_pitch,1.466914,-0.383451,1.433669,-0.757500,1.433669,0.000000,0.000000,-0.842972,3.141593,-0.033245,0,-1.466914,Accelerate,traj_vel,-0.265961,2.458793,-0.150000,-1.068246,1.240547,0.985136,-0.757500,8.000,2.000,0,0
523,2615,right_shoulder_pitch,1.457709,-0.574925,1.429769,-0.780000,1.429769,0.000000,0.000000,-0.840600,3.141593,-0.027940,0,-1.457709,Accelerate,traj_vel,-0.223524,2.456329,-0.150000,-0.937472,1.368857,1.157262,-0.780000,8.000,2.000,0,0
524,2620,right_shoulder_pitch,1.448122,-0.599775,1.425756,-0.802500,1.425756,0.000000,0.000000,-0.838172,3.141593,-0.022366,0,-1.448122,Accelerate,traj_vel,-0.178925,2.453542,-0.150000,-0.838217,1.465325,1.133459,-0.802500,8.000,2.000,0,0
525,2625,right_shoulder_pitch,1.436234,-0.742850,1.421631,-0.825000,1.421631,0.000000,0.000000,-0.835688,3.141593,-0.014602,0,-1.436234,Accelerate,traj_vel,-0.116818,2.449772,-0.150000,-0.703487,1.596285,2.087467,-0.825000,8.000,2.000,0,0
526,2630,right_shoulder_pitch,1.423194,-0.814994,1.417394,-0.847500,1.417394,0.000000,0.000000,-0.833147,3.141593,-0.005800,0,-1.423194,Accelerate,traj_vel,-0.046401,2.445240,-0.150000,-0.577619,1.717621,1.168249,-0.847500,8.000,2.000,0,0
527,2635,right_shoulder_pitch,1.411689,-0.719002,1.413044,-0.870000,1.411689,0.000000,0.000000,-0.830550,3.141593,0.000000,0,-1.411689,Accelerate,traj_vel,0.000000,2.440895,-0.150000,-0.542463,1.748432,1.682789,-0.870000,8.000,2.000,0,0
528,2640,right_shoulder_pitch,1.398650,-0.815227,1.408581,-0.892500,1.398650,0.000000,0.000000,-0.827897,3.141593,0.000000,0,-1.398650,Accelerate,traj_vel,0.000000,2.435580,-0.150000,-0.479233,1.806347,2.241279,-0.892500,8.000,2.000,0,0
529,2645,right_shoulder_pitch,1.384460,-0.886865,1.404006,-0.915000,1.384460,0.000000,0.000000,-0.825188,3.141593,0.000000,0,-1.384460,Accelerate,traj_vel,0.000000,2.429326,-0.150000,-0.407242,1.872084,1.380658,-0.915000,8.000,2.000,0,0
530,2650,right_shoulder_pitch,1.372571,-0.742841,1.399319,-0.937500,1.372571,0.000000,0.000000,-0.822422,3.141593,0.000000,0,-1.372571,Accelerate,traj_vel,0.000000,2.423710,-0.150000,-0.436511,1.837199,2.169868,-0.937500,8.000,2.000,0,0
531,2655,right_shoulder_pitch,1.359532,-0.814970,1.394519,-0.960000,1.394519,0.000000,0.000000,-0.819600,3.141593,0.034987,0,-1.359532,Accelerate,traj_vel,0.279898,2.417156,-0.150000,-0.433649,1.833508,2.140567,-0.960000,8.000,2.000,0,0
532,2660,right_shoulder_pitch,1.347643,-0.742889,1.389606,-0.982500,1.389606,0.000000,0.000000,-0.816722,3.141593,0.041963,0,-1.347643,Accelerate,traj_vel,0.335705,2.410823,-0.150000,-0.478792,1.782031,1.406293,-0.982500,8.000,2.000,0,0
533,2665,right_shoulder_pitch,1.337288,-0.647395,1.384606,-1.000000,1.384606,0.000000,0.000000,-0.814444,3.141593,0.047318,0,-1.337288,Cruise,traj_vel,0.378546,2.405028,-0.150000,-0.561646,1.693382,2.534258,-1.000000,8.000,2.000,0,0
534,2670,right_shoulder_pitch,1.326167,-0.695064,1.379606,-1.000000,1.379606,0.000000,0.000000,-0.814444,3.141593,0.053440,0,-1.326167,Cruise,traj_vel,0.427517,2.398518,-0.150000,-0.573703,1.674815,2.279731,-1.000000,8.000,2.000,0,0
535,2675,right_shoulder_pitch,1.315812,-0.647103,1.374606,-1.000000,1.374606,0.000000,0.000000,-0.814444,3.141593,0.058794,0,-1.315812,Cruise,traj_vel,0.470352,2.392190,-0.150000,-0.606726,1.635464,1.644337,-1.000000,8.000,2.000,0,0
536,2680,right_shoulder_pitch,1.308525,-0.455440,1.369606,-1.000000,1.369606,0.000000,0.000000,-0.814444,3.141593,0.061081,0,-1.308525,Cruise,traj_vel,0.488649,2.387583,-0.150000,-0.727324,1.510258,2.144229,-1.000000,8.000,2.000,0,0
537,2685,right_shoulder_pitch,1.300088,-0.527212,1.364606,-1.000000,1.364606,0.000000,0.000000,-0.814444,3.141593,0.064518,0,-1.300088,Cruise,traj_vel,0.516145,2.382090,-0.150000,-0.781887,1.450203,2.620318,-1.000000,8.000,2.000,0,0
538,2690,right_shoulder_pitch,1.292035,-0.503531,1.359606,-1.000000,1.359606,0.000000,0.000000,-0.814444,3.141593,0.067571,0,-1.292035,Cruise,traj_vel,0.540571,2.376689,-0.150000,-0.834650,1.392039,1.778008,-1.000000,8.000,2.000,0,0
539,2695,right_shoulder_pitch,1.285515,-0.407474,1.354606,-1.000000,1.354606,0.000000,0.000000,-0.814444,3.141593,0.069092,0,-1.285515,Cruise,traj_vel,0.552733,2.372203,-0.150000,-0.922250,1.299953,1.737725,-1.000000,8.000,2.000,0,0
540,2700,right_shoulder_pitch,1.279763,-0.359476,1.349606,-1.000000,1.349606,0.000000,0.000000,-0.814444,3.141593,0.069844,0,-1.279763,Cruise,traj_vel,0.558752,2.368162,-0.150000,-1.011950,1.206212,1.759697,-1.000000,8.000,2.000,0,0
541,2705,right_shoulder_pitch,1.275161,-0.287625,1.344606,-1.000000,1.344606,0.000000,0.000000,-0.814444,3.141593,0.069446,0,-1.275161,Cruise,traj_vel,0.555567,2.364872,-0.150000,-1.115150,1.099722,1.843929,-1.000000,8.000,2.000,0,0
542,2710,right_shoulder_pitch,1.269792,-0.335481,1.339606,-1.000000,1.339606,0.000000,0.000000,-0.814444,3.141593,0.069815,0,-1.269792,Cruise,traj_vel,0.558519,2.360971,-0.150000,-1.168622,1.042349,2.147892,-1.000000,8.000,2.000,0,0
543,2715,right_shoulder_pitch,1.263655,-0.383717,1.334606,-1.000000,1.334606,0.000000,0.000000,-0.814444,3.141593,0.070952,0,-1.263655,Cruise,traj_vel,0.567612,2.356429,-0.150000,-1.184608,1.021821,1.820126,-1.000000,8.000,2.000,0,0
544,2720,right_shoulder_pitch,1.259053,-0.287594,1.329606,-1.000000,1.329606,0.000000,0.000000,-0.814444,3.141593,0.070553,0,-1.259053,Cruise,traj_vel,0.564428,2.352965,-0.150000,-1.244659,0.958306,1.574754,-1.000000,8.000,2.000,0,0
545,2725,right_shoulder_pitch,1.254451,-0.287579,1.324606,-1.000000,1.324606,0.000000,0.000000,-0.814444,3.141593,0.070155,0,-1.254451,Cruise,traj_vel,0.561244,2.349450,-0.150000,-1.289705,0.909745,1.567429,-1.000000,8.000,2.000,0,0
546,2730,right_shoulder_pitch,1.248315,-0.383527,1.319606,-1.000000,1.319606,0.000000,0.000000,-0.814444,3.141593,0.071291,0,-1.248315,Cruise,traj_vel,0.570331,2.344687,-0.150000,-1.275515,0.919172,1.598561,-1.000000,8.000,2.000,0,0
547,2735,right_shoulder_pitch,1.242179,-0.383465,1.314606,-1.000000,1.314606,0.000000,0.000000,-0.814444,3.141593,0.072427,0,-1.242179,Cruise,traj_vel,0.579419,2.339836,-0.150000,-1.264904,0.924932,1.320230,-1.000000,8.000,2.000,0,0
548,2740,right_shoulder_pitch,1.237193,-0.311689,1.309606,-1.000000,1.309606,0.000000,0.000000,-0.814444,3.141593,0.072413,0,-1.237193,Cruise,traj_vel,0.579308,2.335828,-0.150000,-1.292833,0.892995,1.688282,-1.000000,8.000,2.000,0,0
549,2745,right_shoulder_pitch,1.231057,-0.383496,1.304606,-1.000000,1.304606,0.000000,0.000000,-0.814444,3.141593,0.073549,0,-1.231057,Cruise,traj_vel,0.588396,2.330818,-0.150000,-1.277877,0.902941,2.006897,-1.000000,8.000,2.000,0,0
550,2750,right_shoulder_pitch,1.224154,-0.431345,1.299606,-1.000000,1.299606,0.000000,0.000000,-0.814444,3.141593,0.075452,0,-1.224154,Cruise,traj_vel,0.603619,2.325075,-0.150000,-1.242735,0.932340,1.646168,-1.000000,8.000,2.000,0,0
551,2755,right_shoulder_pitch,1.218018,-0.383551,1.294606,-1.000000,1.294606,0.000000,0.000000,-0.814444,3.141593,0.076588,0,-1.218018,Cruise,traj_vel,0.612707,2.319878,-0.150000,-1.240276,0.929602,1.314737,-1.000000,8.000,2.000,0,0
552,2760,right_shoulder_pitch,1.212649,-0.335569,1.289606,-1.000000,1.289606,0.000000,0.000000,-0.814444,3.141593,0.076958,0,-1.212649,Cruise,traj_vel,0.615664,2.315258,-0.150000,-1.262423,0.902836,1.538132,-1.000000,8.000,2.000,0,0
553,2765,right_shoulder_pitch,1.205362,-0.455450,1.284606,-1.000000,1.284606,0.000000,0.000000,-0.814444,3.141593,0.079244,0,-1.205362,Cruise,traj_vel,0.633955,2.308883,-0.150000,-1.219092,0.939791,1.699272,-1.000000,8.000,2.000,0,0
554,2770,right_shoulder_pitch,1.198076,-0.455404,1.279606,-1.000000,1.279606,0.000000,0.000000,-0.814444,3.141593,0.081531,0,-1.198076,Cruise,traj_vel,0.652246,2.302384,-0.150000,-1.186617,0.965767,1.891537,-1.000000,8.000,2.000,0,0
555,2775,right_shoulder_pitch,1.191173,-0.431379,1.274606,-1.000000,1.274606,0.000000,0.000000,-0.814444,3.141593,0.083434,0,-1.191173,Cruise,traj_vel,0.667469,2.296116,-0.150000,-1.174273,0.971842,1.919003,-1.000000,8.000,2.000,0,0
556,2780,right_shoulder_pitch,1.184269,-0.430774,1.269606,-1.000000,1.269606,0.000000,0.000000,-0.814444,3.141593,0.085337,0,-1.184269,Cruise,traj_vel,0.682698,2.289736,-0.150000,-1.165318,0.974419,1.519822,-1.000000,8.000,2.000,0,0
557,2785,right_shoulder_pitch,1.177366,-0.344742,1.264606,-1.000000,1.227366,0.000000,0.000000,-0.814444,3.141593,0.050000,1,-1.177366,Cruise,traj_vel,0.400000,2.283249,-0.150000,-1.201617,0.931632,1.371503,-1.000000,8.000,2.000,0,0
558,2790,right_shoulder_pitch,1.169313,-0.503254,1.259606,-1.000000,1.219313,0.000000,0.000000,-0.814444,3.141593,0.050000,1,-1.169313,Cruise,traj_vel,0.400000,2.275543,-0.150000,-1.149586,0.975957,1.895199,-1.000000,8.000,2.000,0,0
559,2795,right_shoulder_pitch,1.161642,-0.320224,1.254606,-1.000000,1.211642,0.000000,0.000000,-0.814444,3.141593,0.050000,1,-1.161642,Cruise,traj_vel,0.400000,2.268065,-0.150000,-1.202077,0.915988,1.882381,-1.000000,8.000,2.000,0,0
560,2800,right_shoulder_pitch,1.151288,-0.517917,1.249606,-1.000000,1.201288,0.000000,0.000000,-0.814444,3.141593,0.050000,1,-1.151288,Cruise,traj_vel,0.400000,2.257761,-0.150000,-1.142599,0.965161,1.463056,-1.000000,8.000,2.000,0,0
561,2805,right_shoulder_pitch,1.142084,-0.460143,1.244606,-1.000000,1.192084,0.000000,0.000000,-0.814444,3.141593,0.050000,1,-1.142084,Cruise,traj_vel,0.400000,2.248397,-0.150000,-1.126878,0.971519,1.257974,-1.000000,8.000,2.000,0,0
562,2810,right_shoulder_pitch,1.133263,-0.367560,1.239606,-1.000000,1.183263,0.000000,0.000000,-0.814444,3.141593,0.050000,1,-1.133263,Cruise,traj_vel,0.400000,2.239245,-0.150000,-1.161379,0.927866,1.847591,-1.000000,8.000,2.000,0,0
563,2815,right_shoulder_pitch,1.119457,-0.862867,1.234606,-1.000000,1.169457,0.000000,0.000000,-0.814444,3.141593,0.050000,1,-1.119457,Cruise,traj_vel,0.400000,2.224571,-0.150000,-0.939600,1.134971,1.477708,-1.000000,8.000,2.000,0,0
564,2820,right_shoulder_pitch,1.111786,-0.479367,1.229606,-1.000000,1.161786,0.000000,0.000000,-0.814444,3.141593,0.050000,1,-1.111786,Cruise,traj_vel,0.400000,2.216235,-0.150000,-0.965017,1.101218,1.237832,-1.000000,8.000,2.000,0,0
565,2825,right_shoulder_pitch,1.103733,-0.503390,1.224606,-1.000000,1.153733,0.000000,0.000000,-0.814444,3.141593,0.050000,1,-1.103733,Cruise,traj_vel,0.400000,2.207342,-0.150000,-0.972068,1.085274,1.345865,-1.000000,8.000,2.000,0,0
566,2830,right_shoulder_pitch,1.096447,-0.455430,1.219606,-1.000000,1.146447,0.000000,0.000000,-0.814444,3.141593,0.050000,1,-1.096447,Cruise,traj_vel,0.400000,2.199173,-0.150000,-1.001336,1.047837,1.882381,-1.000000,8.000,2.000,0,0
567,2835,right_shoulder_pitch,1.086858,-0.597582,1.214606,-1.000000,1.136858,0.000000,0.000000,-0.814444,3.141593,0.050000,1,-1.086858,Cruise,traj_vel,0.400000,2.188245,-0.150000,-0.952211,1.086034,2.122257,-1.000000,8.000,2.000,0,0
568,2840,right_shoulder_pitch,1.078421,-0.528827,1.209606,-1.000000,1.128421,0.000000,0.000000,-0.814444,3.141593,0.050000,1,-1.078421,Cruise,traj_vel,0.400000,2.178464,-0.150000,-0.949745,1.078719,1.036409,-1.000000,8.000,2.000,0,0
569,2845,right_shoulder_pitch,1.071519,-0.431373,1.204606,-1.000000,1.121519,0.000000,0.000000,-0.814444,3.141593,0.050000,1,-1.071519,Cruise,traj_vel,0.400000,2.170345,-0.150000,-0.996622,1.023723,1.411786,-1.000000,8.000,2.000,0,0
570,2850,right_shoulder_pitch,1.063848,-0.479469,1.199606,-1.000000,1.113848,0.000000,0.000000,-0.814444,3.141593,0.050000,1,-1.063848,Cruise,traj_vel,0.400000,2.161202,-0.150000,-1.007732,1.003470,1.798149,-1.000000,8.000,2.000,0,0
571,2855,right_shoulder_pitch,1.055027,-0.551287,1.194606,-1.000000,1.105027,0.000000,0.000000,-0.814444,3.141593,0.050000,1,-1.055027,Cruise,traj_vel,0.400000,2.150531,-0.150000,-0.980156,1.020376,2.083805,-1.000000,8.000,2.000,0,0
572,2860,right_shoulder_pitch,1.045824,-0.575166,1.189606,-1.000000,1.095824,0.000000,0.000000,-0.814444,3.141593,0.050000,1,-1.045824,Cruise,traj_vel,0.400000,2.139219,-0.150000,-0.947534,1.041685,1.265298,-1.000000,8.000,2.000,0,0
573,2865,right_shoulder_pitch,1.038920,-0.431518,1.184606,-1.000000,1.088920,0.000000,0.000000,-0.814444,3.141593,0.050000,1,-1.038920,Cruise,traj_vel,0.400000,2.130614,-0.150000,-0.994891,0.985723,1.104158,-1.000000,8.000,2.000,0,0
574,2870,right_shoulder_pitch,1.031250,-0.479458,1.179606,-1.000000,1.081250,0.000000,0.000000,-0.814444,3.141593,0.050000,1,-1.031250,Cruise,traj_vel,0.400000,2.120935,-0.150000,-1.006439,0.964496,1.578416,-1.000000,8.000,2.000,0,0
575,2875,right_shoulder_pitch,1.022430,-0.551094,1.174606,-1.000000,1.072430,0.000000,0.000000,-0.814444,3.141593,0.050000,1,-1.022430,Cruise,traj_vel,0.400000,2.109651,-0.150000,-0.979282,0.980368,1.865902,-1.000000,8.000,2.000,0,0
576,2880,right_shoulder_pitch,1.013992,-0.527439,1.169606,-1.000000,1.063992,0.000000,0.000000,-0.814444,3.141593,0.050000,1,-1.013992,Cruise,traj_vel,0.400000,2.098702,-0.150000,-0.970742,0.977960,1.571091,-1.000000,8.000,2.000,0,0
577,2885,right_shoulder_pitch,1.005939,-0.503150,1.164606,-1.000000,1.055939,0.000000,0.000000,-0.814444,3.141593,0.050000,1,-1.005939,Cruise,traj_vel,0.400000,2.088113,-0.150000,-0.976481,0.961631,1.107820,-1.000000,8.000,2.000,0,0
578,2890,right_shoulder_pitch,0.999036,-0.431531,1.159606,-1.000000,1.049036,0.000000,0.000000,-0.814444,3.141593,0.050000,1,-0.999036,Cruise,traj_vel,0.400000,2.078928,-0.150000,-1.016596,0.912333,1.298257,-1.000000,8.000,2.000,0,0
579,2895,right_shoulder_pitch,0.990982,-0.503504,1.154606,-1.000000,1.040982,0.000000,0.000000,-0.814444,3.141593,0.050000,1,-0.990982,Cruise,traj_vel,0.400000,2.068087,-0.150000,-1.010695,0.907392,1.917171,-1.000000,8.000,2.000,0,0
580,2900,right_shoulder_pitch,0.982161,-0.551155,1.149606,-1.000000,1.032161,0.000000,0.000000,-0.814444,3.141593,0.050000,1,-0.982161,Cruise,traj_vel,0.400000,2.056060,-0.150000,-0.982444,0.923617,1.437421,-1.000000,8.000,2.000,0,0
581,2905,right_shoulder_pitch,0.974108,-0.503473,1.144606,-1.000000,1.024108,0.000000,0.000000,-0.814444,3.141593,0.050000,1,-0.974108,Cruise,traj_vel,0.400000,2.044940,-0.150000,-0.985096,0.909844,1.149938,-1.000000,8.000,2.000,0,0
582,2910,right_shoulder_pitch,0.966437,-0.479258,1.139606,-1.000000,1.016437,0.000000,0.000000,-0.814444,3.141593,0.050000,1,-0.966437,Cruise,traj_vel,0.400000,2.034225,-0.150000,-0.999193,0.885031,1.151769,-1.000000,8.000,2.000,0,0
583,2915,right_shoulder_pitch,0.959151,-0.455561,1.134606,-1.000000,1.009151,0.000000,0.000000,-0.814444,3.141593,0.050000,1,-0.959151,Cruise,traj_vel,0.400000,2.023935,-0.150000,-1.021614,0.852321,1.662648,-1.000000,8.000,2.000,0,0
584,2920,right_shoulder_pitch,0.949947,-0.575083,1.129606,-1.000000,0.999947,0.000000,0.000000,-0.814444,3.141593,0.050000,1,-0.949947,Cruise,traj_vel,0.400000,2.010784,-0.150000,-0.978669,0.882115,1.781670,-1.000000,8.000,2.000,0,0
585,2925,right_shoulder_pitch,0.941509,-0.527493,1.124606,-1.000000,0.991509,0.000000,0.000000,-0.814444,3.141593,0.050000,1,-0.941509,Cruise,traj_vel,0.400000,1.998579,-0.150000,-0.970256,0.878323,0.972319,-1.000000,8.000,2.000,0,0
586,2930,right_shoulder_pitch,0.934223,-0.455325,1.119606,-1.000000,0.984223,0.000000,0.000000,-0.814444,3.141593,0.050000,1,-0.934223,Cruise,traj_vel,0.400000,1.987924,-0.150000,-1.000029,0.837895,1.248819,-1.000000,8.000,2.000,0,0
587,2935,right_shoulder_pitch,0.926553,-0.479307,1.114606,-1.000000,0.976553,0.000000,0.000000,-0.814444,3.141593,0.050000,1,-0.926553,Cruise,traj_vel,0.400000,1.976594,-0.150000,-1.010368,0.816226,1.236001,-1.000000,8.000,2.000,0,0
588,2940,right_shoulder_pitch,0.918882,-0.479382,1.109606,-1.000000,0.968882,0.000000,0.000000,-0.814444,3.141593,0.050000,1,-0.918882,Cruise,traj_vel,0.400000,1.965147,-0.150000,-1.018085,0.797062,1.913509,-1.000000,8.000,2.000,0,0
589,2945,right_shoulder_pitch,0.909678,-0.575350,1.104606,-1.000000,0.959678,0.000000,0.000000,-0.814444,3.141593,0.050000,1,-0.909678,Cruise,traj_vel,0.400000,1.951260,-0.150000,-0.975889,0.825371,1.314737,-1.000000,8.000,2.000,0,0
590,2950,right_shoulder_pitch,0.902392,-0.455481,1.099606,-1.000000,0.952392,0.000000,0.000000,-0.814444,3.141593,0.050000,1,-0.902392,Cruise,traj_vel,0.400000,1.940148,-0.150000,-1.004176,0.785972,0.937529,-1.000000,8.000,2.000,0,0
591,2955,right_shoulder_pitch,0.894338,-0.503294,1.094606,-1.000000,0.944338,0.000000,0.000000,-0.814444,3.141593,0.050000,1,-0.894338,Cruise,traj_vel,0.400000,1.927746,-0.150000,-1.001485,0.776261,1.234170,-1.000000,8.000,2.000,0,0
592,2960,right_shoulder_pitch,0.886668,-0.479323,1.089606,-1.000000,0.936668,0.000000,0.000000,-0.814444,3.141593,0.050000,1,-0.886668,Cruise,traj_vel,0.400000,1.915819,-0.150000,-1.011452,0.754367,1.530808,-1.000000,8.000,2.000,0,0
593,2965,right_shoulder_pitch,0.877847,-0.551374,1.084606,-1.000000,0.927847,0.000000,0.000000,-0.814444,3.141593,0.050000,1,-0.877847,Cruise,traj_vel,0.400000,1.901964,-0.150000,-0.982902,0.769062,1.607716,-1.000000,8.000,2.000,0,0
594,2970,right_shoulder_pitch,0.869410,-0.527298,1.079606,-1.000000,0.919410,0.000000,0.000000,-0.814444,3.141593,0.050000,1,-0.869410,Cruise,traj_vel,0.400000,1.888572,-0.150000,-0.973528,0.765044,0.979643,-1.000000,8.000,2.000,0,0
595,2975,right_shoulder_pitch,0.861740,-0.479458,1.074606,-1.000000,0.911740,0.000000,0.000000,-0.814444,3.141593,0.050000,1,-0.861740,Cruise,traj_vel,0.400000,1.876281,-0.150000,-0.990417,0.735865,1.186559,-1.000000,8.000,2.000,0,0
596,2980,right_shoulder_pitch,0.853687,-0.503177,1.069606,-1.000000,0.903687,0.000000,0.000000,-0.814444,3.141593,0.050000,1,-0.853687,Cruise,traj_vel,0.400000,1.863258,-0.150000,-0.991224,0.722034,1.470383,-1.000000,8.000,2.000,0,0
597,2985,right_shoulder_pitch,0.844482,-0.575420,1.064606,-1.000000,0.894482,0.000000,0.000000,-0.814444,3.141593,0.050000,1,-0.844482,Cruise,traj_vel,0.400000,1.848224,-0.150000,-0.955708,0.742516,1.470383,-1.000000,8.000,2.000,0,0
598,2990,right_shoulder_pitch,0.835662,-0.551337,1.059606,-1.000000,0.885662,0.000000,0.000000,-0.814444,3.141593,0.050000,1,-0.835662,Cruise,traj_vel,0.400000,1.833671,-0.150000,-0.941113,0.742559,1.115148,-1.000000,8.000,2.000,0,0
599,2995,right_shoulder_pitch,0.827608,-0.503172,1.054606,-1.000000,0.877608,0.000000,0.000000,-0.814444,3.141593,0.050000,1,-0.827608,Cruise,traj_vel,0.400000,1.820259,-0.150000,-0.954249,0.716011,0.888090,-1.000000,8.000,2.000,0,0
600,3000,right_shoulder_pitch,0.819937,-0.479454,1.049606,-1.000000,0.869937,0.000000,0.000000,-0.814444,3.141593,0.050000,1,-0.819937,Cruise,traj_vel,0.400000,1.807375,-0.150000,-0.975959,0.681416,1.481370,-1.000000,8.000,2.000,0,0
601,3005,right_shoulder_pitch,0.810350,-0.598996,1.044606,-1.000000,0.860350,0.000000,0.000000,-0.814444,3.141593,0.050000,1,-0.810350,Cruise,traj_vel,0.400000,1.791121,-0.150000,-0.932472,0.708650,1.675465,-1.000000,8.000,2.000,0,0
602,3010,right_shoulder_pitch,0.801913,-0.527509,1.039606,-1.000000,0.851913,0.000000,0.000000,-0.814444,3.141593,0.050000,1,-0.801913,Cruise,traj_vel,0.400000,1.776682,-0.150000,-0.935599,0.691083,0.992460,-1.000000,8.000,2.000,0,0
603,3015,right_shoulder_pitch,0.793476,-0.527421,1.034606,-1.000000,0.843476,0.000000,0.000000,-0.814444,3.141593,0.050000,1,-0.793476,Cruise,traj_vel,0.400000,1.762115,-0.150000,-0.937989,0.674126,0.893583,-1.000000,8.000,2.000,0,0
604,3020,right_shoulder_pitch,0.786189,-0.455290,1.029606,-1.000000,0.836189,0.000000,0.000000,-0.814444,3.141593,0.050000,1,-0.786189,Cruise,traj_vel,0.400000,1.749435,-0.150000,-0.975847,0.623588,1.148107,-1.000000,8.000,2.000,0,0
605,3025,right_shoulder_pitch,0.777369,-0.551401,1.024606,-1.000000,0.827369,0.000000,0.000000,-0.814444,3.141593,0.050000,1,-0.777369,Cruise,traj_vel,0.400000,1.733961,-0.150000,-0.956185,0.627776,1.834774,-1.000000,8.000,2.000,0,0
606,3030,right_shoulder_pitch,0.768548,-0.551206,1.019606,-1.000000,0.818548,0.000000,0.000000,-0.814444,3.141593,0.050000,1,-0.768548,Cruise,traj_vel,0.400000,1.718350,-0.150000,-0.941535,0.626815,0.811182,-1.000000,8.000,2.000,0,0
607,3035,right_shoulder_pitch,0.761645,-0.431269,1.014606,-1.000000,0.811645,0.000000,0.000000,-0.814444,3.141593,0.050000,1,-0.761645,Cruise,traj_vel,0.400000,1.706041,-0.150000,-0.990517,0.565525,1.054720,-1.000000,8.000,2.000,0,0
608,3040,right_shoulder_pitch,0.753975,-0.479651,1.009606,-1.000000,0.803975,0.000000,0.000000,-0.814444,3.141593,0.050000,1,-0.753975,Cruise,traj_vel,0.400000,1.692269,-0.150000,-1.003062,0.539207,0.906401,-1.000000,8.000,2.000,0,0
609,3045,right_shoulder_pitch,0.746304,-0.479282,1.004606,-1.000000,0.796304,0.000000,0.000000,-0.814444,3.141593,0.050000,1,-0.746304,Cruise,traj_vel,0.400000,1.678396,-0.150000,-1.012656,0.515741,1.532639,-1.000000,8.000,2.000,0,0
610,3050,right_shoulder_pitch,0.736717,-0.599378,0.999606,-1.000000,0.786717,0.000000,0.000000,-0.814444,3.141593,0.050000,1,-0.736717,Cruise,traj_vel,0.400000,1.660918,-0.150000,-0.959803,0.551115,1.058382,-1.000000,8.000,2.000,0,0
611,3055,right_shoulder_pitch,0.729430,-0.455377,0.994606,-1.000000,0.779430,0.000000,0.000000,-0.814444,3.141593,0.050000,1,-0.729430,Cruise,traj_vel,0.400000,1.647532,-0.150000,-0.992163,0.505369,0.695822,-1.000000,8.000,2.000,0,0
612,3060,right_shoulder_pitch,0.721376,-0.503355,0.989606,-1.000000,0.771376,0.000000,0.000000,-0.814444,3.141593,0.050000,1,-0.721376,Cruise,traj_vel,0.400000,1.632634,-0.150000,-0.992445,0.490189,0.917387,-1.000000,8.000,2.000,0,0
613,3065,right_shoulder_pitch,0.713706,-0.479417,0.984606,-1.000000,0.763706,0.000000,0.000000,-0.814444,3.141593,0.050000,1,-0.713706,Cruise,traj_vel,0.400000,1.618349,-0.150000,-1.004625,0.463724,1.162755,-1.000000,8.000,2.000,0,0
614,3070,right_shoulder_pitch,0.704886,-0.551014,0.979606,-1.000000,0.754886,0.000000,0.000000,-0.814444,3.141593,0.050000,1,-0.704886,Cruise,traj_vel,0.400000,1.601803,-0.150000,-0.977962,0.473841,1.486863,-1.000000,8.000,2.000,0,0
615,3075,right_shoulder_pitch,0.696065,-0.551627,0.974606,-1.000000,0.746065,0.000000,0.000000,-0.814444,3.141593,0.050000,1,-0.696065,Cruise,traj_vel,0.400000,1.585130,-0.150000,-0.957658,0.477473,0.708640,-1.000000,8.000,2.000,0,0
616,3080,right_shoulder_pitch,0.688778,-0.455231,0.969606,-1.000000,0.738778,0.000000,0.000000,-0.814444,3.141593,0.050000,1,-0.688778,Cruise,traj_vel,0.400000,1.571266,-0.150000,-0.990628,0.430638,0.750754,-1.000000,8.000,2.000,0,0
617,3085,right_shoulder_pitch,0.680725,-0.502430,0.964606,-1.000000,0.730725,0.000000,0.000000,-0.814444,3.141593,0.050000,1,-0.680725,Cruise,traj_vel,0.400000,1.555845,-0.150000,-0.991756,0.414089,1.113317,-1.000000,8.000,2.000,0,0
618,3090,right_shoulder_pitch,0.671520,-0.575422,0.959606,-1.000000,0.721520,0.000000,0.000000,-0.814444,3.141593,0.050000,1,-0.671520,Cruise,traj_vel,0.400000,1.538096,-0.150000,-0.956106,0.431990,1.305581,-1.000000,8.000,2.000,0,0
619,3095,right_shoulder_pitch,0.662700,-0.550749,0.954606,-1.000000,0.712700,0.000000,0.000000,-0.814444,3.141593,0.050000,1,-0.662700,Cruise,traj_vel,0.400000,1.520966,-0.150000,-0.941705,0.429261,0.838648,-1.000000,8.000,2.000,0,0
620,3100,right_shoulder_pitch,0.654647,-0.504451,0.949606,-1.000000,0.704647,0.000000,0.000000,-0.814444,3.141593,0.050000,1,-0.654647,Cruise,traj_vel,0.400000,1.505222,-0.150000,-0.954053,0.401168,0.542010,-1.000000,8.000,2.000,0,0
621,3105,right_shoulder_pitch,0.647359,-0.455518,0.944606,-1.000000,0.697359,0.000000,0.000000,-0.814444,3.141593,0.050000,1,-0.647359,Cruise,traj_vel,0.400000,1.490891,-0.150000,-0.987781,0.353111,0.970488,-1.000000,8.000,2.000,0,0
622,3110,right_shoulder_pitch,0.638156,-0.575319,0.939606,-1.000000,0.688156,0.000000,0.000000,-0.814444,3.141593,0.050000,1,-0.638156,Cruise,traj_vel,0.400000,1.472679,-0.150000,-0.953176,0.369503,1.450238,-1.000000,8.000,2.000,0,0
623,3115,right_shoulder_pitch,0.629335,-0.551480,0.934606,-1.000000,0.679335,0.000000,0.000000,-0.814444,3.141593,0.050000,1,-0.629335,Cruise,traj_vel,0.400000,1.455108,-0.150000,-0.939142,0.365966,0.748923,-1.000000,8.000,2.000,0,0
624,3120,right_shoulder_pitch,0.621664,-0.479158,0.929606,-1.000000,0.671664,0.000000,0.000000,-0.814444,3.141593,0.050000,1,-0.621664,Cruise,traj_vel,0.400000,1.439736,-0.150000,-0.964778,0.324958,0.562152,-1.000000,8.000,2.000,0,0
625,3125,right_shoulder_pitch,0.613995,-0.479489,0.924606,-1.000000,0.663995,0.000000,0.000000,-0.814444,3.141593,0.050000,1,-0.613995,Cruise,traj_vel,0.400000,1.424280,-0.150000,-0.983839,0.290441,0.571307,-1.000000,8.000,2.000,0,0
626,3130,right_shoulder_pitch,0.606325,-0.479366,0.919606,-1.000000,0.656325,0.000000,0.000000,-0.814444,3.141593,0.050000,1,-0.606325,Cruise,traj_vel,0.400000,1.408740,-0.150000,-0.998196,0.260544,1.439252,-1.000000,8.000,2.000,0,0
627,3135,right_shoulder_pitch,0.596353,-0.623249,0.914606,-1.000000,0.646353,0.000000,0.000000,-0.814444,3.141593,0.050000,1,-0.596353,Cruise,traj_vel,0.400000,1.388414,-0.150000,-0.937023,0.301391,0.824000,-1.000000,8.000,2.000,0,0
628,3140,right_shoulder_pitch,0.589067,-0.455479,0.909606,-1.000000,0.639067,0.000000,0.000000,-0.814444,3.141593,0.050000,1,-0.589067,Cruise,traj_vel,0.400000,1.373473,-0.150000,-0.975028,0.248446,0.567645,-1.000000,8.000,2.000,0,0
629,3145,right_shoulder_pitch,0.580630,-0.527201,0.904606,-1.000000,0.630630,0.000000,0.000000,-0.814444,3.141593,0.050000,1,-0.580630,Cruise,traj_vel,0.400000,1.356083,-0.150000,-0.967670,0.238413,0.413833,-1.000000,8.000,2.000,0,0
630,3150,right_shoulder_pitch,0.573726,-0.431625,0.899606,-1.000000,0.623726,0.000000,0.000000,-0.814444,3.141593,0.050000,1,-0.573726,Cruise,traj_vel,0.400000,1.341781,-0.150000,-1.009940,0.181841,0.997957,-1.000000,8.000,2.000,0,0
631,3155,right_shoulder_pitch,0.563755,-0.622844,0.894606,-1.000000,0.613755,0.000000,0.000000,-0.814444,3.141593,0.050000,1,-0.563755,Cruise,traj_vel,0.400000,1.321012,-0.150000,-0.946033,0.224979,1.215856,-1.000000,8.000,2.000,0,0
632,3160,right_shoulder_pitch,0.555702,-0.503562,0.889606,-1.000000,0.605702,0.000000,0.000000,-0.814444,3.141593,0.050000,1,-0.555702,Cruise,traj_vel,0.400000,1.304141,-0.150000,-0.957744,0.196398,0.382701,-1.000000,8.000,2.000,0,0
633,3165,right_shoulder_pitch,0.548031,-0.479469,0.884606,-1.000000,0.598031,0.000000,0.000000,-0.814444,3.141593,0.050000,1,-0.548031,Cruise,traj_vel,0.400000,1.287994,-0.150000,-0.978573,0.159420,0.525527,-1.000000,8.000,2.000,0,0
634,3170,right_shoulder_pitch,0.539978,-0.503183,0.879606,-1.000000,0.589978,0.000000,0.000000,-0.814444,3.141593,0.050000,1,-0.539978,Cruise,traj_vel,0.400000,1.270959,-0.150000,-0.982339,0.138620,0.803858,-1.000000,8.000,2.000,0,0
635,3175,right_shoulder_pitch,0.531157,-0.551444,0.874606,-1.000000,0.581157,0.000000,0.000000,-0.814444,3.141593,0.050000,1,-0.531157,Cruise,traj_vel,0.400000,1.252207,-0.150000,-0.961032,0.141175,1.250650,-1.000000,8.000,2.000,0,0
636,3180,right_shoulder_pitch,0.521569,-0.598975,0.869606,-1.000000,0.571569,0.000000,0.000000,-0.814444,3.141593,0.050000,1,-0.521569,Cruise,traj_vel,0.400000,1.231712,-0.150000,-0.921286,0.160426,0.419326,-1.000000,8.000,2.000,0,0
637,3185,right_shoulder_pitch,0.513899,-0.479552,0.864606,-1.000000,0.563899,0.000000,0.000000,-0.814444,3.141593,0.050000,1,-0.513899,Cruise,traj_vel,0.400000,1.215236,-0.150000,-0.951189,0.114048,0.296642,-1.000000,8.000,2.000,0,0
638,3190,right_shoulder_pitch,0.505462,-0.527342,0.859606,-1.000000,0.555462,0.000000,0.000000,-0.814444,3.141593,0.050000,1,-0.505462,Cruise,traj_vel,0.400000,1.197030,-0.150000,-0.949721,0.097309,0.847803,-1.000000,8.000,2.000,0,0
639,3195,right_shoulder_pitch,0.496258,-0.575093,0.854606,-1.000000,0.546258,0.000000,0.000000,-0.814444,3.141593,0.050000,1,-0.496258,Cruise,traj_vel,0.400000,1.177070,-0.150000,-0.924744,0.102327,1.018099,-1.000000,8.000,2.000,0,0
640,3200,right_shoulder_pitch,0.487054,-0.575412,0.849606,-1.000000,0.537054,0.000000,0.000000,-0.814444,3.141593,0.050000,1,-0.487054,Cruise,traj_vel,0.400000,1.157013,-0.150000,-0.905852,0.101160,0.472426,-1.000000,8.000,2.000,0,0
641,3205,right_shoulder_pitch,0.478617,-0.527098,0.844606,-1.000000,0.528617,0.000000,0.000000,-0.814444,3.141593,0.050000,1,-0.478617,Cruise,traj_vel,0.400000,1.138540,-0.150000,-0.915840,0.072700,0.043945,-1.000000,8.000,2.000,0,0
642,3210,right_shoulder_pitch,0.471330,-0.455609,0.839606,-1.000000,0.521330,0.000000,0.000000,-0.814444,3.141593,0.050000,1,-0.471330,Cruise,traj_vel,0.400000,1.122519,-0.150000,-0.959076,0.013444,0.827662,-1.000000,8.000,2.000,0,0
643,3215,right_shoulder_pitch,0.461359,-0.623233,0.834606,-1.000000,0.511359,0.000000,0.000000,-0.814444,3.141593,0.050000,1,-0.461359,Cruise,traj_vel,0.400000,1.100502,-0.150000,-0.907690,0.042812,1.038240,-1.000000,8.000,2.000,0,0
644,3220,right_shoulder_pitch,0.452538,-0.551136,0.829606,-1.000000,0.502538,0.000000,0.000000,-0.814444,3.141593,0.050000,1,-0.452538,Cruise,traj_vel,0.400000,1.080933,-0.150000,-0.905200,0.025733,0.487075,-1.000000,8.000,2.000,0,0
645,3225,right_shoulder_pitch,0.443717,-0.551467,0.824606,-1.000000,0.493717,0.000000,0.000000,-0.814444,3.141593,0.050000,1,-0.443717,Cruise,traj_vel,0.400000,1.061281,-0.150000,-0.903166,0.008115,0.067753,-1.000000,8.000,2.000,0,0
646,3230,right_shoulder_pitch,0.436431,-0.455267,0.819606,-1.000000,0.486431,0.000000,0.000000,-0.814444,3.141593,0.050000,1,-0.436431,Cruise,traj_vel,0.400000,1.044984,-0.150000,-0.949741,-0.054757,0.556659,-1.000000,8.000,2.000,0,0
647,3235,right_shoulder_pitch,0.426459,-0.623283,0.814606,-1.000000,0.476459,0.000000,0.000000,-0.814444,3.141593,0.050000,1,-0.426459,Cruise,traj_vel,0.400000,1.022592,-0.150000,-0.900664,-0.028072,1.065706,-1.000000,8.000,2.000,0,0
648,3240,right_shoulder_pitch,0.418023,-0.527363,0.809606,-1.000000,0.468023,0.000000,0.000000,-0.814444,3.141593,0.050000,1,-0.418023,Cruise,traj_vel,0.400000,1.003567,-0.150000,-0.911817,-0.058250,0.164798,-1.000000,8.000,2.000,0,0
649,3245,right_shoulder_pitch,0.409202,-0.551071,0.804606,-1.000000,0.459202,0.000000,0.000000,-0.814444,3.141593,0.050000,1,-0.409202,Cruise,traj_vel,0.400000,0.983601,-0.150000,-0.908327,-0.074726,0.195930,-1.000000,8.000,2.000,0,0
650,3250,right_shoulder_pitch,0.401531,-0.479633,0.799606,-1.000000,0.451531,0.000000,0.000000,-0.814444,3.141593,0.050000,1,-0.401531,Cruise,traj_vel,0.400000,0.966175,-0.150000,-0.941429,-0.125254,0.395519,-1.000000,8.000,2.000,0,0
651,3255,right_shoulder_pitch,0.392328,-0.575064,0.794606,-1.000000,0.442328,0.000000,0.000000,-0.814444,3.141593,0.050000,1,-0.392328,Cruise,traj_vel,0.400000,0.945191,-0.150000,-0.918540,-0.123349,1.095003,-1.000000,8.000,2.000,0,0
652,3260,right_shoulder_pitch,0.382740,-0.599270,0.789606,-1.000000,0.432740,0.000000,0.000000,-0.814444,3.141593,0.050000,1,-0.382740,Cruise,traj_vel,0.400000,0.923247,-0.150000,-0.889270,-0.116023,0.124515,-1.000000,8.000,2.000,0,0
653,3265,right_shoulder_pitch,0.375070,-0.479478,0.784606,-1.000000,0.425070,0.000000,0.000000,-0.814444,3.141593,0.050000,1,-0.375070,Cruise,traj_vel,0.400000,0.905630,-0.150000,-0.927214,-0.171584,0.199592,-1.000000,8.000,2.000,0,0
654,3270,right_shoulder_pitch,0.366633,-0.527180,0.779606,-1.000000,0.416633,0.000000,0.000000,-0.814444,3.141593,0.050000,1,-0.366633,Cruise,traj_vel,0.400000,0.886191,-0.150000,-0.931820,-0.195629,0.388194,-1.000000,8.000,2.000,0,0
655,3275,right_shoulder_pitch,0.357812,-0.551457,0.774606,-1.000000,0.407812,0.000000,0.000000,-0.814444,3.141593,0.050000,1,-0.357812,Cruise,traj_vel,0.400000,0.865800,-0.150000,-0.923136,-0.207336,0.814844,-1.000000,8.000,2.000,0,0
656,3280,right_shoulder_pitch,0.347841,-0.622882,0.769606,-1.000000,0.397841,0.000000,0.000000,-0.814444,3.141593,0.050000,1,-0.347841,Cruise,traj_vel,0.400000,0.842668,-0.150000,-0.880912,-0.188244,0.166630,-1.000000,8.000,2.000,0,0
657,3285,right_shoulder_pitch,0.340171,-0.479529,0.764606,-1.000000,0.390171,0.000000,0.000000,-0.814444,3.141593,0.050000,1,-0.340171,Cruise,traj_vel,0.400000,0.824818,-0.150000,-0.920919,-0.246101,-0.076904,-1.000000,8.000,2.000,0,0
658,3290,right_shoulder_pitch,0.331350,-0.551349,0.759606,-1.000000,0.381350,0.000000,0.000000,-0.814444,3.141593,0.050000,1,-0.331350,Cruise,traj_vel,0.400000,0.804231,-0.150000,-0.915015,-0.260784,0.487075,-1.000000,8.000,2.000,0,0
659,3295,right_shoulder_pitch,0.322146,-0.575188,0.754606,-1.000000,0.372146,0.000000,0.000000,-0.814444,3.141593,0.050000,1,-0.322146,Cruise,traj_vel,0.400000,0.782680,-0.150000,-0.898667,-0.265987,0.589617,-1.000000,8.000,2.000,0,0
660,3300,right_shoulder_pitch,0.312558,-0.599369,0.749606,-1.000000,0.362558,0.000000,0.000000,-0.814444,3.141593,0.050000,1,-0.312558,Cruise,traj_vel,0.400000,0.760162,-0.150000,-0.874316,-0.264154,0.161136,-1.000000,8.000,2.000,0,0
661,3305,right_shoulder_pitch,0.304121,-0.527064,0.744606,-1.000000,0.354121,0.000000,0.000000,-0.814444,3.141593,0.050000,1,-0.304121,Cruise,traj_vel,0.400000,0.740287,-0.150000,-0.892205,-0.301918,-0.115356,-1.000000,8.000,2.000,0,0
662,3310,right_shoulder_pitch,0.296067,-0.503570,0.739606,-1.000000,0.346067,0.000000,0.000000,-0.814444,3.141593,0.050000,1,-0.296067,Cruise,traj_vel,0.400000,0.721268,-0.150000,-0.917369,-0.346101,0.551165,-1.000000,8.000,2.000,0,0
663,3315,right_shoulder_pitch,0.285713,-0.647213,0.734606,-1.000000,0.335713,0.000000,0.000000,-0.814444,3.141593,0.050000,1,-0.285713,Cruise,traj_vel,0.400000,0.696746,-0.150000,-0.864420,-0.317674,0.569476,-1.000000,8.000,2.000,0,0
664,3320,right_shoulder_pitch,0.276892,-0.551183,0.729606,-1.000000,0.326892,0.000000,0.000000,-0.814444,3.141593,0.050000,1,-0.276892,Cruise,traj_vel,0.400000,0.675796,-0.150000,-0.872724,-0.346927,0.064090,-1.000000,8.000,2.000,0,0
665,3325,right_shoulder_pitch,0.267688,-0.575377,0.724606,-1.000000,0.317688,0.000000,0.000000,-0.814444,3.141593,0.050000,1,-0.267688,Cruise,traj_vel,0.400000,0.653882,-0.150000,-0.866854,-0.362973,-0.159309,-1.000000,8.000,2.000,0,0
666,3330,right_shoulder_pitch,0.259634,-0.503090,0.719606,-1.000000,0.309634,0.000000,0.000000,-0.814444,3.141593,0.050000,1,-0.259634,Cruise,traj_vel,0.400000,0.634661,-0.150000,-0.898596,-0.413935,0.540179,-1.000000,8.000,2.000,0,0
667,3335,right_shoulder_pitch,0.248896,-0.671245,0.714606,-1.000000,0.298896,0.000000,0.000000,-0.814444,3.141593,0.050000,1,-0.248896,Cruise,traj_vel,0.400000,0.608967,-0.150000,-0.838324,-0.379357,0.457778,-1.000000,8.000,2.000,0,0
668,3340,right_shoulder_pitch,0.240075,-0.551375,0.709606,-1.000000,0.290075,0.000000,0.000000,-0.814444,3.141593,0.050000,1,-0.240075,Cruise,traj_vel,0.400000,0.587811,-0.150000,-0.853056,-0.415245,-0.151985,-1.000000,8.000,2.000,0,0
669,3345,right_shoulder_pitch,0.230871,-0.575078,0.704606,-1.000000,0.280871,0.000000,0.000000,-0.814444,3.141593,0.050000,1,-0.230871,Cruise,traj_vel,0.400000,0.565684,-0.150000,-0.852253,-0.436569,-0.124519,-1.000000,8.000,2.000,0,0
670,3350,right_shoulder_pitch,0.222817,-0.503573,0.699606,-1.000000,0.272817,0.000000,0.000000,-0.814444,3.141593,0.050000,1,-0.222817,Cruise,traj_vel,0.400000,0.546285,-0.150000,-0.887403,-0.491118,0.455947,-1.000000,8.000,2.000,0,0
671,3355,right_shoulder_pitch,0.212080,-0.670700,0.694606,-1.000000,0.262080,0.000000,0.000000,-0.814444,3.141593,0.050000,1,-0.212080,Cruise,traj_vel,0.400000,0.520365,-0.150000,-0.830203,-0.459838,0.261848,-1.000000,8.000,2.000,0,0
672,3360,right_shoulder_pitch,0.203258,-0.551595,0.689606,-1.000000,0.253258,0.000000,0.000000,-0.814444,3.141593,0.050000,1,-0.203258,Cruise,traj_vel,0.400000,0.499027,-0.150000,-0.846854,-0.497828,-0.373549,-1.000000,8.000,2.000,0,0
673,3365,right_shoulder_pitch,0.194438,-0.551366,0.684606,-1.000000,0.244438,0.000000,0.000000,-0.814444,3.141593,0.050000,1,-0.194438,Cruise,traj_vel,0.400000,0.477651,-0.150000,-0.859458,-0.531807,-0.058594,-1.000000,8.000,2.000,0,0
674,3370,right_shoulder_pitch,0.185618,-0.551037,0.679606,-1.000000,0.235618,0.000000,0.000000,-0.814444,3.141593,0.050000,1,-0.185618,Cruise,traj_vel,0.400000,0.456239,-0.150000,-0.869075,-0.562836,0.452285,-1.000000,8.000,2.000,0,0
675,3375,right_shoulder_pitch,0.174879,-0.671415,0.674606,-1.000000,0.224879,0.000000,0.000000,-0.814444,3.141593,0.050000,1,-0.174879,Cruise,traj_vel,0.400000,0.430122,-0.150000,-0.816099,-0.535977,0.023804,-1.000000,8.000,2.000,0,0
676,3380,right_shoulder_pitch,0.166442,-0.527034,0.669606,-1.000000,0.216442,0.000000,0.000000,-0.814444,3.141593,0.050000,1,-0.166442,Cruise,traj_vel,0.400000,0.409568,-0.150000,-0.848557,-0.588989,-0.496230,-1.000000,8.000,2.000,0,0
677,3385,right_shoulder_pitch,0.157621,-0.551511,0.664606,-1.000000,0.207621,0.000000,0.000000,-0.814444,3.141593,0.050000,1,-0.157621,Cruise,traj_vel,0.400000,0.388047,-0.150000,-0.860662,-0.622616,0.087894,-1.000000,8.000,2.000,0,0
678,3390,right_shoulder_pitch,0.147650,-0.623320,0.659606,-1.000000,0.197650,0.000000,0.000000,-0.814444,3.141593,0.050000,1,-0.147650,Cruise,traj_vel,0.400000,0.363684,-0.150000,-0.833837,-0.620152,0.360729,-1.000000,8.000,2.000,0,0
679,3395,right_shoulder_pitch,0.137679,-0.623027,0.654606,-1.000000,0.187679,0.000000,0.000000,-0.814444,3.141593,0.050000,1,-0.137679,Cruise,traj_vel,0.400000,0.339285,-0.150000,-0.813864,-0.624578,-0.206916,-1.000000,8.000,2.000,0,0
680,3400,right_shoulder_pitch,0.128475,-0.459366,0.649606,-1.000000,0.178475,0.000000,0.000000,-0.814444,3.141593,0.050000,1,-0.128475,Cruise,traj_vel,0.400000,0.316732,-0.150000,-0.880715,-0.713983,-0.574965,-1.000000,8.000,2.000,0,0
681,3405,right_shoulder_pitch,0.117353,-0.694870,0.644606,-1.000000,0.167353,0.000000,0.000000,-0.814444,3.141593,0.050000,1,-0.117353,Cruise,traj_vel,0.400000,0.289446,-0.150000,-0.813101,-0.673655,0.419326,-1.000000,8.000,2.000,0,0
682,3410,right_shoulder_pitch,0.106998,-0.647514,0.639606,-1.000000,0.156998,0.000000,0.000000,-0.814444,3.141593,0.050000,1,-0.106998,Cruise,traj_vel,0.400000,0.264008,-0.150000,-0.786069,-0.672061,-0.179451,-1.000000,8.000,2.000,0,0
683,3415,right_shoulder_pitch,0.097027,-0.415896,0.634606,-1.000000,0.147027,0.000000,0.000000,-0.814444,3.141593,0.050000,1,-0.097027,Cruise,traj_vel,0.400000,0.239487,-0.150000,-0.881604,-0.792117,-0.441298,-1.000000,8.000,2.000,0,0
684,3420,right_shoulder_pitch,0.085138,-0.743429,0.629606,-1.000000,0.135138,0.000000,0.000000,-0.814444,3.141593,0.050000,1,-0.085138,Cruise,traj_vel,0.400000,0.210218,-0.150000,-0.789488,-0.729271,0.120853,-1.000000,8.000,2.000,0,0
685,3425,right_shoulder_pitch,0.074400,-0.671311,0.624606,-1.000000,0.124400,0.000000,0.000000,-0.814444,3.141593,0.050000,1,-0.074400,Cruise,traj_vel,0.400000,0.183757,-0.150000,-0.756461,-0.722704,0.245368,-1.000000,8.000,2.000,0,0
686,3430,right_shoulder_pitch,0.064813,-0.599027,0.619606,-1.000000,0.114813,0.000000,0.000000,-0.814444,3.141593,0.050000,1,-0.064813,Cruise,traj_vel,0.400000,0.160113,-0.150000,-0.767832,-0.757719,-0.479751,-1.000000,8.000,2.000,0,0
687,3435,right_shoulder_pitch,0.055608,-0.575418,0.618856,-0.150000,0.105608,0.000000,0.000000,-0.872665,3.141593,0.050000,1,-0.055608,Cruise,traj_vel,0.400000,0.137400,0.000000,0.911835,1.049235,-0.523696,-0.150000,8.000,2.000,0,0
688,3440,right_shoulder_pitch,0.048322,-0.455360,0.618106,-0.150000,0.098322,0.000000,0.000000,-0.872665,3.141593,0.050000,1,-0.048322,Cruise,traj_vel,0.400000,0.119411,0.000000,0.836556,0.955968,0.137333,-0.150000,8.000,2.000,0,0
689,3445,right_shoulder_pitch,0.038735,-0.599134,0.617356,-0.150000,0.088735,0.000000,0.000000,-0.872665,3.141593,0.050000,1,-0.038735,Cruise,traj_vel,0.400000,0.095732,0.000000,0.851985,0.947717,0.417495,-0.150000,8.000,2.000,0,0
690,3450,right_shoulder_pitch,0.032598,-0.383622,0.616606,-0.150000,0.082598,0.000000,0.000000,-0.872665,3.141593,0.050000,1,-0.032598,Cruise,traj_vel,0.400000,0.080572,0.000000,0.755800,0.836371,0.529193,-0.150000,8.000,2.000,0,0
691,3455,right_shoulder_pitch,0.028763,-0.239656,0.615856,-0.150000,0.078763,0.000000,0.000000,-0.872665,3.141593,0.050000,1,-0.028763,Cruise,traj_vel,0.400000,0.071096,0.000000,0.611678,0.682773,1.036409,-0.150000,8.000,2.000,0,0
692,3460,right_shoulder_pitch,0.026078,-0.167817,0.615106,-0.150000,0.076078,0.000000,0.000000,-0.872665,3.141593,0.050000,1,-0.026078,Cruise,traj_vel,0.400000,0.064462,-0.150000,0.467667,0.382129,0.670187,-0.150000,8.000,2.000,0,0
693,3465,right_shoulder_pitch,0.026078,0.000000,0.614356,-0.150000,0.076078,0.000000,0.000000,-0.872665,3.141593,0.050000,1,-0.026078,Cruise,traj_vel,0.400000,0.064462,-0.150000,0.275750,0.190212,0.710471,0.000000,8.000,2.000,0,0
694,3470,right_shoulder_pitch,0.027612,0.095871,0.613606,-0.150000,0.077612,0.000000,0.000000,-0.872665,3.141593,0.050000,1,-0.027612,Cruise,traj_vel,0.400000,0.068252,-0.150000,0.083877,0.002130,0.540179,-0.150000,8.000,2.000,0,0
695,3475,right_shoulder_pitch,0.031064,0.215760,0.612856,-0.150000,0.081064,0.000000,0.000000,-0.872665,3.141593,0.050000,1,-0.031064,Cruise,traj_vel,0.400000,0.076781,-0.150000,-0.119972,-0.193191,0.552996,-0.150000,8.000,2.000,0,0
696,3480,right_shoulder_pitch,0.035282,0.263613,0.035170,-0.022500,0.035170,0.000000,0.000000,-0.872665,3.141593,-0.000113,0,-0.035282,Accelerate,traj_vel,-0.000900,0.087204,-0.150000,-0.041786,-0.104582,0.479751,-0.022500,8.000,2.000,0,0
697,3485,right_shoulder_pitch,0.038735,0.215749,0.034945,-0.045000,0.034945,0.000000,0.000000,-0.872665,3.141593,-0.003790,0,-0.038735,Accelerate,traj_vel,-0.030318,0.095732,-0.150000,-0.195464,-0.249731,0.510879,-0.045000,8.000,2.000,0,0
698,3490,right_shoulder_pitch,0.041035,0.143806,0.034607,-0.067500,0.034607,0.000000,0.000000,-0.872665,3.141593,-0.006428,0,-0.041035,Accelerate,traj_vel,-0.051425,0.101416,-0.150000,-0.286001,-0.334585,0.402843,-0.067500,8.000,2.000,0,0
699,3495,right_shoulder_pitch,0.041035,0.000000,0.034157,-0.090000,0.034157,0.000000,0.000000,-0.872665,3.141593,-0.006878,0,-0.041035,Accelerate,traj_vel,-0.055025,0.101416,-0.150000,-0.293251,-0.341834,-0.040283,0.000000,8.000,2.000,0,0
700,3500,right_shoulder_pitch,0.041802,0.047935,0.033595,-0.112500,0.033595,0.000000,0.000000,-0.872665,3.141593,-0.008208,0,-0.041802,Accelerate,traj_vel,-0.065661,0.103311,-0.150000,-0.333906,-0.380595,-0.031128,-0.112500,8.000,2.000,0,0
701,3505,right_shoulder_pitch,0.041035,-0.047928,0.032920,-0.135000,0.032920,0.000000,0.000000,-0.872665,3.141593,-0.008116,0,-0.041035,Accelerate,traj_vel,-0.064925,0.101416,-0.150000,-0.327715,-0.376299,-0.197761,-0.135000,8.000,2.000,0,0
702,3510,right_shoulder_pitch,0.038735,-0.143858,0.032170,-0.150000,0.032170,0.000000,0.000000,-0.872665,3.141593,-0.006565,0,-0.038735,Cruise,traj_vel,-0.052518,0.095732,-0.150000,-0.271357,-0.325625,-0.175788,-0.150000,8.000,2.000,0,0
703,3515,right_shoulder_pitch,0.035282,-0.215687,0.031420,-0.150000,0.031420,0.000000,0.000000,-0.872665,3.141593,-0.003863,0,-0.035282,Cruise,traj_vel,-0.030900,0.087204,0.000000,-0.170674,-0.083470,-0.421157,-0.150000,8.000,2.000,0,0
704,3520,right_shoulder_pitch,0.031447,-0.239724,0.030670,-0.150000,0.030670,0.000000,0.000000,-0.872665,3.141593,-0.000778,0,-0.031447,Cruise,traj_vel,-0.006220,0.077729,0.000000,-0.083144,-0.005415,-0.569472,-0.150000,8.000,2.000,0,0
705,3525,right_shoulder_pitch,0.028763,-0.167805,0.029920,-0.150000,0.028763,0.000000,0.000000,-0.872665,3.141593,0.000000,0,-0.028763,Cruise,traj_vel,0.000000,0.071096,-0.150000,-0.053455,-0.132360,-0.415664,-0.150000,8.000,2.000,0,0
706,3530,right_shoulder_pitch,0.026845,-0.119797,0.029170,-0.150000,0.026845,0.000000,0.000000,-0.872665,3.141593,0.000000,0,-0.026845,Cruise,traj_vel,0.000000,0.066357,-0.150000,-0.055193,-0.138836,-0.243537,-0.150000,8.000,2.000,0,0
707,3535,right_shoulder_pitch,0.024544,-0.143871,0.028420,-0.150000,0.024544,0.000000,0.000000,-0.872665,3.141593,0.000000,0,-0.024544,Cruise,traj_vel,0.000000,0.060671,-0.150000,-0.044459,-0.133788,-0.199592,-0.150000,8.000,2.000,0,0
708,3540,right_shoulder_pitch,0.023010,-0.095838,0.027670,-0.150000,0.023010,0.000000,0.000000,-0.872665,3.141593,0.000000,0,-0.023010,Cruise,traj_vel,0.000000,0.056880,-0.150000,-0.060425,-0.153546,-0.249031,-0.150000,8.000,2.000,0,0
709,3545,right_shoulder_pitch,0.022627,-0.023974,0.026920,-0.150000,0.022627,0.000000,0.000000,-0.872665,3.141593,0.000000,0,-0.022627,Cruise,traj_vel,0.000000,0.055932,-0.150000,-0.108332,-0.202400,-0.309455,-0.150000,8.000,2.000,0,0
710,3550,right_shoulder_pitch,0.023010,0.023971,0.026170,-0.150000,0.023010,0.000000,0.000000,-0.872665,3.141593,0.000000,0,-0.023010,Cruise,traj_vel,0.000000,0.056880,-0.150000,-0.168234,-0.261355,-0.287483,-0.150000,8.000,2.000,0,0
711,3555,right_shoulder_pitch,0.023394,0.023962,0.025420,-0.150000,0.023394,0.000000,0.000000,-0.872665,3.141593,0.000000,0,-0.023394,Cruise,traj_vel,0.000000,0.057827,-0.150000,-0.213157,-0.305330,-0.239875,-0.150000,8.000,2.000,0,0
712,3560,right_shoulder_pitch,0.023777,0.023976,0.024670,-0.150000,0.023777,0.000000,0.000000,-0.872665,3.141593,0.000000,0,-0.023777,Cruise,traj_vel,0.000000,0.058775,-0.150000,-0.246856,-0.338081,-0.267341,-0.150000,8.000,2.000,0,0
713,3565,right_shoulder_pitch,0.024161,0.023949,0.023920,-0.150000,0.023920,0.000000,0.000000,-0.872665,3.141593,-0.000241,0,-0.024161,Cruise,traj_vel,-0.001929,0.059723,-0.150000,-0.272116,-0.362393,-0.252693,-0.150000,8.000,2.000,0,0
714,3570,right_shoulder_pitch,0.024161,0.000000,0.023170,-0.150000,0.023170,0.000000,0.000000,-0.872665,3.141593,-0.000991,0,-0.024161,Cruise,traj_vel,-0.007929,0.059723,-0.150000,-0.279087,-0.369364,-0.280159,0.000000,8.000,2.000,0,0
715,3575,right_shoulder_pitch,0.024161,0.000000,0.022420,-0.150000,0.022420,0.000000,0.000000,-0.872665,3.141593,-0.001741,0,-0.024161,Cruise,traj_vel,-0.013929,0.059723,-0.150000,-0.284315,-0.374592,-0.338752,0.000000,8.000,2.000,0,0
716,3580,right_shoulder_pitch,0.023777,-0.023961,0.021670,-0.150000,0.021670,0.000000,0.000000,-0.872665,3.141593,-0.002108,0,-0.023777,Cruise,traj_vel,-0.016861,0.058775,-0.150000,-0.276256,-0.367481,-0.335090,-0.150000,8.000,2.000,0,0
717,3585,right_shoulder_pitch,0.023777,0.000000,0.020920,-0.150000,0.020920,0.000000,0.000000,-0.872665,3.141593,-0.002858,0,-0.023777,Cruise,traj_vel,-0.022861,0.058775,-0.150000,-0.282192,-0.373417,-0.320442,0.000000,8.000,2.000,0,0
718,3590,right_shoulder_pitch,0.023777,0.000000,0.020170,-0.150000,0.020170,0.000000,0.000000,-0.872665,3.141593,-0.003608,0,-0.023777,Cruise,traj_vel,-0.028861,0.058775,-0.150000,-0.286644,-0.377869,-0.379043,0.000000,8.000,2.000,0,0
719,3595,right_shoulder_pitch,0.023777,0.000000,0.019420,-0.150000,0.019420,0.000000,0.000000,-0.872665,3.141593,-0.004358,0,-0.023777,Cruise,traj_vel,-0.034861,0.058775,-0.150000,-0.289983,-0.381208,-0.390029,0.000000,8.000,2.000,0,0
720,3600,right_shoulder_pitch,0.023777,0.000000,0.018670,-0.150000,0.018670,0.000000,0.000000,-0.872665,3.141593,-0.005108,0,-0.023777,Cruise,traj_vel,-0.040861,0.058775,-0.150000,-0.292487,-0.383712,-0.404677,0.000000,8.000,2.000,0,0
721,3605,right_shoulder_pitch,0.023777,0.000000,0.017920,-0.150000,0.017920,0.000000,0.000000,-0.872665,3.141593,-0.005858,0,-0.023777,Cruise,traj_vel,-0.046861,0.058775,-0.150000,-0.294365,-0.385590,-0.441298,0.000000,8.000,2.000,0,0
722,3610,right_shoulder_pitch,0.023777,0.000000,0.017170,-0.150000,0.017170,0.000000,0.000000,-0.872665,3.141593,-0.006608,0,-0.023777,Cruise,traj_vel,-0.052861,0.058775,-0.150000,-0.295774,-0.386999,-0.399184,0.000000,8.000,2.000,0,0
723,3615,right_shoulder_pitch,0.023777,0.000000,0.016420,-0.150000,0.016420,0.000000,0.000000,-0.872665,3.141593,-0.007358,0,-0.023777,Cruise,traj_vel,-0.058861,0.058775,-0.150000,-0.296831,-0.388055,-0.439467,0.000000,8.000,2.000,0,0
724,3620,right_shoulder_pitch,0.023777,0.000000,0.015670,-0.150000,0.015670,0.000000,0.000000,-0.872665,3.141593,-0.008108,0,-0.023777,Cruise,traj_vel,-0.064861,0.058775,-0.150000,-0.297623,-0.388848,-0.490737,0.000000,8.000,2.000,0,0
725,3625,right_shoulder_pitch,0.023777,0.000000,0.014920,-0.150000,0.014920,0.000000,0.000000,-0.872665,3.141593,-0.008858,0,-0.023777,Cruise,traj_vel,-0.070861,0.058775,-0.150000,-0.298217,-0.389442,-0.457778,0.000000,8.000,2.000,0,0
726,3630,right_shoulder_pitch,0.023777,0.000000,0.014170,-0.150000,0.014170,0.000000,0.000000,-0.872665,3.141593,-0.009608,0,-0.023777,Cruise,traj_vel,-0.076861,0.058775,-0.150000,-0.298663,-0.389888,-0.426650,0.000000,8.000,2.000,0,0
727,3635,right_shoulder_pitch,0.023394,-0.023959,0.013420,-0.150000,0.013420,0.000000,0.000000,-0.872665,3.141593,-0.009974,0,-0.023394,Cruise,traj_vel,-0.079793,0.057827,-0.150000,-0.287018,-0.379190,-0.446792,-0.150000,8.000,2.000,0,0
728,3640,right_shoulder_pitch,0.023394,0.000000,0.012670,-0.150000,0.012670,0.000000,0.000000,-0.872665,3.141593,-0.010724,0,-0.023394,Cruise,traj_vel,-0.085793,0.057827,-0.150000,-0.290263,-0.382436,-0.439467,0.000000,8.000,2.000,0,0
729,3645,right_shoulder_pitch,0.023394,0.000000,0.011920,-0.150000,0.011920,0.000000,0.000000,-0.872665,3.141593,-0.011474,0,-0.023394,Cruise,traj_vel,-0.091793,0.057827,-0.150000,-0.292697,-0.384870,-0.468764,0.000000,8.000,2.000,0,0
730,3650,right_shoulder_pitch,0.023394,0.000000,0.011170,-0.150000,0.011170,0.000000,0.000000,-0.872665,3.141593,-0.012224,0,-0.023394,Cruise,traj_vel,-0.097793,0.057827,-0.150000,-0.294523,-0.386696,-0.408340,0.000000,8.000,2.000,0,0
731,3655,right_shoulder_pitch,0.023394,0.000000,0.010420,-0.150000,0.010420,0.000000,0.000000,-0.872665,3.141593,-0.012974,0,-0.023394,Cruise,traj_vel,-0.103793,0.057827,-0.150000,-0.295892,-0.388065,-0.466933,0.000000,8.000,2.000,0,0
732,3660,right_shoulder_pitch,0.023394,0.000000,0.009670,-0.150000,0.009670,0.000000,0.000000,-0.872665,3.141593,-0.013724,0,-0.023394,Cruise,traj_vel,-0.109793,0.057827,-0.150000,-0.296919,-0.389092,-0.463271,0.000000,8.000,2.000,0,0
733,3665,right_shoulder_pitch,0.023394,0.000000,0.008920,-0.150000,0.008920,0.000000,0.000000,-0.872665,3.141593,-0.014474,0,-0.023394,Cruise,traj_vel,-0.115793,0.057827,-0.150000,-0.297689,-0.389862,-0.496230,0.000000,8.000,2.000,0,0
734,3670,right_shoulder_pitch,0.023394,0.000000,0.008170,-0.150000,0.008170,0.000000,0.000000,-0.872665,3.141593,-0.015224,0,-0.023394,Cruise,traj_vel,-0.121793,0.057827,-0.150000,-0.298267,-0.390440,-0.501723,0.000000,8.000,2.000,0,0
735,3675,right_shoulder_pitch,0.023394,0.000000,0.007420,-0.150000,0.007420,0.000000,0.000000,-0.872665,3.141593,-0.015974,0,-0.023394,Cruise,traj_vel,-0.127793,0.057827,-0.150000,-0.298700,-0.390873,-0.520034,0.000000,8.000,2.000,0,0
736,3680,right_shoulder_pitch,0.023394,0.000000,0.006670,-0.150000,0.006670,0.000000,0.000000,-0.872665,3.141593,-0.016724,0,-0.023394,Cruise,traj_vel,-0.133793,0.057827,-0.150000,-0.299025,-0.391198,-0.510879,0.000000,8.000,2.000,0,0
737,3685,right_shoulder_pitch,0.023394,0.000000,0.005920,-0.150000,0.005920,0.000000,0.000000,-0.872665,3.141593,-0.017474,0,-0.023394,Cruise,traj_vel,-0.139793,0.057827,-0.150000,-0.299269,-0.391442,-0.483413,0.000000,8.000,2.000,0,0
738,3690,right_shoulder_pitch,0.023394,0.000000,0.005170,-0.150000,0.005170,0.000000,0.000000,-0.872665,3.141593,-0.018224,0,-0.023394,Cruise,traj_vel,-0.145793,0.057827,-0.150000,-0.299452,-0.391624,-0.492568,0.000000,8.000,2.000,0,0
739,3695,right_shoulder_pitch,0.023394,0.000000,0.004420,-0.150000,0.004420,0.000000,0.000000,-0.872665,3.141593,-0.018974,0,-0.023394,Cruise,traj_vel,-0.151793,0.057827,-0.150000,-0.299589,-0.391761,-0.516372,0.000000,8.000,2.000,0,0
740,3700,right_shoulder_pitch,0.023394,0.000000,0.003670,-0.150000,0.003670,0.000000,0.000000,-0.872665,3.141593,-0.019724,0,-0.023394,Cruise,traj_vel,-0.157793,0.057827,-0.150000,-0.299692,-0.391864,-0.488906,0.000000,8.000,2.000,0,0
741,3705,right_shoulder_pitch,0.023394,0.000000,0.002920,-0.150000,0.002920,0.000000,0.000000,-0.872665,3.141593,-0.020474,0,-0.023394,Cruise,traj_vel,-0.163793,0.057827,-0.150000,-0.299769,-0.391941,-0.514541,0.000000,8.000,2.000,0,0
742,3710,right_shoulder_pitch,0.023394,0.000000,0.002170,-0.150000,0.002170,0.000000,0.000000,-0.872665,3.141593,-0.021224,0,-0.023394,Cruise,traj_vel,-0.169793,0.057827,-0.150000,-0.299827,-0.391999,-0.580459,0.000000,8.000,2.000,0,0
743,3715,right_shoulder_pitch,0.023394,0.000000,0.001532,-0.127500,0.001532,0.000000,0.000000,-0.872665,3.141593,-0.021862,0,-0.023394,Decelerate,traj_vel,-0.174893,0.057827,-0.150000,-0.254870,-0.347042,-0.589621,0.000000,8.000,2.000,0,0
744,3720,right_shoulder_pitch,0.023010,-0.023966,0.001007,-0.105000,0.001007,0.000000,0.000000,-0.872665,3.141593,-0.022003,0,-0.023010,Decelerate,traj_vel,-0.176025,0.056880,-0.150000,-0.197919,-0.291040,-0.521865,-0.105000,8.000,2.000,0,0
745,3725,right_shoulder_pitch,0.023394,0.024026,0.000595,-0.082500,0.000595,0.000000,0.000000,-0.872665,3.141593,-0.022799,0,-0.023394,Decelerate,traj_vel,-0.182393,0.057827,-0.150000,-0.167953,-0.260125,-0.547500,-0.082500,8.000,2.000,0,0
746,3730,right_shoulder_pitch,0.023010,-0.023976,0.000295,-0.060000,0.000295,0.000000,0.000000,-0.872665,3.141593,-0.022716,0,-0.023010,Decelerate,traj_vel,-0.181725,0.056880,-0.150000,-0.110226,-0.203347,-0.494399,-0.060000,8.000,2.000,0,0
747,3735,right_shoulder_pitch,0.023010,0.000000,0.000107,-0.037500,0.000107,0.000000,0.000000,-0.872665,3.141593,-0.022903,0,-0.023010,Decelerate,traj_vel,-0.183225,0.056880,-0.150000,-0.067670,-0.160790,-0.499892,0.000000,8.000,2.000,0,0
748,3740,right_shoulder_pitch,0.023394,0.023969,0.000032,-0.015000,0.000032,0.000000,0.000000,-0.872665,3.141593,-0.023362,0,-0.023394,Decelerate,traj_vel,-0.186893,0.057827,-0.112500,-0.036487,-0.091159,-0.439467,-0.015000,8.000,2.000,0,0
749,3745,right_shoulder_pitch,0.023394,0.000000,0.000000,0.000000,0.000000,0.000000,0.000000,-0.872665,3.141593,-0.023394,0,-0.023394,Hold,settle,-0.187152,0.057827,-0.150000,0.000000,-0.092173,-0.369887,0.000000,8.000,2.000,0,0
750,3750,right_shoulder_pitch,0.023394,0.000000,0.000000,0.000000,0.000000,0.000000,0.000000,-0.872665,3.141593,-0.023394,0,-0.023394,Hold,settle,-0.187152,0.057827,-0.150000,0.000000,-0.092173,-0.338752,0.000000,8.000,2.000,0,0
751,3755,right_shoulder_pitch,0.023394,0.000000,0.000000,0.000000,0.000000,0.000000,0.000000,-0.872665,3.141593,-0.023394,0,-0.023394,Hold,settle,-0.187152,0.057827,-0.150000,0.000000,-0.092173,-0.327766,0.000000,8.000,2.000,0,0
752,3760,right_shoulder_pitch,0.023394,0.000000,0.000000,0.000000,0.000000,0.000000,0.000000,-0.872665,3.141593,-0.023394,0,-0.023394,Hold,settle,-0.187152,0.057827,-0.150000,0.000000,-0.092173,-0.241706,0.000000,8.000,2.000,0,0
753,3765,right_shoulder_pitch,0.023394,0.000000,0.000000,0.000000,0.000000,0.000000,0.000000,-0.872665,3.141593,-0.023394,0,-0.023394,Hold,settle,-0.187152,0.057827,-0.150000,0.000000,-0.092173,-0.201423,0.000000,8.000,2.000,0,0
754,3770,right_shoulder_pitch,0.023777,0.023970,0.000000,0.000000,0.000000,0.000000,0.000000,-0.872665,3.141593,-0.023777,0,-0.023777,Hold,settle,-0.190220,0.058775,-0.150000,0.000000,-0.091225,-0.267341,0.000000,8.000,2.000,0,0
755,3775,right_shoulder_pitch,0.023394,-0.023966,0.000000,0.000000,0.000000,0.000000,0.000000,-0.872665,3.141593,-0.023394,0,-0.023394,Hold,settle,-0.187152,0.057827,-0.150000,0.000000,-0.092173,-0.239875,0.000000,8.000,2.000,0,0
756,3780,right_shoulder_pitch,0.023394,0.000000,0.000000,0.000000,0.000000,0.000000,0.000000,-0.872665,3.141593,-0.023394,0,-0.023394,Hold,settle,-0.187152,0.057827,-0.150000,0.000000,-0.092173,-0.261848,0.000000,8.000,2.000,0,0
757,3785,right_shoulder_pitch,0.023777,0.023966,0.000000,0.000000,0.000000,0.000000,0.000000,-0.872665,3.141593,-0.023777,0,-0.023777,Hold,settle,-0.190220,0.058775,-0.150000,0.000000,-0.091225,-0.283821,0.000000,8.000,2.000,0,0
758,3790,right_shoulder_pitch,0.023394,-0.023971,0.000000,0.000000,0.000000,0.000000,0.000000,-0.872665,3.141593,-0.023394,0,-0.023394,Hold,settle,-0.187152,0.057827,-0.150000,0.000000,-0.092173,-0.289314,0.000000,8.000,2.000,0,0
759,3795,right_shoulder_pitch,0.023394,0.000000,0.000000,0.000000,0.000000,0.000000,0.000000,-0.872665,3.141593,-0.023394,0,-0.023394,Hold,settle,-0.187152,0.057827,-0.150000,0.000000,-0.092173,-0.210578,0.000000,8.000,2.000,0,0
760,3800,right_shoulder_pitch,0.023777,0.023967,0.000000,0.000000,0.000000,0.000000,0.000000,-0.872665,3.141593,-0.023777,0,-0.023777,Hold,settle,-0.190220,0.058775,-0.150000,0.000000,-0.091225,-0.247200,0.000000,8.000,2.000,0,0
761,3805,right_shoulder_pitch,0.023777,0.000000,0.000000,0.000000,0.000000,0.000000,0.000000,-0.872665,3.141593,-0.023777,0,-0.023777,Hold,settle,-0.190220,0.058775,-0.150000,0.000000,-0.091225,-0.300300,0.000000,8.000,2.000,0,0
762,3810,right_shoulder_pitch,0.023394,-0.023967,0.000000,0.000000,0.000000,0.000000,0.000000,-0.872665,3.141593,-0.023394,0,-0.023394,Hold,settle,-0.187152,0.057827,-0.150000,0.000000,-0.092173,-0.230720,0.000000,8.000,2.000,0,0
763,3815,right_shoulder_pitch,0.023394,0.000000,0.000000,0.000000,0.000000,0.000000,0.000000,-0.872665,3.141593,-0.023394,0,-0.023394,Hold,settle,-0.187152,0.057827,-0.150000,0.000000,-0.092173,-0.252693,0.000000,8.000,2.000,0,0
764,3820,right_shoulder_pitch,0.023394,0.000000,0.000000,0.000000,0.000000,0.000000,0.000000,-0.872665,3.141593,-0.023394,0,-0.023394,Hold,settle,-0.187152,0.057827,-0.150000,0.000000,-0.092173,-0.260017,0.000000,8.000,2.000,0,0
765,3825,right_shoulder_pitch,0.023394,0.000000,0.000000,0.000000,0.000000,0.000000,0.000000,-0.872665,3.141593,-0.023394,0,-0.023394,Hold,settle,-0.187152,0.057827,-0.150000,0.000000,-0.092173,-0.232551,0.000000,8.000,2.000,0,0
766,3830,right_shoulder_pitch,0.023777,0.023974,0.000000,0.000000,0.000000,0.000000,0.000000,-0.872665,3.141593,-0.023777,0,-0.023777,Hold,settle,-0.190220,0.058775,-0.150000,0.000000,-0.091225,-0.274665,0.000000,8.000,2.000,0,0
767,3835,right_shoulder_pitch,0.023394,-0.023967,0.000000,0.000000,0.000000,0.000000,0.000000,-0.872665,3.141593,-0.023394,0,-0.023394,Hold,settle,-0.187152,0.057827,-0.150000,0.000000,-0.092173,-0.313118,0.000000,8.000,2.000,0,0
768,3840,right_shoulder_pitch,0.023394,0.000000,0.000000,0.000000,0.000000,0.000000,0.000000,-0.872665,3.141593,-0.023394,0,-0.023394,Hold,settle,-0.187152,0.057827,-0.150000,0.000000,-0.092173,-0.285652,0.000000,8.000,2.000,0,0
769,3845,right_shoulder_pitch,0.023394,0.000000,0.000000,0.000000,0.000000,0.000000,0.000000,-0.872665,3.141593,-0.023394,0,-0.023394,Hold,settle,-0.187152,0.057827,-0.150000,0.000000,-0.092173,-0.258186,0.000000,8.000,2.000,0,0
770,3850,right_shoulder_pitch,0.023394,0.000000,0.000000,0.000000,0.000000,0.000000,0.000000,-0.872665,3.141593,-0.023394,0,-0.023394,Hold,settle,-0.187152,0.057827,-0.150000,0.000000,-0.092173,-0.210578,0.000000,8.000,2.000,0,0
771,3855,right_shoulder_pitch,0.023777,0.023967,0.000000,0.000000,0.000000,0.000000,0.000000,-0.872665,3.141593,-0.023777,0,-0.023777,Hold,settle,-0.190220,0.058775,-0.150000,0.000000,-0.091225,-0.292976,0.000000,8.000,2.000,0,0
772,3860,right_shoulder_pitch,0.023777,0.000000,0.000000,0.000000,0.000000,0.000000,0.000000,-0.872665,3.141593,-0.023777,0,-0.023777,Hold,settle,-0.190220,0.058775,-0.150000,0.000000,-0.091225,-0.283821,0.000000,8.000,2.000,0,0
773,3865,right_shoulder_pitch,0.023394,-0.023966,0.000000,0.000000,0.000000,0.000000,0.000000,-0.872665,3.141593,-0.023394,0,-0.023394,Hold,settle,-0.187152,0.057827,-0.150000,0.000000,-0.092173,-0.302131,0.000000,8.000,2.000,0,0
774,3870,right_shoulder_pitch,0.023777,0.023965,0.000000,0.000000,0.000000,0.000000,0.000000,-0.872665,3.141593,-0.023777,0,-0.023777,Hold,settle,-0.190220,0.058775,-0.150000,0.000000,-0.091225,-0.267341,0.000000,8.000,2.000,0,0
775,3875,right_shoulder_pitch,0.023394,-0.023978,0.000000,0.000000,0.000000,0.000000,0.000000,-0.872665,3.141593,-0.023394,0,-0.023394,Hold,settle,-0.187152,0.057827,-0.150000,0.000000,-0.092173,-0.303962,0.000000,8.000,2.000,0,0
776,3880,right_shoulder_pitch,0.023394,0.000000,0.000000,0.000000,0.000000,0.000000,0.000000,-0.872665,3.141593,-0.023394,0,-0.023394,Hold,settle,-0.187152,0.057827,-0.150000,0.000000,-0.092173,-0.245368,0.000000,8.000,2.000,0,0
777,3885,right_shoulder_pitch,0.023394,0.000000,0.000000,0.000000,0.000000,0.000000,0.000000,-0.872665,3.141593,-0.023394,0,-0.023394,Hold,settle,-0.187152,0.057827,-0.150000,0.000000,-0.092173,-0.241706,0.000000,8.000,2.000,0,0
778,3890,right_shoulder_pitch,0.023394,0.000000,0.000000,0.000000,0.000000,0.000000,0.000000,-0.872665,3.141593,-0.023394,0,-0.023394,Hold,settle,-0.187152,0.057827,-0.150000,0.000000,-0.092173,-0.307624,0.000000,8.000,2.000,0,0
779,3895,right_shoulder_pitch,0.023394,0.000000,0.000000,0.000000,0.000000,0.000000,0.000000,-0.872665,3.141593,-0.023394,0,-0.023394,Hold,settle,-0.187152,0.057827,-0.150000,0.000000,-0.092173,-0.271003,0.000000,8.000,2.000,0,0
780,3900,right_shoulder_pitch,0.023394,0.000000,0.000000,0.000000,0.000000,0.000000,0.000000,-0.872665,3.141593,-0.023394,0,-0.023394,Hold,settle,-0.187152,0.057827,-0.150000,0.000000,-0.092173,-0.267341,0.000000,8.000,2.000,0,0
781,3905,right_shoulder_pitch,0.023394,0.000000,0.000000,0.000000,0.000000,0.000000,0.000000,-0.872665,3.141593,-0.023394,0,-0.023394,Hold,settle,-0.187152,0.057827,-0.150000,0.000000,-0.092173,-0.276496,0.000000,8.000,2.000,0,0
782,3910,right_shoulder_pitch,0.023394,0.000000,0.000000,0.000000,0.000000,0.000000,0.000000,-0.872665,3.141593,-0.023394,0,-0.023394,Hold,settle,-0.187152,0.057827,-0.150000,0.000000,-0.092173,-0.302131,0.000000,8.000,2.000,0,0
783,3915,right_shoulder_pitch,0.023394,0.000000,0.000000,0.000000,0.000000,0.000000,0.000000,-0.872665,3.141593,-0.023394,0,-0.023394,Hold,settle,-0.187152,0.057827,-0.150000,0.000000,-0.092173,-0.302131,0.000000,8.000,2.000,0,0
784,3920,right_shoulder_pitch,0.023777,0.023966,0.000000,0.000000,0.000000,0.000000,0.000000,-0.872665,3.141593,-0.023777,0,-0.023777,Hold,settle,-0.190220,0.058775,-0.150000,0.000000,-0.091225,-0.241706,0.000000,8.000,2.000,0,0
785,3925,right_shoulder_pitch,0.023394,-0.023982,0.000000,0.000000,0.000000,0.000000,0.000000,-0.872665,3.141593,-0.023394,0,-0.023394,Hold,settle,-0.187152,0.057827,-0.150000,0.000000,-0.092173,-0.278327,0.000000,8.000,2.000,0,0
786,3930,right_shoulder_pitch,0.023394,0.000000,0.000000,0.000000,0.000000,0.000000,0.000000,-0.872665,3.141593,-0.023394,0,-0.023394,Hold,settle,-0.187152,0.057827,-0.150000,0.000000,-0.092173,-0.336921,0.000000,8.000,2.000,0,0
787,3935,right_shoulder_pitch,0.023777,0.023968,0.000000,0.000000,0.000000,0.000000,0.000000,-0.872665,3.141593,-0.023777,0,-0.023777,Hold,settle,-0.190220,0.058775,-0.150000,0.000000,-0.091225,-0.269172,0.000000,8.000,2.000,0,0
788,3940,right_shoulder_pitch,0.023394,-0.023962,0.000000,0.000000,0.000000,0.000000,0.000000,-0.872665,3.141593,-0.023394,0,-0.023394,Hold,settle,-0.187152,0.057827,-0.150000,0.000000,-0.092173,-0.314949,0.000000,8.000,2.000,0,0
789,3945,right_shoulder_pitch,0.023394,0.000000,0.000000,0.000000,0.000000,0.000000,0.000000,-0.872665,3.141593,-0.023394,0,-0.023394,Hold,settle,-0.187152,0.057827,-0.150000,0.000000,-0.092173,-0.305793,0.000000,8.000,2.000,0,0
790,3950,right_shoulder_pitch,0.023777,0.023981,0.000000,0.000000,0.000000,0.000000,0.000000,-0.872665,3.141593,-0.023777,0,-0.023777,Hold,settle,-0.190220,0.058775,-0.150000,0.000000,-0.091225,-0.324104,0.000000,8.000,2.000,0,0
791,3955,right_shoulder_pitch,0.023394,-0.023964,0.000000,0.000000,0.000000,0.000000,0.000000,-0.872665,3.141593,-0.023394,0,-0.023394,Hold,settle,-0.187152,0.057827,-0.150000,0.000000,-0.092173,-0.318611,0.000000,8.000,2.000,0,0
792,3960,right_shoulder_pitch,0.023394,0.000000,0.000000,0.000000,0.000000,0.000000,0.000000,-0.872665,3.141593,-0.023394,0,-0.023394,Hold,settle,-0.187152,0.057827,-0.150000,0.000000,-0.092173,-0.314949,0.000000,8.000,2.000,0,0
793,3965,right_shoulder_pitch,0.023777,0.023962,0.000000,0.000000,0.000000,0.000000,0.000000,-0.872665,3.141593,-0.023777,0,-0.023777,Hold,settle,-0.190220,0.058775,-0.150000,0.000000,-0.091225,-0.258186,0.000000,8.000,2.000,0,0
794,3970,right_shoulder_pitch,0.023777,0.000000,0.000000,0.000000,0.000000,0.000000,0.000000,-0.872665,3.141593,-0.023777,0,-0.023777,Hold,settle,-0.190220,0.058775,-0.150000,0.000000,-0.091225,-0.265510,0.000000,8.000,2.000,0,0
795,3975,right_shoulder_pitch,0.023394,-0.023981,0.000000,0.000000,0.000000,0.000000,0.000000,-0.872665,3.141593,-0.023394,0,-0.023394,Hold,settle,-0.187152,0.057827,-0.150000,0.000000,-0.092173,-0.303962,0.000000,8.000,2.000,0,0
796,3980,right_shoulder_pitch,0.023394,0.000000,0.000000,0.000000,0.000000,0.000000,0.000000,-0.872665,3.141593,-0.023394,0,-0.023394,Hold,settle,-0.187152,0.057827,-0.150000,0.000000,-0.092173,-0.269172,0.000000,8.000,2.000,0,0
797,3985,right_shoulder_pitch,0.023777,0.023968,0.000000,0.000000,0.000000,0.000000,0.000000,-0.872665,3.141593,-0.023777,0,-0.023777,Hold,settle,-0.190220,0.058775,-0.150000,0.000000,-0.091225,-0.272834,0.000000,8.000,2.000,0,0
798,3990,right_shoulder_pitch,0.023777,0.000000,0.000000,0.000000,0.000000,0.000000,0.000000,-0.872665,3.141593,-0.023777,0,-0.023777,Hold,settle,-0.190220,0.058775,-0.150000,0.000000,-0.091225,-0.285652,0.000000,8.000,2.000,0,0
799,3995,right_shoulder_pitch,0.023777,0.000000,0.000000,0.000000,0.000000,0.000000,0.000000,-0.872665,3.141593,-0.023777,0,-0.023777,Hold,settle,-0.190220,0.058775,-0.150000,0.000000,-0.091225,-0.333259,0.000000,8.000,2.000,0,0
800,4000,right_shoulder_pitch,0.023394,-0.023981,0.000000,0.000000,0.000000,0.000000,0.000000,-0.872665,3.141593,-0.023394,0,-0.023394,Hold,settle,-0.187152,0.057827,-0.150000,0.000000,-0.092173,-0.281990,0.000000,8.000,2.000,0,0
801,4005,right_shoulder_pitch,0.023777,0.023964,0.000000,0.000000,0.000000,0.000000,0.000000,-0.872665,3.141593,-0.023777,0,-0.023777,Hold,settle,-0.190220,0.058775,-0.150000,0.000000,-0.091225,-0.228889,0.000000,8.000,2.000,0,0
802,4010,right_shoulder_pitch,0.023777,0.000000,0.000000,0.000000,0.000000,0.000000,0.000000,-0.872665,3.141593,-0.023777,0,-0.023777,Hold,settle,-0.190220,0.058775,-0.150000,0.000000,-0.091225,-0.250862,0.000000,8.000,2.000,0,0
803,4015,right_shoulder_pitch,0.023777,0.000000,0.000000,0.000000,0.000000,0.000000,0.000000,-0.872665,3.141593,-0.023777,0,-0.023777,Hold,settle,-0.190220,0.058775,-0.150000,0.000000,-0.091225,-0.260017,0.000000,8.000,2.000,0,0
804,4020,right_shoulder_pitch,0.023777,0.000000,0.000000,0.000000,0.000000,0.000000,0.000000,-0.872665,3.141593,-0.023777,0,-0.023777,Hold,settle,-0.190220,0.058775,-0.150000,0.000000,-0.091225,-0.276496,0.000000,8.000,2.000,0,0
805,4025,right_shoulder_pitch,0.023394,-0.023967,0.000000,0.000000,0.000000,0.000000,0.000000,-0.872665,3.141593,-0.023394,0,-0.023394,Hold,settle,-0.187152,0.057827,-0.150000,0.000000,-0.092173,-0.241706,0.000000,8.000,2.000,0,0
806,4030,right_shoulder_pitch,0.023394,0.000000,0.000000,0.000000,0.000000,0.000000,0.000000,-0.872665,3.141593,-0.023394,0,-0.023394,Hold,settle,-0.187152,0.057827,-0.150000,0.000000,-0.092173,-0.278327,0.000000,8.000,2.000,0,0
807,4035,right_shoulder_pitch,0.023394,0.000000,0.000000,0.000000,0.000000,0.000000,0.000000,-0.872665,3.141593,-0.023394,0,-0.023394,Hold,settle,-0.187152,0.057827,-0.150000,0.000000,-0.092173,-0.243537,0.000000,8.000,2.000,0,0
808,4040,right_shoulder_pitch,0.023394,0.000000,0.000000,0.000000,0.000000,0.000000,0.000000,-0.872665,3.141593,-0.023394,0,-0.023394,Hold,settle,-0.187152,0.057827,-0.150000,0.000000,-0.092173,-0.294807,0.000000,8.000,2.000,0,0
809,4045,right_shoulder_pitch,0.023777,0.023968,0.000000,0.000000,0.000000,0.000000,0.000000,-0.872665,3.141593,-0.023777,0,-0.023777,Hold,settle,-0.190220,0.058775,-0.150000,0.000000,-0.091225,-0.263679,0.000000,8.000,2.000,0,0
810,4050,right_shoulder_pitch,0.023394,-0.023976,0.000000,0.000000,0.000000,0.000000,0.000000,-0.872665,3.141593,-0.023394,0,-0.023394,Hold,settle,-0.187152,0.057827,-0.150000,0.000000,-0.092173,-0.265510,0.000000,8.000,2.000,0,0
811,4055,right_shoulder_pitch,0.023394,0.000000,0.000000,0.000000,0.000000,0.000000,0.000000,-0.872665,3.141593,-0.023394,0,-0.023394,Hold,settle,-0.187152,0.057827,-0.150000,0.000000,-0.092173,-0.289314,0.000000,8.000,2.000,0,0
812,4060,right_shoulder_pitch,0.023394,0.000000,0.000000,0.000000,0.000000,0.000000,0.000000,-0.872665,3.141593,-0.023394,0,-0.023394,Hold,settle,-0.187152,0.057827,-0.150000,0.000000,-0.092173,-0.305793,0.000000,8.000,2.000,0,0
813,4065,right_shoulder_pitch,0.023777,0.023965,0.000000,0.000000,0.000000,0.000000,0.000000,-0.872665,3.141593,-0.023777,0,-0.023777,Hold,settle,-0.190220,0.058775,-0.150000,0.000000,-0.091225,-0.294807,0.000000,8.000,2.000,0,0
814,4070,right_shoulder_pitch,0.023777,0.000000,0.000000,0.000000,0.000000,0.000000,0.000000,-0.872665,3.141593,-0.023777,0,-0.023777,Hold,settle,-0.190220,0.058775,-0.150000,0.000000,-0.091225,-0.294807,0.000000,8.000,2.000,0,0
815,4075,right_shoulder_pitch,0.023394,-0.023969,0.000000,0.000000,0.000000,0.000000,0.000000,-0.872665,3.141593,-0.023394,0,-0.023394,Hold,settle,-0.187152,0.057827,-0.150000,0.000000,-0.092173,-0.303962,0.000000,8.000,2.000,0,0
816,4080,right_shoulder_pitch,0.023394,0.000000,0.000000,0.000000,0.000000,0.000000,0.000000,-0.872665,3.141593,-0.023394,0,-0.023394,Hold,settle,-0.187152,0.057827,-0.150000,0.000000,-0.092173,-0.208747,0.000000,8.000,2.000,0,0
817,4085,right_shoulder_pitch,0.023777,0.023972,0.000000,0.000000,0.000000,0.000000,0.000000,-0.872665,3.141593,-0.023777,0,-0.023777,Hold,settle,-0.190220,0.058775,-0.150000,0.000000,-0.091225,-0.320442,0.000000,8.000,2.000,0,0
818,4090,right_shoulder_pitch,0.023394,-0.023965,0.000000,0.000000,0.000000,0.000000,0.000000,-0.872665,3.141593,-0.023394,0,-0.023394,Hold,settle,-0.187152,0.057827,-0.150000,0.000000,-0.092173,-0.285652,0.000000,8.000,2.000,0,0
819,4095,right_shoulder_pitch,0.023777,0.023966,0.000000,0.000000,0.000000,0.000000,0.000000,-0.872665,3.141593,-0.023777,0,-0.023777,Hold,settle,-0.190220,0.058775,-0.150000,0.000000,-0.091225,-0.261848,0.000000,8.000,2.000,0,0
820,4100,right_shoulder_pitch,0.023777,0.000000,0.000000,0.000000,0.000000,0.000000,0.000000,-0.872665,3.141593,-0.023777,0,-0.023777,Hold,settle,-0.190220,0.058775,-0.150000,0.000000,-0.091225,-0.247200,0.000000,8.000,2.000,0,0
821,4105,right_shoulder_pitch,0.023777,0.000000,0.000000,0.000000,0.000000,0.000000,0.000000,-0.872665,3.141593,-0.023777,0,-0.023777,Hold,settle,-0.190220,0.058775,-0.150000,0.000000,-0.091225,-0.311286,0.000000,8.000,2.000,0,0
822,4110,right_shoulder_pitch,0.023394,-0.023969,0.000000,0.000000,0.000000,0.000000,0.000000,-0.872665,3.141593,-0.023394,0,-0.023394,Hold,settle,-0.187152,0.057827,-0.150000,0.000000,-0.092173,-0.331428,0.000000,8.000,2.000,0,0
823,4115,right_shoulder_pitch,0.023394,0.000000,0.000000,0.000000,0.000000,0.000000,0.000000,-0.872665,3.141593,-0.023394,0,-0.023394,Hold,settle,-0.187152,0.057827,-0.150000,0.000000,-0.092173,-0.289314,0.000000,8.000,2.000,0,0
824,4120,right_shoulder_pitch,0.023777,0.023966,0.000000,0.000000,0.000000,0.000000,0.000000,-0.872665,3.141593,-0.023777,0,-0.023777,Hold,settle,-0.190220,0.058775,-0.150000,0.000000,-0.091225,-0.322273,0.000000,8.000,2.000,0,0
825,4125,right_shoulder_pitch,0.023777,0.000000,0.000000,0.000000,0.000000,0.000000,0.000000,-0.872665,3.141593,-0.023777,0,-0.023777,Hold,settle,-0.190220,0.058775,-0.150000,0.000000,-0.091225,-0.232551,0.000000,8.000,2.000,0,0
826,4130,right_shoulder_pitch,0.023777,0.000000,0.000000,0.000000,0.000000,0.000000,0.000000,-0.872665,3.141593,-0.023777,0,-0.023777,Hold,settle,-0.190220,0.058775,-0.150000,0.000000,-0.091225,-0.241706,0.000000,8.000,2.000,0,0
827,4135,right_shoulder_pitch,0.023394,-0.023973,0.000000,0.000000,0.000000,0.000000,0.000000,-0.872665,3.141593,-0.023394,0,-0.023394,Hold,settle,-0.187152,0.057827,-0.150000,0.000000,-0.092173,-0.276496,0.000000,8.000,2.000,0,0
828,4140,right_shoulder_pitch,0.023394,0.000000,0.000000,0.000000,0.000000,0.000000,0.000000,-0.872665,3.141593,-0.023394,0,-0.023394,Hold,settle,-0.187152,0.057827,-0.150000,0.000000,-0.092173,-0.276496,0.000000,8.000,2.000,0,0
829,4145,right_shoulder_pitch,0.023777,0.023966,0.000000,0.000000,0.000000,0.000000,0.000000,-0.872665,3.141593,-0.023777,0,-0.023777,Hold,settle,-0.190220,0.058775,-0.150000,0.000000,-0.091225,-0.311286,0.000000,8.000,2.000,0,0
830,4150,right_shoulder_pitch,0.023777,0.000000,0.000000,0.000000,0.000000,0.000000,0.000000,-0.872665,3.141593,-0.023777,0,-0.023777,Hold,settle,-0.190220,0.058775,-0.150000,0.000000,-0.091225,-0.287483,0.000000,8.000,2.000,0,0
831,4155,right_shoulder_pitch,0.023394,-0.023967,0.000000,0.000000,0.000000,0.000000,0.000000,-0.872665,3.141593,-0.023394,0,-0.023394,Hold,settle,-0.187152,0.057827,-0.150000,0.000000,-0.092173,-0.285652,0.000000,8.000,2.000,0,0
832,4160,right_shoulder_pitch,0.023777,0.023972,0.000000,0.000000,0.000000,0.000000,0.000000,-0.872665,3.141593,-0.023777,0,-0.023777,Hold,settle,-0.190220,0.058775,-0.150000,0.000000,-0.091225,-0.298469,0.000000,8.000,2.000,0,0
833,4165,right_shoulder_pitch,0.023777,0.000000,0.000000,0.000000,0.000000,0.000000,0.000000,-0.872665,3.141593,-0.023777,0,-0.023777,Hold,settle,-0.190220,0.058775,-0.150000,0.000000,-0.091225,-0.324104,0.000000,8.000,2.000,0,0
834,4170,right_shoulder_pitch,0.023777,0.000000,0.000000,0.000000,0.000000,0.000000,0.000000,-0.872665,3.141593,-0.023777,0,-0.023777,Hold,settle,-0.190220,0.058775,-0.150000,0.000000,-0.091225,-0.225227,0.000000,8.000,2.000,0,0
835,4175,right_shoulder_pitch,0.023777,0.000000,0.000000,0.000000,0.000000,0.000000,0.000000,-0.872665,3.141593,-0.023777,0,-0.023777,Hold,settle,-0.190220,0.058775,-0.150000,0.000000,-0.091225,-0.245368,0.000000,8.000,2.000,0,0
836,4180,right_shoulder_pitch,0.023777,0.000000,0.000000,0.000000,0.000000,0.000000,0.000000,-0.872665,3.141593,-0.023777,0,-0.023777,Hold,settle,-0.190220,0.058775,-0.150000,0.000000,-0.091225,-0.305793,0.000000,8.000,2.000,0,0
837,4185,right_shoulder_pitch,0.023777,0.000000,0.000000,0.000000,0.000000,0.000000,0.000000,-0.872665,3.141593,-0.023777,0,-0.023777,Hold,settle,-0.190220,0.058775,-0.150000,0.000000,-0.091225,-0.252693,0.000000,8.000,2.000,0,0
838,4190,right_shoulder_pitch,0.023777,0.000000,0.000000,0.000000,0.000000,0.000000,0.000000,-0.872665,3.141593,-0.023777,0,-0.023777,Hold,settle,-0.190220,0.058775,-0.150000,0.000000,-0.091225,-0.271003,0.000000,8.000,2.000,0,0
839,4195,right_shoulder_pitch,0.023777,0.000000,0.000000,0.000000,0.000000,0.000000,0.000000,-0.872665,3.141593,-0.023777,0,-0.023777,Hold,settle,-0.190220,0.058775,-0.150000,0.000000,-0.091225,-0.298469,0.000000,8.000,2.000,0,0
840,4200,right_shoulder_pitch,0.023394,-0.023969,0.000000,0.000000,0.000000,0.000000,0.000000,-0.872665,3.141593,-0.023394,0,-0.023394,Hold,settle,-0.187152,0.057827,-0.150000,0.000000,-0.092173,-0.287483,0.000000,8.000,2.000,0,0
841,4205,right_shoulder_pitch,0.023777,0.023969,0.000000,0.000000,0.000000,0.000000,0.000000,-0.872665,3.141593,-0.023777,0,-0.023777,Hold,settle,-0.190220,0.058775,-0.150000,0.000000,-0.091225,-0.280159,0.000000,8.000,2.000,0,0
842,4210,right_shoulder_pitch,0.023394,-0.023971,0.000000,0.000000,0.000000,0.000000,0.000000,-0.872665,3.141593,-0.023394,0,-0.023394,Hold,settle,-0.187152,0.057827,-0.150000,0.000000,-0.092173,-0.256355,0.000000,8.000,2.000,0,0
843,4215,right_shoulder_pitch,0.023777,0.023967,0.000000,0.000000,0.000000,0.000000,0.000000,-0.872665,3.141593,-0.023777,0,-0.023777,Hold,settle,-0.190220,0.058775,-0.150000,0.000000,-0.091225,-0.254524,0.000000,8.000,2.000,0,0
844,4220,right_shoulder_pitch,0.023777,0.000000,0.000000,0.000000,0.000000,0.000000,0.000000,-0.872665,3.141593,-0.023777,0,-0.023777,Hold,settle,-0.190220,0.058775,-0.150000,0.000000,-0.091225,-0.311286,0.000000,8.000,2.000,0,0
845,4225,right_shoulder_pitch,0.023777,0.000000,0.000000,0.000000,0.000000,0.000000,0.000000,-0.872665,3.141593,-0.023777,0,-0.023777,Hold,settle,-0.190220,0.058775,-0.150000,0.000000,-0.091225,-0.303962,0.000000,8.000,2.000,0,0
846,4230,right_shoulder_pitch,0.023777,0.000000,0.000000,0.000000,0.000000,0.000000,0.000000,-0.872665,3.141593,-0.023777,0,-0.023777,Hold,settle,-0.190220,0.058775,-0.150000,0.000000,-0.091225,-0.289314,0.000000,8.000,2.000,0,0
847,4235,right_shoulder_pitch,0.023777,0.000000,0.000000,0.000000,0.000000,0.000000,0.000000,-0.872665,3.141593,-0.023777,0,-0.023777,Hold,settle,-0.190220,0.058775,-0.150000,0.000000,-0.091225,-0.267341,0.000000,8.000,2.000,0,0
848,4240,right_shoulder_pitch,0.023777,0.000000,0.000000,0.000000,0.000000,0.000000,0.000000,-0.872665,3.141593,-0.023777,0,-0.023777,Hold,settle,-0.190220,0.058775,-0.150000,0.000000,-0.091225,-0.254524,0.000000,8.000,2.000,0,0
849,4245,right_shoulder_pitch,0.023777,0.000000,0.000000,0.000000,0.000000,0.000000,0.000000,-0.872665,3.141593,-0.023777,0,-0.023777,Hold,settle,-0.190220,0.058775,-0.150000,0.000000,-0.091225,-0.247200,0.000000,8.000,2.000,0,0
850,4250,right_shoulder_pitch,0.023777,0.000000,0.000000,0.000000,0.000000,0.000000,0.000000,-0.872665,3.141593,-0.023777,0,-0.023777,Hold,settle,-0.190220,0.058775,-0.150000,0.000000,-0.091225,-0.349739,0.000000,8.000,2.000,0,0
851,4255,right_shoulder_pitch,0.023777,0.000000,0.000000,0.000000,0.000000,0.000000,0.000000,-0.872665,3.141593,-0.023777,0,-0.023777,Hold,settle,-0.190220,0.058775,-0.150000,0.000000,-0.091225,-0.272834,0.000000,8.000,2.000,0,0
852,4260,right_shoulder_pitch,0.023777,0.000000,0.000000,0.000000,0.000000,0.000000,0.000000,-0.872665,3.141593,-0.023777,0,-0.023777,Hold,settle,-0.190220,0.058775,-0.150000,0.000000,-0.091225,-0.206916,0.000000,8.000,2.000,0,0
853,4265,right_shoulder_pitch,0.023777,0.000000,0.000000,0.000000,0.000000,0.000000,0.000000,-0.872665,3.141593,-0.023777,0,-0.023777,Hold,settle,-0.190220,0.058775,-0.150000,0.000000,-0.091225,-0.305793,0.000000,8.000,2.000,0,0
854,4270,right_shoulder_pitch,0.023777,0.000000,0.000000,0.000000,0.000000,0.000000,0.000000,-0.872665,3.141593,-0.023777,0,-0.023777,Hold,settle,-0.190220,0.058775,-0.150000,0.000000,-0.091225,-0.300300,0.000000,8.000,2.000,0,0
855,4275,right_shoulder_pitch,0.023777,0.000000,0.000000,0.000000,0.000000,0.000000,0.000000,-0.872665,3.141593,-0.023777,0,-0.023777,Hold,settle,-0.190220,0.058775,-0.150000,0.000000,-0.091225,-0.267341,0.000000,8.000,2.000,0,0
856,4280,right_shoulder_pitch,0.023777,0.000000,0.000000,0.000000,0.000000,0.000000,0.000000,-0.872665,3.141593,-0.023777,0,-0.023777,Hold,settle,-0.190220,0.058775,-0.150000,0.000000,-0.091225,-0.314949,0.000000,8.000,2.000,0,0
857,4285,right_shoulder_pitch,0.023777,0.000000,0.000000,0.000000,0.000000,0.000000,0.000000,-0.872665,3.141593,-0.023777,0,-0.023777,Hold,settle,-0.190220,0.058775,-0.150000,0.000000,-0.091225,-0.318611,0.000000,8.000,2.000,0,0
858,4290,right_shoulder_pitch,0.023777,0.000000,0.000000,0.000000,0.000000,0.000000,0.000000,-0.872665,3.141593,-0.023777,0,-0.023777,Hold,settle,-0.190220,0.058775,-0.150000,0.000000,-0.091225,-0.243537,0.000000,8.000,2.000,0,0
859,4295,right_shoulder_pitch,0.023777,0.000000,0.000000,0.000000,0.000000,0.000000,0.000000,-0.872665,3.141593,-0.023777,0,-0.023777,Hold,settle,-0.190220,0.058775,-0.150000,0.000000,-0.091225,-0.252693,0.000000,8.000,2.000,0,0
860,4300,right_shoulder_pitch,0.023777,0.000000,0.000000,0.000000,0.000000,0.000000,0.000000,-0.872665,3.141593,-0.023777,0,-0.023777,Hold,settle,-0.190220,0.058775,-0.150000,0.000000,-0.091225,-0.219734,0.000000,8.000,2.000,0,0
861,4305,right_shoulder_pitch,0.023777,0.000000,0.000000,0.000000,0.000000,0.000000,0.000000,-0.872665,3.141593,-0.023777,0,-0.023777,Hold,settle,-0.190220,0.058775,-0.150000,0.000000,-0.091225,-0.263679,0.000000,8.000,2.000,0,0
862,4310,right_shoulder_pitch,0.023777,0.000000,0.000000,0.000000,0.000000,0.000000,0.000000,-0.872665,3.141593,-0.023777,0,-0.023777,Hold,settle,-0.190220,0.058775,-0.150000,0.000000,-0.091225,-0.274665,0.000000,8.000,2.000,0,0
863,4315,right_shoulder_pitch,0.023777,0.000000,0.000000,0.000000,0.000000,0.000000,0.000000,-0.872665,3.141593,-0.023777,0,-0.023777,Hold,settle,-0.190220,0.058775,-0.150000,0.000000,-0.091225,-0.234382,0.000000,8.000,2.000,0,0
864,4320,right_shoulder_pitch,0.023777,0.000000,0.000000,0.000000,0.000000,0.000000,0.000000,-0.872665,3.141593,-0.023777,0,-0.023777,Hold,settle,-0.190220,0.058775,-0.150000,0.000000,-0.091225,-0.280159,0.000000,8.000,2.000,0,0
865,4325,right_shoulder_pitch,0.023777,0.000000,0.000000,0.000000,0.000000,0.000000,0.000000,-0.872665,3.141593,-0.023777,0,-0.023777,Hold,settle,-0.190220,0.058775,-0.150000,0.000000,-0.091225,-0.236213,0.000000,8.000,2.000,0,0
866,4330,right_shoulder_pitch,0.023777,0.000000,0.000000,0.000000,0.000000,0.000000,0.000000,-0.872665,3.141593,-0.023777,0,-0.023777,Hold,settle,-0.190220,0.058775,-0.150000,0.000000,-0.091225,-0.296638,0.000000,8.000,2.000,0,0
867,4335,right_shoulder_pitch,0.023777,0.000000,0.000000,0.000000,0.000000,0.000000,0.000000,-0.872665,3.141593,-0.023777,0,-0.023777,Hold,settle,-0.190220,0.058775,-0.150000,0.000000,-0.091225,-0.241706,0.000000,8.000,2.000,0,0
868,4340,right_shoulder_pitch,0.023777,0.000000,0.000000,0.000000,0.000000,0.000000,0.000000,-0.872665,3.141593,-0.023777,0,-0.023777,Hold,settle,-0.190220,0.058775,-0.150000,0.000000,-0.091225,-0.294807,0.000000,8.000,2.000,0,0
869,4345,right_shoulder_pitch,0.023777,0.000000,0.000000,0.000000,0.000000,0.000000,0.000000,-0.872665,3.141593,-0.023777,0,-0.023777,Hold,settle,-0.190220,0.058775,-0.150000,0.000000,-0.091225,-0.192268,0.000000,8.000,2.000,0,0
870,4350,right_shoulder_pitch,0.023777,0.000000,0.000000,0.000000,0.000000,0.000000,0.000000,-0.872665,3.141593,-0.023777,0,-0.023777,Hold,settle,-0.190220,0.058775,-0.150000,0.000000,-0.091225,-0.250862,0.000000,8.000,2.000,0,0
871,4355,right_shoulder_pitch,0.023777,0.000000,0.000000,0.000000,0.000000,0.000000,0.000000,-0.872665,3.141593,-0.023777,0,-0.023777,Hold,settle,-0.190220,0.058775,-0.150000,0.000000,-0.091225,-0.250862,0.000000,8.000,2.000,0,0
872,4360,right_shoulder_pitch,0.023777,0.000000,0.000000,0.000000,0.000000,0.000000,0.000000,-0.872665,3.141593,-0.023777,0,-0.023777,Hold,settle,-0.190220,0.058775,-0.150000,0.000000,-0.091225,-0.261848,0.000000,8.000,2.000,0,0
873,4365,right_shoulder_pitch,0.023777,0.000000,0.000000,0.000000,0.000000,0.000000,0.000000,-0.872665,3.141593,-0.023777,0,-0.023777,Hold,settle,-0.190220,0.058775,-0.150000,0.000000,-0.091225,-0.314949,0.000000,8.000,2.000,0,0
874,4370,right_shoulder_pitch,0.023777,0.000000,0.000000,0.000000,0.000000,0.000000,0.000000,-0.872665,3.141593,-0.023777,0,-0.023777,Hold,settle,-0.190220,0.058775,-0.150000,0.000000,-0.091225,-0.316780,0.000000,8.000,2.000,0,0
875,4375,right_shoulder_pitch,0.023777,0.000000,0.000000,0.000000,0.000000,0.000000,0.000000,-0.872665,3.141593,-0.023777,0,-0.023777,Hold,settle,-0.190220,0.058775,-0.150000,0.000000,-0.091225,-0.280159,0.000000,8.000,2.000,0,0
876,4380,right_shoulder_pitch,0.023777,0.000000,0.000000,0.000000,0.000000,0.000000,0.000000,-0.872665,3.141593,-0.023777,0,-0.023777,Hold,settle,-0.190220,0.058775,-0.150000,0.000000,-0.091225,-0.344245,0.000000,8.000,2.000,0,0
877,4385,right_shoulder_pitch,0.023777,0.000000,0.000000,0.000000,0.000000,0.000000,0.000000,-0.872665,3.141593,-0.023777,0,-0.023777,Hold,settle,-0.190220,0.058775,-0.150000,0.000000,-0.091225,-0.285652,0.000000,8.000,2.000,0,0
878,4390,right_shoulder_pitch,0.023777,0.000000,0.000000,0.000000,0.000000,0.000000,0.000000,-0.872665,3.141593,-0.023777,0,-0.023777,Hold,settle,-0.190220,0.058775,-0.150000,0.000000,-0.091225,-0.243537,0.000000,8.000,2.000,0,0
879,4395,right_shoulder_pitch,0.023777,0.000000,0.000000,0.000000,0.000000,0.000000,0.000000,-0.872665,3.141593,-0.023777,0,-0.023777,Hold,settle,-0.190220,0.058775,-0.150000,0.000000,-0.091225,-0.256355,0.000000,8.000,2.000,0,0
880,4400,right_shoulder_pitch,0.023777,0.000000,0.000000,0.000000,0.000000,0.000000,0.000000,-0.872665,3.141593,-0.023777,0,-0.023777,Hold,settle,-0.190220,0.058775,-0.150000,0.000000,-0.091225,-0.258186,0.000000,8.000,2.000,0,0
881,4405,right_shoulder_pitch,0.023777,0.000000,0.000000,0.000000,0.000000,0.000000,0.000000,-0.872665,3.141593,-0.023777,0,-0.023777,Hold,settle,-0.190220,0.058775,-0.150000,0.000000,-0.091225,-0.258186,0.000000,8.000,2.000,0,0
882,4410,right_shoulder_pitch,0.023777,0.000000,0.000000,0.000000,0.000000,0.000000,0.000000,-0.872665,3.141593,-0.023777,0,-0.023777,Hold,settle,-0.190220,0.058775,-0.150000,0.000000,-0.091225,-0.291145,0.000000,8.000,2.000,0,0
883,4415,right_shoulder_pitch,0.023777,0.000000,0.000000,0.000000,0.000000,0.000000,0.000000,-0.872665,3.141593,-0.023777,0,-0.023777,Hold,settle,-0.190220,0.058775,-0.150000,0.000000,-0.091225,-0.274665,0.000000,8.000,2.000,0,0
884,4420,right_shoulder_pitch,0.023777,0.000000,0.000000,0.000000,0.000000,0.000000,0.000000,-0.872665,3.141593,-0.023777,0,-0.023777,Hold,settle,-0.190220,0.058775,-0.150000,0.000000,-0.091225,-0.258186,0.000000,8.000,2.000,0,0
885,4425,right_shoulder_pitch,0.023777,0.000000,0.000000,0.000000,0.000000,0.000000,0.000000,-0.872665,3.141593,-0.023777,0,-0.023777,Hold,settle,-0.190220,0.058775,-0.150000,0.000000,-0.091225,-0.227058,0.000000,8.000,2.000,0,0
886,4430,right_shoulder_pitch,0.023394,-0.023977,0.000000,0.000000,0.000000,0.000000,0.000000,-0.872665,3.141593,-0.023394,0,-0.023394,Hold,settle,-0.187152,0.057827,-0.150000,0.000000,-0.092173,-0.296638,0.000000,8.000,2.000,0,0
887,4435,right_shoulder_pitch,0.023777,0.023965,0.000000,0.000000,0.000000,0.000000,0.000000,-0.872665,3.141593,-0.023777,0,-0.023777,Hold,settle,-0.190220,0.058775,-0.150000,0.000000,-0.091225,-0.298469,0.000000,8.000,2.000,0,0
888,4440,right_shoulder_pitch,0.023777,0.000000,0.000000,0.000000,0.000000,0.000000,0.000000,-0.872665,3.141593,-0.023777,0,-0.023777,Hold,settle,-0.190220,0.058775,-0.150000,0.000000,-0.091225,-0.256355,0.000000,8.000,2.000,0,0
889,4445,right_shoulder_pitch,0.023777,0.000000,0.000000,0.000000,0.000000,0.000000,0.000000,-0.872665,3.141593,-0.023777,0,-0.023777,Hold,settle,-0.190220,0.058775,-0.150000,0.000000,-0.091225,-0.298469,0.000000,8.000,2.000,0,0
890,4450,right_shoulder_pitch,0.023777,0.000000,0.000000,0.000000,0.000000,0.000000,0.000000,-0.872665,3.141593,-0.023777,0,-0.023777,Hold,settle,-0.190220,0.058775,-0.150000,0.000000,-0.091225,-0.316780,0.000000,8.000,2.000,0,0
891,4455,right_shoulder_pitch,0.023777,0.000000,0.000000,0.000000,0.000000,0.000000,0.000000,-0.872665,3.141593,-0.023777,0,-0.023777,Hold,settle,-0.190220,0.058775,-0.150000,0.000000,-0.091225,-0.311286,0.000000,8.000,2.000,0,0
892,4460,right_shoulder_pitch,0.023777,0.000000,0.000000,0.000000,0.000000,0.000000,0.000000,-0.872665,3.141593,-0.023777,0,-0.023777,Hold,settle,-0.190220,0.058775,-0.150000,0.000000,-0.091225,-0.303962,0.000000,8.000,2.000,0,0
893,4465,right_shoulder_pitch,0.023777,0.000000,0.000000,0.000000,0.000000,0.000000,0.000000,-0.872665,3.141593,-0.023777,0,-0.023777,Hold,settle,-0.190220,0.058775,-0.150000,0.000000,-0.091225,-0.239875,0.000000,8.000,2.000,0,0
894,4470,right_shoulder_pitch,0.023777,0.000000,0.000000,0.000000,0.000000,0.000000,0.000000,-0.872665,3.141593,-0.023777,0,-0.023777,Hold,settle,-0.190220,0.058775,-0.150000,0.000000,-0.091225,-0.263679,0.000000,8.000,2.000,0,0
895,4475,right_shoulder_pitch,0.023777,0.000000,0.000000,0.000000,0.000000,0.000000,0.000000,-0.872665,3.141593,-0.023777,0,-0.023777,Hold,settle,-0.190220,0.058775,-0.150000,0.000000,-0.091225,-0.296638,0.000000,8.000,2.000,0,0
896,4480,right_shoulder_pitch,0.023777,0.000000,0.000000,0.000000,0.000000,0.000000,0.000000,-0.872665,3.141593,-0.023777,0,-0.023777,Hold,settle,-0.190220,0.058775,-0.150000,0.000000,-0.091225,-0.263679,0.000000,8.000,2.000,0,0
897,4485,right_shoulder_pitch,0.023777,0.000000,0.000000,0.000000,0.000000,0.000000,0.000000,-0.872665,3.141593,-0.023777,0,-0.023777,Hold,settle,-0.190220,0.058775,-0.150000,0.000000,-0.091225,-0.265510,0.000000,8.000,2.000,0,0
898,4490,right_shoulder_pitch,0.023777,0.000000,0.000000,0.000000,0.000000,0.000000,0.000000,-0.872665,3.141593,-0.023777,0,-0.023777,Hold,settle,-0.190220,0.058775,-0.150000,0.000000,-0.091225,-0.271003,0.000000,8.000,2.000,0,0
899,4495,right_shoulder_pitch,0.023777,0.000000,0.000000,0.000000,0.000000,0.000000,0.000000,-0.872665,3.141593,-0.023777,0,-0.023777,Hold,settle,-0.190220,0.058775,-0.150000,0.000000,-0.091225,-0.212409,0.000000,8.000,2.000,0,0
900,4500,right_shoulder_pitch,0.023394,-0.023970,0.000000,0.000000,0.000000,0.000000,0.000000,-0.872665,3.141593,-0.023394,0,-0.023394,Hold,settle,-0.187152,0.057827,-0.150000,0.000000,-0.092173,-0.261848,0.000000,8.000,2.000,0,0
901,4505,right_shoulder_pitch,0.023777,0.023975,0.000000,0.000000,0.000000,0.000000,0.000000,-0.872665,3.141593,-0.023777,0,-0.023777,Hold,settle,-0.190220,0.058775,-0.150000,0.000000,-0.091225,-0.258186,0.000000,8.000,2.000,0,0
902,4510,right_shoulder_pitch,0.023777,0.000000,0.000000,0.000000,0.000000,0.000000,0.000000,-0.872665,3.141593,-0.023777,0,-0.023777,Hold,settle,-0.190220,0.058775,-0.150000,0.000000,-0.091225,-0.239875,0.000000,8.000,2.000,0,0
903,4515,right_shoulder_pitch,0.023777,0.000000,0.000000,0.000000,0.000000,0.000000,0.000000,-0.872665,3.141593,-0.023777,0,-0.023777,Hold,settle,-0.190220,0.058775,-0.150000,0.000000,-0.091225,-0.216072,0.000000,8.000,2.000,0,0
904,4520,right_shoulder_pitch,0.023777,0.000000,0.000000,0.000000,0.000000,0.000000,0.000000,-0.872665,3.141593,-0.023777,0,-0.023777,Hold,settle,-0.190220,0.058775,-0.150000,0.000000,-0.091225,-0.258186,0.000000,8.000,2.000,0,0
905,4525,right_shoulder_pitch,0.023777,0.000000,0.000000,0.000000,0.000000,0.000000,0.000000,-0.872665,3.141593,-0.023777,0,-0.023777,Hold,settle,-0.190220,0.058775,-0.150000,0.000000,-0.091225,-0.272834,0.000000,8.000,2.000,0,0
906,4530,right_shoulder_pitch,0.023777,0.000000,0.000000,0.000000,0.000000,0.000000,0.000000,-0.872665,3.141593,-0.023777,0,-0.023777,Hold,settle,-0.190220,0.058775,-0.150000,0.000000,-0.091225,-0.283821,0.000000,8.000,2.000,0,0
907,4535,right_shoulder_pitch,0.023777,0.000000,0.000000,0.000000,0.000000,0.000000,0.000000,-0.872665,3.141593,-0.023777,0,-0.023777,Hold,settle,-0.190220,0.058775,-0.150000,0.000000,-0.091225,-0.271003,0.000000,8.000,2.000,0,0
908,4540,right_shoulder_pitch,0.023777,0.000000,0.000000,0.000000,0.000000,0.000000,0.000000,-0.872665,3.141593,-0.023777,0,-0.023777,Hold,settle,-0.190220,0.058775,-0.150000,0.000000,-0.091225,-0.379043,0.000000,8.000,2.000,0,0
909,4545,right_shoulder_pitch,0.023777,0.000000,0.000000,0.000000,0.000000,0.000000,0.000000,-0.872665,3.141593,-0.023777,0,-0.023777,Hold,settle,-0.190220,0.058775,-0.150000,0.000000,-0.091225,-0.291145,0.000000,8.000,2.000,0,0
910,4550,right_shoulder_pitch,0.023777,0.000000,0.000000,0.000000,0.000000,0.000000,0.000000,-0.872665,3.141593,-0.023777,0,-0.023777,Hold,settle,-0.190220,0.058775,-0.150000,0.000000,-0.091225,-0.311286,0.000000,8.000,2.000,0,0
911,4555,right_shoulder_pitch,0.023777,0.000000,0.000000,0.000000,0.000000,0.000000,0.000000,-0.872665,3.141593,-0.023777,0,-0.023777,Hold,settle,-0.190220,0.058775,-0.150000,0.000000,-0.091225,-0.256355,0.000000,8.000,2.000,0,0
912,4560,right_shoulder_pitch,0.023777,0.000000,0.000000,0.000000,0.000000,0.000000,0.000000,-0.872665,3.141593,-0.023777,0,-0.023777,Hold,settle,-0.190220,0.058775,-0.150000,0.000000,-0.091225,-0.236213,0.000000,8.000,2.000,0,0
913,4565,right_shoulder_pitch,0.023777,0.000000,0.000000,0.000000,0.000000,0.000000,0.000000,-0.872665,3.141593,-0.023777,0,-0.023777,Hold,settle,-0.190220,0.058775,-0.150000,0.000000,-0.091225,-0.250862,0.000000,8.000,2.000,0,0
914,4570,right_shoulder_pitch,0.023777,0.000000,0.000000,0.000000,0.000000,0.000000,0.000000,-0.872665,3.141593,-0.023777,0,-0.023777,Hold,settle,-0.190220,0.058775,-0.150000,0.000000,-0.091225,-0.276496,0.000000,8.000,2.000,0,0
915,4575,right_shoulder_pitch,0.023777,0.000000,0.000000,0.000000,0.000000,0.000000,0.000000,-0.872665,3.141593,-0.023777,0,-0.023777,Hold,settle,-0.190220,0.058775,-0.150000,0.000000,-0.091225,-0.320442,0.000000,8.000,2.000,0,0
916,4580,right_shoulder_pitch,0.023777,0.000000,0.000000,0.000000,0.000000,0.000000,0.000000,-0.872665,3.141593,-0.023777,0,-0.023777,Hold,settle,-0.190220,0.058775,-0.150000,0.000000,-0.091225,-0.197761,0.000000,8.000,2.000,0,0
917,4585,right_shoulder_pitch,0.023777,0.000000,0.000000,0.000000,0.000000,0.000000,0.000000,-0.872665,3.141593,-0.023777,0,-0.023777,Hold,settle,-0.190220,0.058775,-0.150000,0.000000,-0.091225,-0.316780,0.000000,8.000,2.000,0,0
918,4590,right_shoulder_pitch,0.023777,0.000000,0.000000,0.000000,0.000000,0.000000,0.000000,-0.872665,3.141593,-0.023777,0,-0.023777,Hold,settle,-0.190220,0.058775,-0.150000,0.000000,-0.091225,-0.280159,0.000000,8.000,2.000,0,0
919,4595,right_shoulder_pitch,0.023777,0.000000,0.000000,0.000000,0.000000,0.000000,0.000000,-0.872665,3.141593,-0.023777,0,-0.023777,Hold,settle,-0.190220,0.058775,-0.150000,0.000000,-0.091225,-0.298469,0.000000,8.000,2.000,0,0
920,4600,right_shoulder_pitch,0.023777,0.000000,0.000000,0.000000,0.000000,0.000000,0.000000,-0.872665,3.141593,-0.023777,0,-0.023777,Hold,settle,-0.190220,0.058775,-0.150000,0.000000,-0.091225,-0.269172,0.000000,8.000,2.000,0,0
921,4605,right_shoulder_pitch,0.023777,0.000000,0.000000,0.000000,0.000000,0.000000,0.000000,-0.872665,3.141593,-0.023777,0,-0.023777,Hold,settle,-0.190220,0.058775,-0.150000,0.000000,-0.091225,-0.298469,0.000000,8.000,2.000,0,0
922,4610,right_shoulder_pitch,0.023777,0.000000,0.000000,0.000000,0.000000,0.000000,0.000000,-0.872665,3.141593,-0.023777,0,-0.023777,Hold,settle,-0.190220,0.058775,-0.150000,0.000000,-0.091225,-0.258186,0.000000,8.000,2.000,0,0
923,4615,right_shoulder_pitch,0.023777,0.000000,0.000000,0.000000,0.000000,0.000000,0.000000,-0.872665,3.141593,-0.023777,0,-0.023777,Hold,settle,-0.190220,0.058775,-0.150000,0.000000,-0.091225,-0.281990,0.000000,8.000,2.000,0,0
924,4620,right_shoulder_pitch,0.023777,0.000000,0.000000,0.000000,0.000000,0.000000,0.000000,-0.872665,3.141593,-0.023777,0,-0.023777,Hold,settle,-0.190220,0.058775,-0.150000,0.000000,-0.091225,-0.245368,0.000000,8.000,2.000,0,0
925,4625,right_shoulder_pitch,0.023777,0.000000,0.000000,0.000000,0.000000,0.000000,0.000000,-0.872665,3.141593,-0.023777,0,-0.023777,Hold,settle,-0.190220,0.058775,-0.150000,0.000000,-0.091225,-0.228889,0.000000,8.000,2.000,0,0
926,4630,right_shoulder_pitch,0.023777,0.000000,0.000000,0.000000,0.000000,0.000000,0.000000,-0.872665,3.141593,-0.023777,0,-0.023777,Hold,settle,-0.190220,0.058775,-0.150000,0.000000,-0.091225,-0.225227,0.000000,8.000,2.000,0,0
927,4635,right_shoulder_pitch,0.023777,0.000000,0.000000,0.000000,0.000000,0.000000,0.000000,-0.872665,3.141593,-0.023777,0,-0.023777,Hold,settle,-0.190220,0.058775,-0.150000,0.000000,-0.091225,-0.292976,0.000000,8.000,2.000,0,0
928,4640,right_shoulder_pitch,0.023777,0.000000,0.000000,0.000000,0.000000,0.000000,0.000000,-0.872665,3.141593,-0.023777,0,-0.023777,Hold,settle,-0.190220,0.058775,-0.150000,0.000000,-0.091225,-0.265510,0.000000,8.000,2.000,0,0
929,4645,right_shoulder_pitch,0.023777,0.000000,0.000000,0.000000,0.000000,0.000000,0.000000,-0.872665,3.141593,-0.023777,0,-0.023777,Hold,settle,-0.190220,0.058775,-0.150000,0.000000,-0.091225,-0.239875,0.000000,8.000,2.000,0,0
930,4650,right_shoulder_pitch,0.023777,0.000000,0.000000,0.000000,0.000000,0.000000,0.000000,-0.872665,3.141593,-0.023777,0,-0.023777,Hold,settle,-0.190220,0.058775,-0.150000,0.000000,-0.091225,-0.238044,0.000000,8.000,2.000,0,0
931,4655,right_shoulder_pitch,0.023777,0.000000,0.000000,0.000000,0.000000,0.000000,0.000000,-0.872665,3.141593,-0.023777,0,-0.023777,Hold,settle,-0.190220,0.058775,-0.150000,0.000000,-0.091225,-0.239875,0.000000,8.000,2.000,0,0
932,4660,right_shoulder_pitch,0.023394,-0.023971,0.000000,0.000000,0.000000,0.000000,0.000000,-0.872665,3.141593,-0.023394,0,-0.023394,Hold,settle,-0.187152,0.057827,-0.150000,0.000000,-0.092173,-0.227058,0.000000,8.000,2.000,0,0
933,4665,right_shoulder_pitch,0.023777,0.023981,0.000000,0.000000,0.000000,0.000000,0.000000,-0.872665,3.141593,-0.023777,0,-0.023777,Hold,settle,-0.190220,0.058775,-0.150000,0.000000,-0.091225,-0.265510,0.000000,8.000,2.000,0,0
934,4670,right_shoulder_pitch,0.023777,0.000000,0.000000,0.000000,0.000000,0.000000,0.000000,-0.872665,3.141593,-0.023777,0,-0.023777,Hold,settle,-0.190220,0.058775,-0.150000,0.000000,-0.091225,-0.241706,0.000000,8.000,2.000,0,0
935,4675,right_shoulder_pitch,0.023777,0.000000,0.000000,0.000000,0.000000,0.000000,0.000000,-0.872665,3.141593,-0.023777,0,-0.023777,Hold,settle,-0.190220,0.058775,-0.150000,0.000000,-0.091225,-0.344245,0.000000,8.000,2.000,0,0
936,4680,right_shoulder_pitch,0.023777,0.000000,0.000000,0.000000,0.000000,0.000000,0.000000,-0.872665,3.141593,-0.023777,0,-0.023777,Hold,settle,-0.190220,0.058775,-0.150000,0.000000,-0.091225,-0.260017,0.000000,8.000,2.000,0,0
937,4685,right_shoulder_pitch,0.023777,0.000000,0.000000,0.000000,0.000000,0.000000,0.000000,-0.872665,3.141593,-0.023777,0,-0.023777,Hold,settle,-0.190220,0.058775,-0.150000,0.000000,-0.091225,-0.217903,0.000000,8.000,2.000,0,0
938,4690,right_shoulder_pitch,0.023777,0.000000,0.000000,0.000000,0.000000,0.000000,0.000000,-0.872665,3.141593,-0.023777,0,-0.023777,Hold,settle,-0.190220,0.058775,-0.150000,0.000000,-0.091225,-0.302131,0.000000,8.000,2.000,0,0
939,4695,right_shoulder_pitch,0.023777,0.000000,0.000000,0.000000,0.000000,0.000000,0.000000,-0.872665,3.141593,-0.023777,0,-0.023777,Hold,settle,-0.190220,0.058775,-0.150000,0.000000,-0.091225,-0.247200,0.000000,8.000,2.000,0,0
940,4700,right_shoulder_pitch,0.023777,0.000000,0.000000,0.000000,0.000000,0.000000,0.000000,-0.872665,3.141593,-0.023777,0,-0.023777,Hold,settle,-0.190220,0.058775,-0.150000,0.000000,-0.091225,-0.331428,0.000000,8.000,2.000,0,0
941,4705,right_shoulder_pitch,0.023394,-0.023983,0.000000,0.000000,0.000000,0.000000,0.000000,-0.872665,3.141593,-0.023394,0,-0.023394,Hold,settle,-0.187152,0.057827,-0.150000,0.000000,-0.092173,-0.281990,0.000000,8.000,2.000,0,0
942,4710,right_shoulder_pitch,0.023777,0.023970,0.000000,0.000000,0.000000,0.000000,0.000000,-0.872665,3.141593,-0.023777,0,-0.023777,Hold,settle,-0.190220,0.058775,-0.150000,0.000000,-0.091225,-0.329597,0.000000,8.000,2.000,0,0
943,4715,right_shoulder_pitch,0.023777,0.000000,0.000000,0.000000,0.000000,0.000000,0.000000,-0.872665,3.141593,-0.023777,0,-0.023777,Hold,settle,-0.190220,0.058775,-0.150000,0.000000,-0.091225,-0.294807,0.000000,8.000,2.000,0,0
944,4720,right_shoulder_pitch,0.023777,0.000000,0.000000,0.000000,0.000000,0.000000,0.000000,-0.872665,3.141593,-0.023777,0,-0.023777,Hold,settle,-0.190220,0.058775,-0.150000,0.000000,-0.091225,-0.269172,0.000000,8.000,2.000,0,0
945,4725,right_shoulder_pitch,0.023777,0.000000,0.000000,0.000000,0.000000,0.000000,0.000000,-0.872665,3.141593,-0.023777,0,-0.023777,Hold,settle,-0.190220,0.058775,-0.150000,0.000000,-0.091225,-0.250862,0.000000,8.000,2.000,0,0
946,4730,right_shoulder_pitch,0.023777,0.000000,0.000000,0.000000,0.000000,0.000000,0.000000,-0.872665,3.141593,-0.023777,0,-0.023777,Hold,settle,-0.190220,0.058775,-0.150000,0.000000,-0.091225,-0.309455,0.000000,8.000,2.000,0,0
947,4735,right_shoulder_pitch,0.023777,0.000000,0.000000,0.000000,0.000000,0.000000,0.000000,-0.872665,3.141593,-0.023777,0,-0.023777,Hold,settle,-0.190220,0.058775,-0.150000,0.000000,-0.091225,-0.267341,0.000000,8.000,2.000,0,0
948,4740,right_shoulder_pitch,0.023777,0.000000,0.000000,0.000000,0.000000,0.000000,0.000000,-0.872665,3.141593,-0.023777,0,-0.023777,Hold,settle,-0.190220,0.058775,-0.150000,0.000000,-0.091225,-0.283821,0.000000,8.000,2.000,0,0
949,4745,right_shoulder_pitch,0.023394,-0.023966,0.000000,0.000000,0.000000,0.000000,0.000000,-0.872665,3.141593,-0.023394,0,-0.023394,Hold,settle,-0.187152,0.057827,-0.150000,0.000000,-0.092173,-0.276496,0.000000,8.000,2.000,0,0
950,4750,right_shoulder_pitch,0.023777,0.023978,0.000000,0.000000,0.000000,0.000000,0.000000,-0.872665,3.141593,-0.023777,0,-0.023777,Hold,settle,-0.190220,0.058775,-0.150000,0.000000,-0.091225,-0.272834,0.000000,8.000,2.000,0,0
951,4755,right_shoulder_pitch,0.023777,0.000000,0.000000,0.000000,0.000000,0.000000,0.000000,-0.872665,3.141593,-0.023777,0,-0.023777,Hold,settle,-0.190220,0.058775,-0.150000,0.000000,-0.091225,-0.269172,0.000000,8.000,2.000,0,0
952,4760,right_shoulder_pitch,0.023394,-0.023970,0.000000,0.000000,0.000000,0.000000,0.000000,-0.872665,3.141593,-0.023394,0,-0.023394,Hold,settle,-0.187152,0.057827,-0.150000,0.000000,-0.092173,-0.252693,0.000000,8.000,2.000,0,0
953,4765,right_shoulder_pitch,0.023777,0.023964,0.000000,0.000000,0.000000,0.000000,0.000000,-0.872665,3.141593,-0.023777,0,-0.023777,Hold,settle,-0.190220,0.058775,-0.150000,0.000000,-0.091225,-0.351577,0.000000,8.000,2.000,0,0
954,4770,right_shoulder_pitch,0.023777,0.000000,0.000000,0.000000,0.000000,0.000000,0.000000,-0.872665,3.141593,-0.023777,0,-0.023777,Hold,settle,-0.190220,0.058775,-0.150000,0.000000,-0.091225,-0.324104,0.000000,8.000,2.000,0,0
955,4775,right_shoulder_pitch,0.023777,0.000000,0.000000,0.000000,0.000000,0.000000,0.000000,-0.872665,3.141593,-0.023777,0,-0.023777,Hold,settle,-0.190220,0.058775,-0.150000,0.000000,-0.091225,-0.230720,0.000000,8.000,2.000,0,0
956,4780,right_shoulder_pitch,0.023777,0.000000,0.000000,0.000000,0.000000,0.000000,0.000000,-0.872665,3.141593,-0.023777,0,-0.023777,Hold,settle,-0.190220,0.058775,-0.150000,0.000000,-0.091225,-0.300300,0.000000,8.000,2.000,0,0
957,4785,right_shoulder_pitch,0.023777,0.000000,0.000000,0.000000,0.000000,0.000000,0.000000,-0.872665,3.141593,-0.023777,0,-0.023777,Hold,settle,-0.190220,0.058775,-0.150000,0.000000,-0.091225,-0.283821,0.000000,8.000,2.000,0,0
958,4790,right_shoulder_pitch,0.023777,0.000000,0.000000,0.000000,0.000000,0.000000,0.000000,-0.872665,3.141593,-0.023777,0,-0.023777,Hold,settle,-0.190220,0.058775,-0.150000,0.000000,-0.091225,-0.269172,0.000000,8.000,2.000,0,0
959,4795,right_shoulder_pitch,0.023777,0.000000,0.000000,0.000000,0.000000,0.000000,0.000000,-0.872665,3.141593,-0.023777,0,-0.023777,Hold,settle,-0.190220,0.058775,-0.150000,0.000000,-0.091225,-0.265510,0.000000,8.000,2.000,0,0
960,4800,right_shoulder_pitch,0.023777,0.000000,0.000000,0.000000,0.000000,0.000000,0.000000,-0.872665,3.141593,-0.023777,0,-0.023777,Hold,settle,-0.190220,0.058775,-0.150000,0.000000,-0.091225,-0.324104,0.000000,8.000,2.000,0,0
961,4805,right_shoulder_pitch,0.023777,0.000000,0.000000,0.000000,0.000000,0.000000,0.000000,-0.872665,3.141593,-0.023777,0,-0.023777,Hold,settle,-0.190220,0.058775,-0.150000,0.000000,-0.091225,-0.278327,0.000000,8.000,2.000,0,0
962,4810,right_shoulder_pitch,0.023394,-0.023953,0.000000,0.000000,0.000000,0.000000,0.000000,-0.872665,3.141593,-0.023394,0,-0.023394,Hold,settle,-0.187152,0.057827,-0.150000,0.000000,-0.092173,-0.289314,0.000000,8.000,2.000,0,0
963,4815,right_shoulder_pitch,0.023777,0.023983,0.000000,0.000000,0.000000,0.000000,0.000000,-0.872665,3.141593,-0.023777,0,-0.023777,Hold,settle,-0.190220,0.058775,-0.150000,0.000000,-0.091225,-0.314949,0.000000,8.000,2.000,0,0
964,4820,right_shoulder_pitch,0.023777,0.000000,0.000000,0.000000,0.000000,0.000000,0.000000,-0.872665,3.141593,-0.023777,0,-0.023777,Hold,settle,-0.190220,0.058775,-0.150000,0.000000,-0.091225,-0.258186,0.000000,8.000,2.000,0,0
965,4825,right_shoulder_pitch,0.023777,0.000000,0.000000,0.000000,0.000000,0.000000,0.000000,-0.872665,3.141593,-0.023777,0,-0.023777,Hold,settle,-0.190220,0.058775,-0.150000,0.000000,-0.091225,-0.283821,0.000000,8.000,2.000,0,0
966,4830,right_shoulder_pitch,0.023777,0.000000,0.000000,0.000000,0.000000,0.000000,0.000000,-0.872665,3.141593,-0.023777,0,-0.023777,Hold,settle,-0.190220,0.058775,-0.150000,0.000000,-0.091225,-0.263679,0.000000,8.000,2.000,0,0
967,4835,right_shoulder_pitch,0.023777,0.000000,0.000000,0.000000,0.000000,0.000000,0.000000,-0.872665,3.141593,-0.023777,0,-0.023777,Hold,settle,-0.190220,0.058775,-0.150000,0.000000,-0.091225,-0.287483,0.000000,8.000,2.000,0,0
968,4840,right_shoulder_pitch,0.023777,0.000000,0.000000,0.000000,0.000000,0.000000,0.000000,-0.872665,3.141593,-0.023777,0,-0.023777,Hold,settle,-0.190220,0.058775,-0.150000,0.000000,-0.091225,-0.302131,0.000000,8.000,2.000,0,0
969,4845,right_shoulder_pitch,0.023777,0.000000,0.000000,0.000000,0.000000,0.000000,0.000000,-0.872665,3.141593,-0.023777,0,-0.023777,Hold,settle,-0.190220,0.058775,-0.150000,0.000000,-0.091225,-0.300300,0.000000,8.000,2.000,0,0
970,4850,right_shoulder_pitch,0.023777,0.000000,0.000000,0.000000,0.000000,0.000000,0.000000,-0.872665,3.141593,-0.023777,0,-0.023777,Hold,settle,-0.190220,0.058775,-0.150000,0.000000,-0.091225,-0.243537,0.000000,8.000,2.000,0,0
971,4855,right_shoulder_pitch,0.023777,0.000000,0.000000,0.000000,0.000000,0.000000,0.000000,-0.872665,3.141593,-0.023777,0,-0.023777,Hold,settle,-0.190220,0.058775,-0.150000,0.000000,-0.091225,-0.232551,0.000000,8.000,2.000,0,0
972,4860,right_shoulder_pitch,0.023777,0.000000,0.000000,0.000000,0.000000,0.000000,0.000000,-0.872665,3.141593,-0.023777,0,-0.023777,Hold,settle,-0.190220,0.058775,-0.150000,0.000000,-0.091225,-0.254524,0.000000,8.000,2.000,0,0
973,4865,right_shoulder_pitch,0.023394,-0.023979,0.000000,0.000000,0.000000,0.000000,0.000000,-0.872665,3.141593,-0.023394,0,-0.023394,Hold,settle,-0.187152,0.057827,-0.150000,0.000000,-0.092173,-0.272834,0.000000,8.000,2.000,0,0
974,4870,right_shoulder_pitch,0.023777,0.023972,0.000000,0.000000,0.000000,0.000000,0.000000,-0.872665,3.141593,-0.023777,0,-0.023777,Hold,settle,-0.190220,0.058775,-0.150000,0.000000,-0.091225,-0.302131,0.000000,8.000,2.000,0,0
975,4875,right_shoulder_pitch,0.023777,0.000000,0.000000,0.000000,0.000000,0.000000,0.000000,-0.872665,3.141593,-0.023777,0,-0.023777,Hold,settle,-0.190220,0.058775,-0.150000,0.000000,-0.091225,-0.289314,0.000000,8.000,2.000,0,0
976,4880,right_shoulder_pitch,0.023777,0.000000,0.000000,0.000000,0.000000,0.000000,0.000000,-0.872665,3.141593,-0.023777,0,-0.023777,Hold,settle,-0.190220,0.058775,-0.150000,0.000000,-0.091225,-0.276496,0.000000,8.000,2.000,0,0
977,4885,right_shoulder_pitch,0.023777,0.000000,0.000000,0.000000,0.000000,0.000000,0.000000,-0.872665,3.141593,-0.023777,0,-0.023777,Hold,settle,-0.190220,0.058775,-0.150000,0.000000,-0.091225,-0.241706,0.000000,8.000,2.000,0,0
978,4890,right_shoulder_pitch,0.023777,0.000000,0.000000,0.000000,0.000000,0.000000,0.000000,-0.872665,3.141593,-0.023777,0,-0.023777,Hold,settle,-0.190220,0.058775,-0.150000,0.000000,-0.091225,-0.223396,0.000000,8.000,2.000,0,0
979,4895,right_shoulder_pitch,0.023777,0.000000,0.000000,0.000000,0.000000,0.000000,0.000000,-0.872665,3.141593,-0.023777,0,-0.023777,Hold,settle,-0.190220,0.058775,-0.150000,0.000000,-0.091225,-0.278327,0.000000,8.000,2.000,0,0
980,4900,right_shoulder_pitch,0.023777,0.000000,0.000000,0.000000,0.000000,0.000000,0.000000,-0.872665,3.141593,-0.023777,0,-0.023777,Hold,settle,-0.190220,0.058775,-0.150000,0.000000,-0.091225,-0.314949,0.000000,8.000,2.000,0,0
981,4905,right_shoulder_pitch,0.023777,0.000000,0.000000,0.000000,0.000000,0.000000,0.000000,-0.872665,3.141593,-0.023777,0,-0.023777,Hold,settle,-0.190220,0.058775,-0.150000,0.000000,-0.091225,-0.283821,0.000000,8.000,2.000,0,0
982,4910,right_shoulder_pitch,0.023777,0.000000,0.000000,0.000000,0.000000,0.000000,0.000000,-0.872665,3.141593,-0.023777,0,-0.023777,Hold,settle,-0.190220,0.058775,-0.150000,0.000000,-0.091225,-0.298469,0.000000,8.000,2.000,0,0
983,4915,right_shoulder_pitch,0.023777,0.000000,0.000000,0.000000,0.000000,0.000000,0.000000,-0.872665,3.141593,-0.023777,0,-0.023777,Hold,settle,-0.190220,0.058775,-0.150000,0.000000,-0.091225,-0.261848,0.000000,8.000,2.000,0,0
984,4920,right_shoulder_pitch,0.023777,0.000000,0.000000,0.000000,0.000000,0.000000,0.000000,-0.872665,3.141593,-0.023777,0,-0.023777,Hold,settle,-0.190220,0.058775,-0.150000,0.000000,-0.091225,-0.269172,0.000000,8.000,2.000,0,0
985,4925,right_shoulder_pitch,0.023777,0.000000,0.000000,0.000000,0.000000,0.000000,0.000000,-0.872665,3.141593,-0.023777,0,-0.023777,Hold,settle,-0.190220,0.058775,-0.150000,0.000000,-0.091225,-0.225227,0.000000,8.000,2.000,0,0
986,4930,right_shoulder_pitch,0.023777,0.000000,0.000000,0.000000,0.000000,0.000000,0.000000,-0.872665,3.141593,-0.023777,0,-0.023777,Hold,settle,-0.190220,0.058775,-0.150000,0.000000,-0.091225,-0.269172,0.000000,8.000,2.000,0,0
987,4935,right_shoulder_pitch,0.023777,0.000000,0.000000,0.000000,0.000000,0.000000,0.000000,-0.872665,3.141593,-0.023777,0,-0.023777,Hold,settle,-0.190220,0.058775,-0.150000,0.000000,-0.091225,-0.303962,0.000000,8.000,2.000,0,0
988,4940,right_shoulder_pitch,0.023777,0.000000,0.000000,0.000000,0.000000,0.000000,0.000000,-0.872665,3.141593,-0.023777,0,-0.023777,Hold,settle,-0.190220,0.058775,-0.150000,0.000000,-0.091225,-0.254524,0.000000,8.000,2.000,0,0
989,4945,right_shoulder_pitch,0.023777,0.000000,0.000000,0.000000,0.000000,0.000000,0.000000,-0.872665,3.141593,-0.023777,0,-0.023777,Hold,settle,-0.190220,0.058775,-0.150000,0.000000,-0.091225,-0.272834,0.000000,8.000,2.000,0,0
