tick,t_ms,joint,q,dq,q_traj,dq_traj,q_des,target,target_raw,q_env_lo,q_env_hi,lead,lead_sat,settle_error,phase,friction_mode,tau_p,tau_g,tau_f,tau_d,tau_ff_cmd,tau_meas,dq_mit,kp,kd,joint_stuck,planner_frozen
1,5,right_shoulder_pitch,1.512168,0.000000,1.512168,0.000000,1.512168,1.512168,1.512168,-0.872665,3.141593,0.000000,0,0.000000,Hold,settle,0.000000,2.467873,0.000000,0.000000,2.467873,0.355235,0.000000,8.000,2.000,0,0
2,10,right_shoulder_pitch,1.509484,-0.096014,1.512168,0.000000,1.512168,1.512168,1.512168,-0.872665,3.141593,0.002684,0,0.002684,Hold,settle,0.021476,2.467475,0.008053,0.000000,2.475528,0.269172,0.000000,8.000,2.000,0,0
3,15,right_shoulder_pitch,1.510634,0.071948,1.512168,0.000000,1.512168,1.512168,1.512168,-0.872665,3.141593,0.001534,0,0.001534,Hold,settle,0.012272,2.467647,0.004602,0.000000,2.472249,1.267129,0.000000,8.000,2.000,0,0
4,20,right_shoulder_pitch,1.513702,0.153411,1.512168,0.000000,1.512168,1.512168,1.512168,-0.872665,3.141593,-0.001534,0,-0.001534,Hold,settle,-0.012272,2.468092,-0.004602,0.000000,2.463490,1.931820,0.000000,8.000,2.000,0,0
5,25,right_shoulder_pitch,1.519454,0.359531,1.512168,0.000000,1.512168,1.512168,1.512168,-0.872665,3.141593,-0.007286,0,-0.007286,Hold,settle,-0.058291,2.468862,-0.021859,0.000000,2.447003,1.862240,0.000000,8.000,2.000,0,0
6,30,right_shoulder_pitch,1.527124,0.479380,1.512168,0.000000,1.512168,1.512168,1.512168,-0.872665,3.141593,-0.014956,0,-0.014956,Hold,settle,-0.119651,2.469763,-0.044869,0.000000,2.424894,1.979431,0.000000,8.000,2.000,0,0
7,35,right_shoulder_pitch,1.535179,0.503327,1.512168,0.000000,1.512168,1.512168,1.512168,-0.872665,3.141593,-0.023010,0,-0.023010,Hold,settle,-0.184084,2.470552,-0.150000,0.000000,2.320552,2.442702,0.000000,8.000,2.000,0,0
8,40,right_shoulder_pitch,1.543615,0.527339,1.543503,-0.022500,1.512168,1.512168,1.512168,-0.872665,3.141593,-0.031447,0,-0.031447,Accelerate,traj_vel,-0.251578,2.471207,-0.150000,-0.732344,1.588863,2.109439,-0.022500,8.000,2.000,0,0
9,45,right_shoulder_pitch,1.553203,0.599179,1.543278,-0.045000,1.512168,1.512168,1.512168,-0.872665,3.141593,-0.041035,0,-0.041035,Accelerate,traj_vel,-0.328278,2.471737,-0.150000,-0.905097,1.416640,1.565598,-0.045000,8.000,2.000,0,0
10,50,right_shoulder_pitch,1.562791,0.599202,1.542940,-0.067500,1.512168,1.512168,1.512168,-0.872665,3.141593,-0.050623,1,-0.050623,Accelerate,traj_vel,-0.404983,2.472041,-0.150000,-1.045924,1.276117,1.391644,-0.067500,8.000,2.000,0,0
11,55,right_shoulder_pitch,1.571228,0.527357,1.542490,-0.090000,1.512168,1.512168,1.512168,-0.872665,3.141593,-0.059060,1,-0.059060,Accelerate,traj_vel,-0.472478,2.472120,-0.150000,-1.126872,1.195248,1.485032,-0.090000,8.000,2.000,0,0
12,60,right_shoulder_pitch,1.577747,0.407489,1.541990,-0.100000,1.512168,1.512168,1.512168,-0.872665,3.141593,-0.065579,1,-0.065579,Cruise,traj_vel,-0.524633,2.472060,-0.150000,-1.113898,1.208162,1.246988,-0.100000,8.000,2.000,0,0
13,65,right_shoulder_pitch,1.583117,0.335605,1.541490,-0.100000,1.512168,1.512168,1.512168,-0.872665,3.141593,-0.070949,1,-0.070949,Cruise,traj_vel,-0.567591,2.471932,-0.150000,-1.053226,1.268706,0.745261,-0.100000,8.000,2.000,0,0
14,70,right_shoulder_pitch,1.587719,0.287610,1.540990,-0.100000,1.512168,1.512168,1.512168,-0.872665,3.141593,-0.075551,1,-0.075551,Cruise,traj_vel,-0.604406,2.471766,-0.150000,-0.983724,1.338042,0.820338,-0.100000,8.000,2.000,0,0
15,75,right_shoulder_pitch,1.589253,0.095869,1.540490,-0.100000,1.512168,1.512168,1.512168,-0.872665,3.141593,-0.077085,1,-0.077085,Cruise,traj_vel,-0.616678,2.471699,-0.150000,-0.835728,1.485971,0.959501,-0.100000,8.000,2.000,0,0
16,80,right_shoulder_pitch,1.589253,0.000000,1.539990,-0.100000,1.512168,1.512168,1.512168,-0.872665,3.141593,-0.077085,1,-0.077085,Cruise,traj_vel,-0.616678,2.471699,-0.150000,-0.676796,1.644903,0.897245,-0.100000,8.000,2.000,0,0
17,85,right_shoulder_pitch,1.589253,0.000000,1.539490,-0.100000,1.512168,1.512168,1.512168,-0.872665,3.141593,-0.077085,1,-0.077085,Cruise,traj_vel,-0.616678,2.471699,-0.150000,-0.557597,1.764102,0.904570,-0.100000,8.000,2.000,0,0
18,90,right_shoulder_pitch,1.589253,0.000000,1.538990,-0.100000,1.512168,1.512168,1.512168,-0.872665,3.141593,-0.077085,1,-0.077085,Cruise,traj_vel,-0.616678,2.471699,-0.150000,-0.468198,1.853501,1.001619,-0.100000,8.000,2.000,0,0
19,95,right_shoulder_pitch,1.588869,-0.023966,1.538490,-0.100000,1.512168,1.512168,1.512168,-0.872665,3.141593,-0.076701,1,-0.076701,Cruise,traj_vel,-0.613610,2.471716,-0.150000,-0.389165,1.932551,1.096834,-0.100000,8.000,2.000,0,0
20,100,right_shoulder_pitch,1.588869,0.000000,1.588369,-0.100000,1.512168,1.512168,1.512168,-0.872665,3.141593,-0.076701,1,-0.076701,Cruise,traj_vel,-0.613610,2.471716,-0.150000,-0.341874,1.979842,1.212194,-0.100000,8.000,2.000,0,0
21,105,right_shoulder_pitch,1.588869,0.000000,1.587869,-0.100000,1.512168,1.512168,1.512168,-0.872665,3.141593,-0.076701,1,-0.076701,Cruise,traj_vel,-0.613610,2.471716,-0.150000,-0.306405,2.015311,1.267129,-0.100000,8.000,2.000,0,0
22,110,right_shoulder_pitch,1.588869,0.000000,1.587369,-0.100000,1.512168,1.512168,1.512168,-0.872665,3.141593,-0.076701,1,-0.076701,Cruise,traj_vel,-0.613610,2.471716,-0.150000,-0.279804,2.041912,1.362348,-0.100000,8.000,2.000,0,0
23,115,right_shoulder_pitch,1.588486,-0.023969,1.586869,-0.100000,1.512168,1.512168,1.512168,-0.872665,3.141593,-0.076318,1,-0.076318,Cruise,traj_vel,-0.610542,2.471733,-0.150000,-0.247869,2.073865,1.428266,-0.100000,8.000,2.000,0,0
24,120,right_shoulder_pitch,1.588102,-0.023969,1.512168,0.000000,1.512168,1.512168,1.512168,-0.872665,3.141593,-0.075934,1,-0.075934,Hold,settle,-0.607474,2.471750,-0.150000,0.000000,2.321750,1.441083,0.000000,8.000,2.000,1,0
25,125,right_shoulder_pitch,1.588102,0.000000,1.512168,0.000000,1.512168,1.512168,1.512168,-0.872665,3.141593,-0.075934,1,-0.075934,Hold,settle,-0.607474,2.471750,-0.150000,0.000000,2.321750,1.472214,0.000000,8.000,2.000,1,0
26,130,right_shoulder_pitch,1.587719,-0.023968,1.512168,0.000000,1.512168,1.512168,1.512168,-0.872665,3.141593,-0.075551,1,-0.075551,Hold,settle,-0.604406,2.471766,-0.150000,0.000000,2.321766,1.682789,0.000000,8.000,2.000,1,0
27,135,right_shoulder_pitch,1.587719,0.000000,1.512168,0.000000,1.512168,1.512168,1.512168,-0.872665,3.141593,-0.075551,1,-0.075551,Hold,settle,-0.604406,2.471766,-0.150000,0.000000,2.321766,1.675465,0.000000,8.000,2.000,1,0
28,140,right_shoulder_pitch,1.587719,0.000000,1.512168,0.000000,1.512168,1.512168,1.512168,-0.872665,3.141593,-0.075551,1,-0.075551,Hold,settle,-0.604406,2.471766,-0.150000,0.000000,2.321766,1.699272,0.000000,8.000,2.000,1,0
29,145,right_shoulder_pitch,1.587719,0.000000,1.512168,0.000000,1.512168,1.512168,1.512168,-0.872665,3.141593,-0.075551,1,-0.075551,Hold,settle,-0.604406,2.471766,-0.150000,0.000000,2.321766,1.724907,0.000000,8.000,2.000,1,0
30,150,right_shoulder_pitch,1.587719,0.000000,1.512168,0.000000,1.512168,1.512168,1.512168,-0.872665,3.141593,-0.075551,1,-0.075551,Hold,settle,-0.604406,2.471766,-0.150000,0.000000,2.321766,1.715752,0.000000,8.000,2.000,1,0
31,155,right_shoulder_pitch,1.587719,0.000000,1.512168,0.000000,1.512168,1.512168,1.512168,-0.872665,3.141593,-0.075551,1,-0.075551,Hold,settle,-0.604406,2.471766,-0.150000,0.000000,2.321766,1.675465,0.000000,8.000,2.000,1,0
32,160,right_shoulder_pitch,1.588102,0.023962,1.512168,0.000000,1.512168,1.512168,1.512168,-0.872665,3.141593,-0.075934,1,-0.075934,Hold,settle,-0.607474,2.471750,-0.150000,0.000000,2.321750,1.699272,0.000000,8.000,2.000,1,0
33,165,right_shoulder_pitch,1.588102,0.000000,1.512168,0.000000,1.512168,1.512168,1.512168,-0.872665,3.141593,-0.075934,1,-0.075934,Hold,settle,-0.607474,2.471750,-0.150000,0.000000,2.321750,1.690114,0.000000,8.000,2.000,1,0
34,170,right_shoulder_pitch,1.588486,0.023968,1.512168,0.000000,1.512168,1.512168,1.512168,-0.872665,3.141593,-0.076318,1,-0.076318,Hold,settle,-0.610542,2.471733,-0.150000,0.000000,2.321733,1.637013,0.000000,8.000,2.000,1,0
35,175,right_shoulder_pitch,1.588869,0.023968,1.512168,0.000000,1.512168,1.512168,1.512168,-0.872665,3.141593,-0.076701,1,-0.076701,Hold,settle,-0.613610,2.471716,-0.150000,0.000000,2.321716,1.660817,0.000000,8.000,2.000,1,0
36,180,right_shoulder_pitch,1.589636,0.047939,1.589136,-0.100000,1.512168,1.512168,1.512168,-0.872665,3.141593,-0.077468,1,-0.077468,Cruise,traj_vel,-0.619746,2.471681,-0.150000,-0.243572,2.078109,1.684620,-0.100000,8.000,2.000,0,0
37,185,right_shoulder_pitch,1.590403,0.047935,1.588636,-0.100000,1.512168,1.512168,1.512168,-0.872665,3.141593,-0.078235,1,-0.078235,Cruise,traj_vel,-0.625882,2.471645,-0.150000,-0.256647,2.064998,1.691945,-0.100000,8.000,2.000,0,0
38,190,right_shoulder_pitch,1.590403,0.000000,1.588136,-0.100000,1.512168,1.512168,1.512168,-0.872665,3.141593,-0.078235,1,-0.078235,Cruise,traj_vel,-0.625882,2.471645,-0.150000,-0.242485,2.079160,1.578416,-0.100000,8.000,2.000,0,0
39,195,right_shoulder_pitch,1.590403,0.000000,1.512168,0.000000,1.512168,1.512168,1.512168,-0.872665,3.141593,-0.078235,1,-0.078235,Hold,settle,-0.625882,2.471645,-0.150000,0.000000,2.321645,1.477708,0.000000,8.000,2.000,1,0
40,200,right_shoulder_pitch,1.590403,0.000000,1.512168,0.000000,1.512168,1.512168,1.512168,-0.872665,3.141593,-0.078235,1,-0.078235,Hold,settle,-0.625882,2.471645,-0.150000,0.000000,2.321645,1.453900,0.000000,8.000,2.000,1,0
41,205,right_shoulder_pitch,1.590787,0.023963,1.512168,0.000000,1.512168,1.512168,1.512168,-0.872665,3.141593,-0.078619,1,-0.078619,Hold,settle,-0.628950,2.471626,-0.150000,0.000000,2.321626,1.611378,0.000000,8.000,2.000,1,0
42,210,right_shoulder_pitch,1.590787,0.000000,1.512168,0.000000,1.512168,1.512168,1.512168,-0.872665,3.141593,-0.078619,1,-0.078619,Hold,settle,-0.628950,2.471626,-0.150000,0.000000,2.321626,1.616871,0.000000,8.000,2.000,1,0
43,215,right_shoulder_pitch,1.591554,0.047937,1.591054,-0.100000,1.512168,1.512168,1.512168,-0.872665,3.141593,-0.079386,1,-0.079386,Cruise,traj_vel,-0.635086,2.471587,-0.150000,-0.240790,2.080798,1.569260,-0.100000,8.000,2.000,0,0
44,220,right_shoulder_pitch,1.592704,0.071908,1.590554,-0.100000,1.512168,1.512168,1.512168,-0.872665,3.141593,-0.080536,1,-0.080536,Cruise,traj_vel,-0.644290,2.471527,-0.150000,-0.266546,2.054980,1.691945,-0.100000,8.000,2.000,0,0
45,225,right_shoulder_pitch,1.593088,0.023967,1.590054,-0.100000,1.512168,1.512168,1.512168,-0.872665,3.141593,-0.080920,1,-0.080920,Cruise,traj_vel,-0.647358,2.471506,-0.150000,-0.261893,2.059612,1.582081,-0.100000,8.000,2.000,0,0
46,230,right_shoulder_pitch,1.593471,0.023970,1.589554,-0.100000,1.512168,1.512168,1.512168,-0.872665,3.141593,-0.081303,1,-0.081303,Cruise,traj_vel,-0.650426,2.471485,-0.150000,-0.258405,2.063080,1.455731,-0.100000,8.000,2.000,0,0
47,235,right_shoulder_pitch,1.593471,0.000000,1.589054,-0.100000,1.512168,1.512168,1.512168,-0.872665,3.141593,-0.081303,1,-0.081303,Cruise,traj_vel,-0.650426,2.471485,-0.150000,-0.243804,2.077681,1.461225,-0.100000,8.000,2.000,0,0
48,240,right_shoulder_pitch,1.593088,-0.023967,1.512168,0.000000,1.512168,1.512168,1.512168,-0.872665,3.141593,-0.080920,1,-0.080920,Hold,settle,-0.647358,2.471506,-0.150000,0.000000,2.321506,1.452069,0.000000,8.000,2.000,1,0
49,245,right_shoulder_pitch,1.592704,-0.023966,1.512168,0.000000,1.512168,1.512168,1.512168,-0.872665,3.141593,-0.080536,1,-0.080536,Hold,settle,-0.644290,2.471527,-0.150000,0.000000,2.321527,1.503342,0.000000,8.000,2.000,1,0
50,250,right_shoulder_pitch,1.592704,0.000000,1.512168,0.000000,1.512168,1.512168,1.512168,-0.872665,3.141593,-0.080536,1,-0.080536,Hold,settle,-0.644290,2.471527,-0.150000,0.000000,2.321527,1.615040,0.000000,8.000,2.000,1,0
51,255,right_shoulder_pitch,1.592704,0.000000,1.512168,0.000000,1.512168,1.512168,1.512168,-0.872665,3.141593,-0.080536,1,-0.080536,Hold,settle,-0.644290,2.471527,-0.150000,0.000000,2.321527,1.626027,0.000000,8.000,2.000,1,0
52,260,right_shoulder_pitch,1.592704,0.000000,1.512168,0.000000,1.512168,1.512168,1.512168,-0.872665,3.141593,-0.080536,1,-0.080536,Hold,settle,-0.644290,2.471527,-0.150000,0.000000,2.321527,1.640675,0.000000,8.000,2.000,1,0
53,265,right_shoulder_pitch,1.592704,0.000000,1.512168,0.000000,1.512168,1.512168,1.512168,-0.872665,3.141593,-0.080536,1,-0.080536,Hold,settle,-0.644290,2.471527,-0.150000,0.000000,2.321527,1.737725,0.000000,8.000,2.000,1,0
54,270,right_shoulder_pitch,1.592704,0.000000,1.512168,0.000000,1.512168,1.512168,1.512168,-0.872665,3.141593,-0.080536,1,-0.080536,Hold,settle,-0.644290,2.471527,-0.150000,0.000000,2.321527,1.668141,0.000000,8.000,2.000,1,0
55,275,right_shoulder_pitch,1.592704,0.000000,1.512168,0.000000,1.512168,1.512168,1.512168,-0.872665,3.141593,-0.080536,1,-0.080536,Hold,settle,-0.644290,2.471527,-0.150000,0.000000,2.321527,1.657155,0.000000,8.000,2.000,1,0
56,280,right_shoulder_pitch,1.592704,0.000000,1.512168,0.000000,1.512168,1.512168,1.512168,-0.872665,3.141593,-0.080536,1,-0.080536,Hold,settle,-0.644290,2.471527,-0.150000,0.000000,2.321527,1.664479,0.000000,8.000,2.000,1,0
57,285,right_shoulder_pitch,1.592704,0.000000,1.512168,0.000000,1.512168,1.512168,1.512168,-0.872665,3.141593,-0.080536,1,-0.080536,Hold,settle,-0.644290,2.471527,-0.150000,0.000000,2.321527,1.708428,0.000000,8.000,2.000,1,0
58,290,right_shoulder_pitch,1.592321,-0.023969,1.512168,0.000000,1.512168,1.512168,1.512168,-0.872665,3.141593,-0.080153,1,-0.080153,Hold,settle,-0.641222,2.471547,-0.150000,0.000000,2.321547,1.649830,0.000000,8.000,2.000,1,0
59,295,right_shoulder_pitch,1.592704,0.023969,1.512168,0.000000,1.512168,1.512168,1.512168,-0.872665,3.141593,-0.080536,1,-0.080536,Hold,settle,-0.644290,2.471527,-0.150000,0.000000,2.321527,1.732231,0.000000,8.000,2.000,1,0
60,300,right_shoulder_pitch,1.592704,0.000000,1.512168,0.000000,1.512168,1.512168,1.512168,-0.872665,3.141593,-0.080536,1,-0.080536,Hold,settle,-0.644290,2.471527,-0.150000,0.000000,2.321527,1.679127,0.000000,8.000,2.000,1,0
61,305,right_shoulder_pitch,1.592704,0.000000,1.512168,0.000000,1.512168,1.512168,1.512168,-0.872665,3.141593,-0.080536,1,-0.080536,Hold,settle,-0.644290,2.471527,-0.150000,0.000000,2.321527,1.693776,0.000000,8.000,2.000,1,0
62,310,right_shoulder_pitch,1.592704,0.000000,1.512168,0.000000,1.512168,1.512168,1.512168,-0.872665,3.141593,-0.080536,1,-0.080536,Hold,settle,-0.644290,2.471527,-0.150000,0.000000,2.321527,1.713921,0.000000,8.000,2.000,1,0
63,315,right_shoulder_pitch,1.592704,0.000000,1.512168,0.000000,1.512168,1.512168,1.512168,-0.872665,3.141593,-0.080536,1,-0.080536,Hold,settle,-0.644290,2.471527,-0.150000,0.000000,2.321527,1.723076,0.000000,8.000,2.000,1,0
64,320,right_shoulder_pitch,1.592704,0.000000,1.512168,0.000000,1.512168,1.512168,1.512168,-0.872665,3.141593,-0.080536,1,-0.080536,Hold,settle,-0.644290,2.471527,-0.150000,0.000000,2.321527,1.710259,0.000000,8.000,2.000,1,0
65,325,right_shoulder_pitch,1.592704,0.000000,1.512168,0.000000,1.512168,1.512168,1.512168,-0.872665,3.141593,-0.080536,1,-0.080536,Hold,settle,-0.644290,2.471527,-0.150000,0.000000,2.321527,1.677296,0.000000,8.000,2.000,1,0
66,330,right_shoulder_pitch,1.592704,0.000000,1.512168,0.000000,1.512168,1.512168,1.512168,-0.872665,3.141593,-0.080536,1,-0.080536,Hold,settle,-0.644290,2.471527,-0.150000,0.000000,2.321527,1.644337,0.000000,8.000,2.000,1,0
67,335,right_shoulder_pitch,1.592704,0.000000,1.512168,0.000000,1.512168,1.512168,1.512168,-0.872665,3.141593,-0.080536,1,-0.080536,Hold,settle,-0.644290,2.471527,-0.150000,0.000000,2.321527,1.704766,0.000000,8.000,2.000,1,0
68,340,right_shoulder_pitch,1.592704,0.000000,1.512168,0.000000,1.512168,1.512168,1.512168,-0.872665,3.141593,-0.080536,1,-0.080536,Hold,settle,-0.644290,2.471527,-0.150000,0.000000,2.321527,1.704766,0.000000,8.000,2.000,1,0
69,345,right_shoulder_pitch,1.592321,-0.023969,1.512168,0.000000,1.512168,1.512168,1.512168,-0.872665,3.141593,-0.080153,1,-0.080153,Hold,settle,-0.641222,2.471547,-0.150000,0.000000,2.321547,1.646168,0.000000,8.000,2.000,1,0
70,350,right_shoulder_pitch,1.592321,0.000000,1.512168,0.000000,1.512168,1.512168,1.512168,-0.872665,3.141593,-0.080153,1,-0.080153,Hold,settle,-0.641222,2.471547,-0.150000,0.000000,2.321547,1.697438,0.000000,8.000,2.000,1,0
71,355,right_shoulder_pitch,1.592704,0.023975,1.512168,0.000000,1.512168,1.512168,1.512168,-0.872665,3.141593,-0.080536,1,-0.080536,Hold,settle,-0.644290,2.471527,-0.150000,0.000000,2.321527,1.655324,0.000000,8.000,2.000,1,0
72,360,right_shoulder_pitch,1.592704,0.000000,1.512168,0.000000,1.512168,1.512168,1.512168,-0.872665,3.141593,-0.080536,1,-0.080536,Hold,settle,-0.644290,2.471527,-0.150000,0.000000,2.321527,1.691945,0.000000,8.000,2.000,1,0
73,365,right_shoulder_pitch,1.592321,-0.023976,1.512168,0.000000,1.512168,1.512168,1.512168,-0.872665,3.141593,-0.080153,1,-0.080153,Hold,settle,-0.641222,2.471547,-0.150000,0.000000,2.321547,1.682789,0.000000,8.000,2.000,1,0
74,370,right_shoulder_pitch,1.592704,0.023969,1.512168,0.000000,1.512168,1.512168,1.512168,-0.872665,3.141593,-0.080536,1,-0.080536,Hold,settle,-0.644290,2.471527,-0.150000,0.000000,2.321527,1.675465,0.000000,8.000,2.000,1,0
75,375,right_shoulder_pitch,1.592704,0.000000,1.512168,0.000000,1.512168,1.512168,1.512168,-0.872665,3.141593,-0.080536,1,-0.080536,Hold,settle,-0.644290,2.471527,-0.150000,0.000000,2.321527,1.605885,0.000000,8.000,2.000,1,0
76,380,right_shoulder_pitch,1.592704,0.000000,1.512168,0.000000,1.512168,1.512168,1.512168,-0.872665,3.141593,-0.080536,1,-0.080536,Hold,settle,-0.644290,2.471527,-0.150000,0.000000,2.321527,1.640675,0.000000,8.000,2.000,1,0
77,385,right_shoulder_pitch,1.592704,0.000000,1.512168,0.000000,1.512168,1.512168,1.512168,-0.872665,3.141593,-0.080536,1,-0.080536,Hold,settle,-0.644290,2.471527,-0.150000,0.000000,2.321527,1.642506,0.000000,8.000,2.000,1,0
78,390,right_shoulder_pitch,1.592704,0.000000,1.512168,0.000000,1.512168,1.512168,1.512168,-0.872665,3.141593,-0.080536,1,-0.080536,Hold,settle,-0.644290,2.471527,-0.150000,0.000000,2.321527,1.693776,0.000000,8.000,2.000,1,0
79,395,right_shoulder_pitch,1.592704,0.000000,1.512168,0.000000,1.512168,1.512168,1.512168,-0.872665,3.141593,-0.080536,1,-0.080536,Hold,settle,-0.644290,2.471527,-0.150000,0.000000,2.321527,1.677296,0.000000,8.000,2.000,1,0
80,400,right_shoulder_pitch,1.592704,0.000000,1.512168,0.000000,1.512168,1.512168,1.512168,-0.872665,3.141593,-0.080536,1,-0.080536,Hold,settle,-0.644290,2.471527,-0.150000,0.000000,2.321527,1.662648,0.000000,8.000,2.000,1,0
81,405,right_shoulder_pitch,1.592704,0.000000,1.512168,0.000000,1.512168,1.512168,1.512168,-0.872665,3.141593,-0.080536,1,-0.080536,Hold,settle,-0.644290,2.471527,-0.150000,0.000000,2.321527,1.671803,0.000000,8.000,2.000,1,0
82,410,right_shoulder_pitch,1.592704,0.000000,1.512168,0.000000,1.512168,1.512168,1.512168,-0.872665,3.141593,-0.080536,1,-0.080536,Hold,settle,-0.644290,2.471527,-0.150000,0.000000,2.321527,1.701103,0.000000,8.000,2.000,1,0
83,415,right_shoulder_pitch,1.592704,0.000000,1.512168,0.000000,1.512168,1.512168,1.512168,-0.872665,3.141593,-0.080536,1,-0.080536,Hold,settle,-0.644290,2.471527,-0.150000,0.000000,2.321527,1.688282,0.000000,8.000,2.000,1,0
84,420,right_shoulder_pitch,1.592704,0.000000,1.512168,0.000000,1.512168,1.512168,1.512168,-0.872665,3.141593,-0.080536,1,-0.080536,Hold,settle,-0.644290,2.471527,-0.150000,0.000000,2.321527,1.708428,0.000000,8.000,2.000,1,0
85,425,right_shoulder_pitch,1.592704,0.000000,1.512168,0.000000,1.512168,1.512168,1.512168,-0.872665,3.141593,-0.080536,1,-0.080536,Hold,settle,-0.644290,2.471527,-0.150000,0.000000,2.321527,1.706597,0.000000,8.000,2.000,1,0
86,430,right_shoulder_pitch,1.592704,0.000000,1.512168,0.000000,1.512168,1.512168,1.512168,-0.872665,3.141593,-0.080536,1,-0.080536,Hold,settle,-0.644290,2.471527,-0.150000,0.000000,2.321527,1.635182,0.000000,8.000,2.000,1,0
87,435,right_shoulder_pitch,1.592704,0.000000,1.512168,0.000000,1.512168,1.512168,1.512168,-0.872665,3.141593,-0.080536,1,-0.080536,Hold,settle,-0.644290,2.471527,-0.150000,0.000000,2.321527,1.748711,0.000000,8.000,2.000,1,0
88,440,right_shoulder_pitch,1.592704,0.000000,1.512168,0.000000,1.512168,1.512168,1.512168,-0.872665,3.141593,-0.080536,1,-0.080536,Hold,settle,-0.644290,2.471527,-0.150000,0.000000,2.321527,1.693776,0.000000,8.000,2.000,1,0
89,445,right_shoulder_pitch,1.592704,0.000000,1.512168,0.000000,1.512168,1.512168,1.512168,-0.872665,3.141593,-0.080536,1,-0.080536,Hold,settle,-0.644290,2.471527,-0.150000,0.000000,2.321527,1.693776,0.000000,8.000,2.000,1,0
90,450,right_shoulder_pitch,1.592704,0.000000,1.512168,0.000000,1.512168,1.512168,1.512168,-0.872665,3.141593,-0.080536,1,-0.080536,Hold,settle,-0.644290,2.471527,-0.150000,0.000000,2.321527,1.618702,0.000000,8.000,2.000,1,0
91,455,right_shoulder_pitch,1.592704,0.000000,1.512168,0.000000,1.512168,1.512168,1.512168,-0.872665,3.141593,-0.080536,1,-0.080536,Hold,settle,-0.644290,2.471527,-0.150000,0.000000,2.321527,1.655324,0.000000,8.000,2.000,1,0
92,460,right_shoulder_pitch,1.592704,0.000000,1.512168,0.000000,1.512168,1.512168,1.512168,-0.872665,3.141593,-0.080536,1,-0.080536,Hold,settle,-0.644290,2.471527,-0.150000,0.000000,2.321527,1.664479,0.000000,8.000,2.000,1,0
93,465,right_shoulder_pitch,1.592704,0.000000,1.512168,0.000000,1.512168,1.512168,1.512168,-0.872665,3.141593,-0.080536,1,-0.080536,Hold,settle,-0.644290,2.471527,-0.150000,0.000000,2.321527,1.677296,0.000000,8.000,2.000,1,0
94,470,right_shoulder_pitch,1.592704,0.000000,1.512168,0.000000,1.512168,1.512168,1.512168,-0.872665,3.141593,-0.080536,1,-0.080536,Hold,settle,-0.644290,2.471527,-0.150000,0.000000,2.321527,1.653492,0.000000,8.000,2.000,1,0
95,475,right_shoulder_pitch,1.592321,-0.023968,1.512168,0.000000,1.512168,1.512168,1.512168,-0.872665,3.141593,-0.080153,1,-0.080153,Hold,settle,-0.641222,2.471547,-0.150000,0.000000,2.321547,1.737725,0.000000,8.000,2.000,1,0
96,480,right_shoulder_pitch,1.592704,0.023969,1.512168,0.000000,1.512168,1.512168,1.512168,-0.872665,3.141593,-0.080536,1,-0.080536,Hold,settle,-0.644290,2.471527,-0.150000,0.000000,2.321527,1.691945,0.000000,8.000,2.000,1,0
97,485,right_shoulder_pitch,1.592704,0.000000,1.512168,0.000000,1.512168,1.512168,1.512168,-0.872665,3.141593,-0.080536,1,-0.080536,Hold,settle,-0.644290,2.471527,-0.150000,0.000000,2.321527,1.679127,0.000000,8.000,2.000,1,0
98,490,right_shoulder_pitch,1.592704,0.000000,1.512168,0.000000,1.512168,1.512168,1.512168,-0.872665,3.141593,-0.080536,1,-0.080536,Hold,settle,-0.644290,2.471527,-0.150000,0.000000,2.321527,1.710259,0.000000,8.000,2.000,1,0
99,495,right_shoulder_pitch,1.592704,0.000000,1.512168,0.000000,1.512168,1.512168,1.512168,-0.872665,3.141593,-0.080536,1,-0.080536,Hold,settle,-0.644290,2.471527,-0.150000,0.000000,2.321527,1.704766,0.000000,8.000,2.000,1,0
100,500,right_shoulder_pitch,1.592704,0.000000,1.512168,0.000000,1.512168,1.512168,1.512168,-0.872665,3.141593,-0.080536,1,-0.080536,Hold,settle,-0.644290,2.471527,-0.150000,0.000000,2.321527,1.673634,0.000000,8.000,2.000,1,0
101,505,right_shoulder_pitch,1.592704,0.000000,1.512168,0.000000,1.512168,1.512168,1.512168,-0.872665,3.141593,-0.080536,1,-0.080536,Hold,settle,-0.644290,2.471527,-0.150000,0.000000,2.321527,1.669972,0.000000,8.000,2.000,1,0
102,510,right_shoulder_pitch,1.592704,0.000000,1.512168,0.000000,1.512168,1.512168,1.512168,-0.872665,3.141593,-0.080536,1,-0.080536,Hold,settle,-0.644290,2.471527,-0.150000,0.000000,2.321527,1.664479,0.000000,8.000,2.000,1,0
103,515,right_shoulder_pitch,1.592704,0.000000,1.512168,0.000000,1.512168,1.512168,1.512168,-0.872665,3.141593,-0.080536,1,-0.080536,Hold,settle,-0.644290,2.471527,-0.150000,0.000000,2.321527,1.666310,0.000000,8.000,2.000,1,0
104,520,right_shoulder_pitch,1.592704,0.000000,1.512168,0.000000,1.512168,1.512168,1.512168,-0.872665,3.141593,-0.080536,1,-0.080536,Hold,settle,-0.644290,2.471527,-0.150000,0.000000,2.321527,1.664479,0.000000,8.000,2.000,1,0
105,525,right_shoulder_pitch,1.592704,0.000000,1.512168,0.000000,1.512168,1.512168,1.512168,-0.872665,3.141593,-0.080536,1,-0.080536,Hold,settle,-0.644290,2.471527,-0.150000,0.000000,2.321527,1.686451,0.000000,8.000,2.000,1,0
106,530,right_shoulder_pitch,1.592704,0.000000,1.512168,0.000000,1.512168,1.512168,1.512168,-0.872665,3.141593,-0.080536,1,-0.080536,Hold,settle,-0.644290,2.471527,-0.150000,0.000000,2.321527,1.719414,0.000000,8.000,2.000,1,0
107,535,right_shoulder_pitch,1.592704,0.000000,1.512168,0.000000,1.512168,1.512168,1.512168,-0.872665,3.141593,-0.080536,1,-0.080536,Hold,settle,-0.644290,2.471527,-0.150000,0.000000,2.321527,1.657155,0.000000,8.000,2.000,1,0
108,540,right_shoulder_pitch,1.592704,0.000000,1.512168,0.000000,1.512168,1.512168,1.512168,-0.872665,3.141593,-0.080536,1,-0.080536,Hold,settle,-0.644290,2.471527,-0.150000,0.000000,2.321527,1.739556,0.000000,8.000,2.000,1,0
109,545,right_shoulder_pitch,1.592704,0.000000,1.512168,0.000000,1.512168,1.512168,1.512168,-0.872665,3.141593,-0.080536,1,-0.080536,Hold,settle,-0.644290,2.471527,-0.150000,0.000000,2.321527,1.679127,0.000000,8.000,2.000,1,0
110,550,right_shoulder_pitch,1.592704,0.000000,1.512168,0.000000,1.512168,1.512168,1.512168,-0.872665,3.141593,-0.080536,1,-0.080536,Hold,settle,-0.644290,2.471527,-0.150000,0.000000,2.321527,1.655324,0.000000,8.000,2.000,1,0
111,555,right_shoulder_pitch,1.592704,0.000000,1.512168,0.000000,1.512168,1.512168,1.512168,-0.872665,3.141593,-0.080536,1,-0.080536,Hold,settle,-0.644290,2.471527,-0.150000,0.000000,2.321527,1.679127,0.000000,8.000,2.000,1,0
112,560,right_shoulder_pitch,1.592704,0.000000,1.512168,0.000000,1.512168,1.512168,1.512168,-0.872665,3.141593,-0.080536,1,-0.080536,Hold,settle,-0.644290,2.471527,-0.150000,0.000000,2.321527,1.715752,0.000000,8.000,2.000,1,0
113,565,right_shoulder_pitch,1.592704,0.000000,1.512168,0.000000,1.512168,1.512168,1.512168,-0.872665,3.141593,-0.080536,1,-0.080536,Hold,settle,-0.644290,2.471527,-0.150000,0.000000,2.321527,1.675465,0.000000,8.000,2.000,1,0
114,570,right_shoulder_pitch,1.592704,0.000000,1.512168,0.000000,1.512168,1.512168,1.512168,-0.872665,3.141593,-0.080536,1,-0.080536,Hold,settle,-0.644290,2.471527,-0.150000,0.000000,2.321527,1.686451,0.000000,8.000,2.000,1,0
115,575,right_shoulder_pitch,1.592704,0.000000,1.512168,0.000000,1.512168,1.512168,1.512168,-0.872665,3.141593,-0.080536,1,-0.080536,Hold,settle,-0.644290,2.471527,-0.150000,0.000000,2.321527,1.657155,0.000000,8.000,2.000,1,0
116,580,right_shoulder_pitch,1.592704,0.000000,1.512168,0.000000,1.512168,1.512168,1.512168,-0.872665,3.141593,-0.080536,1,-0.080536,Hold,settle,-0.644290,2.471527,-0.150000,0.000000,2.321527,1.712090,0.000000,8.000,2.000,1,0
117,585,right_shoulder_pitch,1.592704,0.000000,1.512168,0.000000,1.512168,1.512168,1.512168,-0.872665,3.141593,-0.080536,1,-0.080536,Hold,settle,-0.644290,2.471527,-0.150000,0.000000,2.321527,1.701103,0.000000,8.000,2.000,1,0
118,590,right_shoulder_pitch,1.592704,0.000000,1.512168,0.000000,1.512168,1.512168,1.512168,-0.872665,3.141593,-0.080536,1,-0.080536,Hold,settle,-0.644290,2.471527,-0.150000,0.000000,2.321527,1.660817,0.000000,8.000,2.000,1,0
119,595,right_shoulder_pitch,1.592704,0.000000,1.512168,0.000000,1.512168,1.512168,1.512168,-0.872665,3.141593,-0.080536,1,-0.080536,Hold,settle,-0.644290,2.471527,-0.150000,0.000000,2.321527,1.680958,0.000000,8.000,2.000,1,0
120,600,right_shoulder_pitch,1.592704,0.000000,1.512168,0.000000,1.512168,1.512168,1.512168,-0.872665,3.141593,-0.080536,1,-0.080536,Hold,settle,-0.644290,2.471527,-0.150000,0.000000,2.321527,1.693776,0.000000,8.000,2.000,1,0
121,605,right_shoulder_pitch,1.592704,0.000000,1.512168,0.000000,1.512168,1.512168,1.512168,-0.872665,3.141593,-0.080536,1,-0.080536,Hold,settle,-0.644290,2.471527,-0.150000,0.000000,2.321527,1.695607,0.000000,8.000,2.000,1,0
122,610,right_shoulder_pitch,1.592704,0.000000,1.512168,0.000000,1.512168,1.512168,1.512168,-0.872665,3.141593,-0.080536,1,-0.080536,Hold,settle,-0.644290,2.471527,-0.150000,0.000000,2.321527,1.686451,0.000000,8.000,2.000,1,0
123,615,right_shoulder_pitch,1.592704,0.000000,1.512168,0.000000,1.512168,1.512168,1.512168,-0.872665,3.141593,-0.080536,1,-0.080536,Hold,settle,-0.644290,2.471527,-0.150000,0.000000,2.321527,1.640675,0.000000,8.000,2.000,1,0
124,620,right_shoulder_pitch,1.592704,0.000000,1.512168,0.000000,1.512168,1.512168,1.512168,-0.872665,3.141593,-0.080536,1,-0.080536,Hold,settle,-0.644290,2.471527,-0.150000,0.000000,2.321527,1.724907,0.000000,8.000,2.000,1,0
125,625,right_shoulder_pitch,1.592704,0.000000,1.512168,0.000000,1.512168,1.512168,1.512168,-0.872665,3.141593,-0.080536,1,-0.080536,Hold,settle,-0.644290,2.471527,-0.150000,0.000000,2.321527,1.701103,0.000000,8.000,2.000,1,0
126,630,right_shoulder_pitch,1.592704,0.000000,1.512168,0.000000,1.512168,1.512168,1.512168,-0.872665,3.141593,-0.080536,1,-0.080536,Hold,settle,-0.644290,2.471527,-0.150000,0.000000,2.321527,1.719414,0.000000,8.000,2.000,1,0
127,635,right_shoulder_pitch,1.592704,0.000000,1.512168,0.000000,1.512168,1.512168,1.512168,-0.872665,3.141593,-0.080536,1,-0.080536,Hold,settle,-0.644290,2.471527,-0.150000,0.000000,2.321527,1.688282,0.000000,8.000,2.000,1,0
128,640,right_shoulder_pitch,1.592704,0.000000,1.512168,0.000000,1.512168,1.512168,1.512168,-0.872665,3.141593,-0.080536,1,-0.080536,Hold,settle,-0.644290,2.471527,-0.150000,0.000000,2.321527,1.701103,0.000000,8.000,2.000,1,0
129,645,right_shoulder_pitch,1.592704,0.000000,1.512168,0.000000,1.512168,1.512168,1.512168,-0.872665,3.141593,-0.080536,1,-0.080536,Hold,settle,-0.644290,2.471527,-0.150000,0.000000,2.321527,1.677296,0.000000,8.000,2.000,1,0
130,650,right_shoulder_pitch,1.592704,0.000000,1.512168,0.000000,1.512168,1.512168,1.512168,-0.872665,3.141593,-0.080536,1,-0.080536,Hold,settle,-0.644290,2.471527,-0.150000,0.000000,2.321527,1.679127,0.000000,8.000,2.000,1,0
131,655,right_shoulder_pitch,1.592704,0.000000,1.512168,0.000000,1.512168,1.512168,1.512168,-0.872665,3.141593,-0.080536,1,-0.080536,Hold,settle,-0.644290,2.471527,-0.150000,0.000000,2.321527,1.717583,0.000000,8.000,2.000,1,0
132,660,right_shoulder_pitch,1.592704,0.000000,1.512168,0.000000,1.512168,1.512168,1.512168,-0.872665,3.141593,-0.080536,1,-0.080536,Hold,settle,-0.644290,2.471527,-0.150000,0.000000,2.321527,1.675465,0.000000,8.000,2.000,1,0
133,665,right_shoulder_pitch,1.592704,0.000000,1.512168,0.000000,1.512168,1.512168,1.512168,-0.872665,3.141593,-0.080536,1,-0.080536,Hold,settle,-0.644290,2.471527,-0.150000,0.000000,2.321527,1.637013,0.000000,8.000,2.000,1,0
134,670,right_shoulder_pitch,1.592704,0.000000,1.512168,0.000000,1.512168,1.512168,1.512168,-0.872665,3.141593,-0.080536,1,-0.080536,Hold,settle,-0.644290,2.471527,-0.150000,0.000000,2.321527,1.635182,0.000000,8.000,2.000,1,0
135,675,right_shoulder_pitch,1.592704,0.000000,1.512168,0.000000,1.512168,1.512168,1.512168,-0.872665,3.141593,-0.080536,1,-0.080536,Hold,settle,-0.644290,2.471527,-0.150000,0.000000,2.321527,1.664479,0.000000,8.000,2.000,1,0
136,680,right_shoulder_pitch,1.592704,0.000000,1.512168,0.000000,1.512168,1.512168,1.512168,-0.872665,3.141593,-0.080536,1,-0.080536,Hold,settle,-0.644290,2.471527,-0.150000,0.000000,2.321527,1.675465,0.000000,8.000,2.000,1,0
137,685,right_shoulder_pitch,1.592704,0.000000,1.512168,0.000000,1.512168,1.512168,1.512168,-0.872665,3.141593,-0.080536,1,-0.080536,Hold,settle,-0.644290,2.471527,-0.150000,0.000000,2.321527,1.657155,0.000000,8.000,2.000,1,0
138,690,right_shoulder_pitch,1.592704,0.000000,1.512168,0.000000,1.512168,1.512168,1.512168,-0.872665,3.141593,-0.080536,1,-0.080536,Hold,settle,-0.644290,2.471527,-0.150000,0.000000,2.321527,1.657155,0.000000,8.000,2.000,1,0
139,695,right_shoulder_pitch,1.592704,0.000000,1.512168,0.000000,1.512168,1.512168,1.512168,-0.872665,3.141593,-0.080536,1,-0.080536,Hold,settle,-0.644290,2.471527,-0.150000,0.000000,2.321527,1.633351,0.000000,8.000,2.000,1,0
140,700,right_shoulder_pitch,1.592704,0.000000,1.512168,0.000000,1.512168,1.512168,1.512168,-0.872665,3.141593,-0.080536,1,-0.080536,Hold,settle,-0.644290,2.471527,-0.150000,0.000000,2.321527,1.679127,0.000000,8.000,2.000,1,0
141,705,right_shoulder_pitch,1.592321,-0.023955,1.512168,0.000000,1.512168,1.512168,1.512168,-0.872665,3.141593,-0.080153,1,-0.080153,Hold,settle,-0.641222,2.471547,-0.150000,0.000000,2.321547,1.691945,0.000000,8.000,2.000,1,0
142,710,right_shoulder_pitch,1.592704,0.023978,1.512168,0.000000,1.512168,1.512168,1.512168,-0.872665,3.141593,-0.080536,1,-0.080536,Hold,settle,-0.644290,2.471527,-0.150000,0.000000,2.321527,1.728569,0.000000,8.000,2.000,1,0
143,715,right_shoulder_pitch,1.592704,0.000000,1.512168,0.000000,1.512168,1.512168,1.512168,-0.872665,3.141593,-0.080536,1,-0.080536,Hold,settle,-0.644290,2.471527,-0.150000,0.000000,2.321527,1.756035,0.000000,8.000,2.000,1,0
144,720,right_shoulder_pitch,1.592704,0.000000,1.512168,0.000000,1.512168,1.512168,1.512168,-0.872665,3.141593,-0.080536,1,-0.080536,Hold,settle,-0.644290,2.471527,-0.150000,0.000000,2.321527,1.675465,0.000000,8.000,2.000,1,0
145,725,right_shoulder_pitch,1.592704,0.000000,1.512168,0.000000,1.512168,1.512168,1.512168,-0.872665,3.141593,-0.080536,1,-0.080536,Hold,settle,-0.644290,2.471527,-0.150000,0.000000,2.321527,1.677296,0.000000,8.000,2.000,1,0
146,730,right_shoulder_pitch,1.592704,0.000000,1.512168,0.000000,1.512168,1.512168,1.512168,-0.872665,3.141593,-0.080536,1,-0.080536,Hold,settle,-0.644290,2.471527,-0.150000,0.000000,2.321527,1.679127,0.000000,8.000,2.000,1,0
147,735,right_shoulder_pitch,1.592321,-0.023965,1.512168,0.000000,1.512168,1.512168,1.512168,-0.872665,3.141593,-0.080153,1,-0.080153,Hold,settle,-0.641222,2.471547,-0.150000,0.000000,2.321547,1.658986,0.000000,8.000,2.000,1,0
148,740,right_shoulder_pitch,1.592704,0.023966,1.512168,0.000000,1.512168,1.512168,1.512168,-0.872665,3.141593,-0.080536,1,-0.080536,Hold,settle,-0.644290,2.471527,-0.150000,0.000000,2.321527,1.717583,0.000000,8.000,2.000,1,0
149,745,right_shoulder_pitch,1.592704,0.000000,1.512168,0.000000,1.512168,1.512168,1.512168,-0.872665,3.141593,-0.080536,1,-0.080536,Hold,settle,-0.644290,2.471527,-0.150000,0.000000,2.321527,1.717583,0.000000,8.000,2.000,1,0
150,750,right_shoulder_pitch,1.592704,0.000000,1.512168,0.000000,1.512168,1.512168,1.512168,-0.872665,3.141593,-0.080536,1,-0.080536,Hold,settle,-0.644290,2.471527,-0.150000,0.000000,2.321527,1.679127,0.000000,8.000,2.000,1,0
151,755,right_shoulder_pitch,1.592704,0.000000,1.512168,0.000000,1.512168,1.512168,1.512168,-0.872665,3.141593,-0.080536,1,-0.080536,Hold,settle,-0.644290,2.471527,-0.150000,0.000000,2.321527,1.638844,0.000000,8.000,2.000,1,0
152,760,right_shoulder_pitch,1.592704,0.000000,1.512168,0.000000,1.512168,1.512168,1.512168,-0.872665,3.141593,-0.080536,1,-0.080536,Hold,settle,-0.644290,2.471527,-0.150000,0.000000,2.321527,1.677296,0.000000,8.000,2.000,1,0
153,765,right_shoulder_pitch,1.592704,0.000000,1.512168,0.000000,1.512168,1.512168,1.512168,-0.872665,3.141593,-0.080536,1,-0.080536,Hold,settle,-0.644290,2.471527,-0.150000,0.000000,2.321527,1.695607,0.000000,8.000,2.000,1,0
154,770,right_shoulder_pitch,1.592704,0.000000,1.512168,0.000000,1.512168,1.512168,1.512168,-0.872665,3.141593,-0.080536,1,-0.080536,Hold,settle,-0.644290,2.471527,-0.150000,0.000000,2.321527,1.675465,0.000000,8.000,2.000,1,0
155,775,right_shoulder_pitch,1.592704,0.000000,1.512168,0.000000,1.512168,1.512168,1.512168,-0.872665,3.141593,-0.080536,1,-0.080536,Hold,settle,-0.644290,2.471527,-0.150000,0.000000,2.321527,1.627858,0.000000,8.000,2.000,1,0
156,780,right_shoulder_pitch,1.592321,-0.023969,1.512168,0.000000,1.512168,1.512168,1.512168,-0.872665,3.141593,-0.080153,1,-0.080153,Hold,settle,-0.641222,2.471547,-0.150000,0.000000,2.321547,1.631520,0.000000,8.000,2.000,1,0
157,785,right_shoulder_pitch,1.592704,0.023960,1.512168,0.000000,1.512168,1.512168,1.512168,-0.872665,3.141593,-0.080536,1,-0.080536,Hold,settle,-0.644290,2.471527,-0.150000,0.000000,2.321527,1.693776,0.000000,8.000,2.000,1,0
158,790,right_shoulder_pitch,1.592704,0.000000,1.512168,0.000000,1.512168,1.512168,1.512168,-0.872665,3.141593,-0.080536,1,-0.080536,Hold,settle,-0.644290,2.471527,-0.150000,0.000000,2.321527,1.638844,0.000000,8.000,2.000,1,0
159,795,right_shoulder_pitch,1.592704,0.000000,1.512168,0.000000,1.512168,1.512168,1.512168,-0.872665,3.141593,-0.080536,1,-0.080536,Hold,settle,-0.644290,2.471527,-0.150000,0.000000,2.321527,1.752373,0.000000,8.000,2.000,1,0
160,800,right_shoulder_pitch,1.592704,0.000000,1.512168,0.000000,1.512168,1.512168,1.512168,-0.872665,3.141593,-0.080536,1,-0.080536,Hold,settle,-0.644290,2.471527,-0.150000,0.000000,2.321527,1.642506,0.000000,8.000,2.000,1,0
161,805,right_shoulder_pitch,1.592704,0.000000,1.512168,0.000000,1.512168,1.512168,1.512168,-0.872665,3.141593,-0.080536,1,-0.080536,Hold,settle,-0.644290,2.471527,-0.150000,0.000000,2.321527,1.697438,0.000000,8.000,2.000,1,0
162,810,right_shoulder_pitch,1.592704,0.000000,1.512168,0.000000,1.512168,1.512168,1.512168,-0.872665,3.141593,-0.080536,1,-0.080536,Hold,settle,-0.644290,2.471527,-0.150000,0.000000,2.321527,1.644337,0.000000,8.000,2.000,1,0
163,815,right_shoulder_pitch,1.592704,0.000000,1.512168,0.000000,1.512168,1.512168,1.512168,-0.872665,3.141593,-0.080536,1,-0.080536,Hold,settle,-0.644290,2.471527,-0.150000,0.000000,2.321527,1.611378,0.000000,8.000,2.000,1,0
164,820,right_shoulder_pitch,1.592704,0.000000,1.512168,0.000000,1.512168,1.512168,1.512168,-0.872665,3.141593,-0.080536,1,-0.080536,Hold,settle,-0.644290,2.471527,-0.150000,0.000000,2.321527,1.642506,0.000000,8.000,2.000,1,0
165,825,right_shoulder_pitch,1.592704,0.000000,1.512168,0.000000,1.512168,1.512168,1.512168,-0.872665,3.141593,-0.080536,1,-0.080536,Hold,settle,-0.644290,2.471527,-0.150000,0.000000,2.321527,1.633351,0.000000,8.000,2.000,1,0
166,830,right_shoulder_pitch,1.592704,0.000000,1.512168,0.000000,1.512168,1.512168,1.512168,-0.872665,3.141593,-0.080536,1,-0.080536,Hold,settle,-0.644290,2.471527,-0.150000,0.000000,2.321527,1.668141,0.000000,8.000,2.000,1,0
167,835,right_shoulder_pitch,1.592704,0.000000,1.512168,0.000000,1.512168,1.512168,1.512168,-0.872665,3.141593,-0.080536,1,-0.080536,Hold,settle,-0.644290,2.471527,-0.150000,0.000000,2.321527,1.653492,0.000000,8.000,2.000,1,0
168,840,right_shoulder_pitch,1.592704,0.000000,1.512168,0.000000,1.512168,1.512168,1.512168,-0.872665,3.141593,-0.080536,1,-0.080536,Hold,settle,-0.644290,2.471527,-0.150000,0.000000,2.321527,1.691945,0.000000,8.000,2.000,1,0
169,845,right_shoulder_pitch,1.592704,0.000000,1.512168,0.000000,1.512168,1.512168,1.512168,-0.872665,3.141593,-0.080536,1,-0.080536,Hold,settle,-0.644290,2.471527,-0.150000,0.000000,2.321527,1.693776,0.000000,8.000,2.000,1,0
170,850,right_shoulder_pitch,1.592704,0.000000,1.512168,0.000000,1.512168,1.512168,1.512168,-0.872665,3.141593,-0.080536,1,-0.080536,Hold,settle,-0.644290,2.471527,-0.150000,0.000000,2.321527,1.655324,0.000000,8.000,2.000,1,0
171,855,right_shoulder_pitch,1.592704,0.000000,1.512168,0.000000,1.512168,1.512168,1.512168,-0.872665,3.141593,-0.080536,1,-0.080536,Hold,settle,-0.644290,2.471527,-0.150000,0.000000,2.321527,1.664479,0.000000,8.000,2.000,1,0
172,860,right_shoulder_pitch,1.592704,0.000000,1.512168,0.000000,1.512168,1.512168,1.512168,-0.872665,3.141593,-0.080536,1,-0.080536,Hold,settle,-0.644290,2.471527,-0.150000,0.000000,2.321527,1.697438,0.000000,8.000,2.000,1,0
173,865,right_shoulder_pitch,1.592321,-0.023961,1.512168,0.000000,1.512168,1.512168,1.512168,-0.872665,3.141593,-0.080153,1,-0.080153,Hold,settle,-0.641222,2.471547,-0.150000,0.000000,2.321547,1.657155,0.000000,8.000,2.000,1,0
174,870,right_shoulder_pitch,1.592704,0.023971,1.512168,0.000000,1.512168,1.512168,1.512168,-0.872665,3.141593,-0.080536,1,-0.080536,Hold,settle,-0.644290,2.471527,-0.150000,0.000000,2.321527,1.633351,0.000000,8.000,2.000,1,0
175,875,right_shoulder_pitch,1.592704,0.000000,1.512168,0.000000,1.512168,1.512168,1.512168,-0.872665,3.141593,-0.080536,1,-0.080536,Hold,settle,-0.644290,2.471527,-0.150000,0.000000,2.321527,1.690114,0.000000,8.000,2.000,1,0
176,880,right_shoulder_pitch,1.592704,0.000000,1.512168,0.000000,1.512168,1.512168,1.512168,-0.872665,3.141593,-0.080536,1,-0.080536,Hold,settle,-0.644290,2.471527,-0.150000,0.000000,2.321527,1.677296,0.000000,8.000,2.000,1,0
177,885,right_shoulder_pitch,1.592704,0.000000,1.512168,0.000000,1.512168,1.512168,1.512168,-0.872665,3.141593,-0.080536,1,-0.080536,Hold,settle,-0.644290,2.471527,-0.150000,0.000000,2.321527,1.679127,0.000000,8.000,2.000,1,0
178,890,right_shoulder_pitch,1.592704,0.000000,1.512168,0.000000,1.512168,1.512168,1.512168,-0.872665,3.141593,-0.080536,1,-0.080536,Hold,settle,-0.644290,2.471527,-0.150000,0.000000,2.321527,1.635182,0.000000,8.000,2.000,1,0
179,895,right_shoulder_pitch,1.592704,0.000000,1.512168,0.000000,1.512168,1.512168,1.512168,-0.872665,3.141593,-0.080536,1,-0.080536,Hold,settle,-0.644290,2.471527,-0.150000,0.000000,2.321527,1.691945,0.000000,8.000,2.000,1,0
180,900,right_shoulder_pitch,1.592321,-0.023972,1.512168,0.000000,1.512168,1.512168,1.512168,-0.872665,3.141593,-0.080153,1,-0.080153,Hold,settle,-0.641222,2.471547,-0.150000,0.000000,2.321547,1.691945,0.000000,8.000,2.000,1,0
181,905,right_shoulder_pitch,1.592704,0.023962,1.512168,0.000000,1.512168,1.512168,1.512168,-0.872665,3.141593,-0.080536,1,-0.080536,Hold,settle,-0.644290,2.471527,-0.150000,0.000000,2.321527,1.642506,0.000000,8.000,2.000,1,0
182,910,right_shoulder_pitch,1.592704,0.000000,1.512168,0.000000,1.512168,1.512168,1.512168,-0.872665,3.141593,-0.080536,1,-0.080536,Hold,settle,-0.644290,2.471527,-0.150000,0.000000,2.321527,1.746880,0.000000,8.000,2.000,1,0
183,915,right_shoulder_pitch,1.592321,-0.023933,1.512168,0.000000,1.512168,1.512168,1.512168,-0.872665,3.141593,-0.080153,1,-0.080153,Hold,settle,-0.641222,2.471547,-0.150000,0.000000,2.321547,1.724907,0.000000,8.000,2.000,1,0
184,920,right_shoulder_pitch,1.592704,0.023962,1.512168,0.000000,1.512168,1.512168,1.512168,-0.872665,3.141593,-0.080536,1,-0.080536,Hold,settle,-0.644290,2.471527,-0.150000,0.000000,2.321527,1.668141,0.000000,8.000,2.000,1,0
185,925,right_shoulder_pitch,1.592704,0.000000,1.512168,0.000000,1.512168,1.512168,1.512168,-0.872665,3.141593,-0.080536,1,-0.080536,Hold,settle,-0.644290,2.471527,-0.150000,0.000000,2.321527,1.649830,0.000000,8.000,2.000,1,0
186,930,right_shoulder_pitch,1.592704,0.000000,1.512168,0.000000,1.512168,1.512168,1.512168,-0.872665,3.141593,-0.080536,1,-0.080536,Hold,settle,-0.644290,2.471527,-0.150000,0.000000,2.321527,1.690114,0.000000,8.000,2.000,1,0
187,935,right_shoulder_pitch,1.592704,0.000000,1.512168,0.000000,1.512168,1.512168,1.512168,-0.872665,3.141593,-0.080536,1,-0.080536,Hold,settle,-0.644290,2.471527,-0.150000,0.000000,2.321527,1.679127,0.000000,8.000,2.000,1,0
188,940,right_shoulder_pitch,1.592321,-0.023973,1.512168,0.000000,1.512168,1.512168,1.512168,-0.872665,3.141593,-0.080153,1,-0.080153,Hold,settle,-0.641222,2.471547,-0.150000,0.000000,2.321547,1.679127,0.000000,8.000,2.000,1,0
189,945,right_shoulder_pitch,1.592704,0.023962,1.512168,0.000000,1.512168,1.512168,1.512168,-0.872665,3.141593,-0.080536,1,-0.080536,Hold,settle,-0.644290,2.471527,-0.150000,0.000000,2.321527,1.701103,0.000000,8.000,2.000,1,0
190,950,right_shoulder_pitch,1.592704,0.000000,1.512168,0.000000,1.512168,1.512168,1.512168,-0.872665,3.141593,-0.080536,1,-0.080536,Hold,settle,-0.644290,2.471527,-0.150000,0.000000,2.321527,1.730400,0.000000,8.000,2.000,1,0
191,955,right_shoulder_pitch,1.592321,-0.023975,1.512168,0.000000,1.512168,1.512168,1.512168,-0.872665,3.141593,-0.080153,1,-0.080153,Hold,settle,-0.641222,2.471547,-0.150000,0.000000,2.321547,1.728569,0.000000,8.000,2.000,1,0
192,960,right_shoulder_pitch,1.592321,0.000000,1.512168,0.000000,1.512168,1.512168,1.512168,-0.872665,3.141593,-0.080153,1,-0.080153,Hold,settle,-0.641222,2.471547,-0.150000,0.000000,2.321547,1.637013,0.000000,8.000,2.000,1,0
193,965,right_shoulder_pitch,1.592704,0.024008,1.512168,0.000000,1.512168,1.512168,1.512168,-0.872665,3.141593,-0.080536,1,-0.080536,Hold,settle,-0.644290,2.471527,-0.150000,0.000000,2.321527,1.655324,0.000000,8.000,2.000,1,0
194,970,right_shoulder_pitch,1.592321,-0.023960,1.512168,0.000000,1.512168,1.512168,1.512168,-0.872665,3.141593,-0.080153,1,-0.080153,Hold,settle,-0.641222,2.471547,-0.150000,0.000000,2.321547,1.658986,0.000000,8.000,2.000,1,0
195,975,right_shoulder_pitch,1.592704,0.023975,1.512168,0.000000,1.512168,1.512168,1.512168,-0.872665,3.141593,-0.080536,1,-0.080536,Hold,settle,-0.644290,2.471527,-0.150000,0.000000,2.321527,1.662648,0.000000,8.000,2.000,1,0
196,980,right_shoulder_pitch,1.592704,0.000000,1.512168,0.000000,1.512168,1.512168,1.512168,-0.872665,3.141593,-0.080536,1,-0.080536,Hold,settle,-0.644290,2.471527,-0.150000,0.000000,2.321527,1.669972,0.000000,8.000,2.000,1,0
197,985,right_shoulder_pitch,1.592704,0.000000,1.512168,0.000000,1.512168,1.512168,1.512168,-0.872665,3.141593,-0.080536,1,-0.080536,Hold,settle,-0.644290,2.471527,-0.150000,0.000000,2.321527,1.679127,0.000000,8.000,2.000,1,0
198,990,right_shoulder_pitch,1.592704,0.000000,1.512168,0.000000,1.512168,1.512168,1.512168,-0.872665,3.141593,-0.080536,1,-0.080536,Hold,settle,-0.644290,2.471527,-0.150000,0.000000,2.321527,1.715752,0.000000,8.000,2.000,1,0
199,995,right_shoulder_pitch,1.592704,0.000000,1.512168,0.000000,1.512168,1.512168,1.512168,-0.872665,3.141593,-0.080536,1,-0.080536,Hold,settle,-0.644290,2.471527,-0.150000,0.000000,2.321527,1.658986,0.000000,8.000,2.000,1,0
200,1000,right_shoulder_pitch,1.592704,0.000000,1.512168,0.000000,1.512168,1.512168,1.512168,-0.872665,3.141593,-0.080536,1,-0.080536,Hold,settle,-0.644290,2.471527,-0.150000,0.000000,2.321527,1.646168,0.000000,8.000,2.000,1,0
201,1005,right_shoulder_pitch,1.592704,0.000000,1.512168,0.000000,1.512168,1.512168,1.512168,-0.872665,3.141593,-0.080536,1,-0.080536,Hold,settle,-0.644290,2.471527,-0.150000,0.000000,2.321527,1.675465,0.000000,8.000,2.000,1,0
202,1010,right_shoulder_pitch,1.592704,0.000000,1.512168,0.000000,1.512168,1.512168,1.512168,-0.872665,3.141593,-0.080536,1,-0.080536,Hold,settle,-0.644290,2.471527,-0.150000,0.000000,2.321527,1.669972,0.000000,8.000,2.000,1,0
203,1015,right_shoulder_pitch,1.592704,0.000000,1.512168,0.000000,1.512168,1.512168,1.512168,-0.872665,3.141593,-0.080536,1,-0.080536,Hold,settle,-0.644290,2.471527,-0.150000,0.000000,2.321527,1.660817,0.000000,8.000,2.000,1,0
204,1020,right_shoulder_pitch,1.592704,0.000000,1.512168,0.000000,1.512168,1.512168,1.512168,-0.872665,3.141593,-0.080536,1,-0.080536,Hold,settle,-0.644290,2.471527,-0.150000,0.000000,2.321527,1.658986,0.000000,8.000,2.000,1,0
205,1025,right_shoulder_pitch,1.592704,0.000000,1.512168,0.000000,1.512168,1.512168,1.512168,-0.872665,3.141593,-0.080536,1,-0.080536,Hold,settle,-0.644290,2.471527,-0.150000,0.000000,2.321527,1.699272,0.000000,8.000,2.000,1,0
206,1030,right_shoulder_pitch,1.592704,0.000000,1.512168,0.000000,1.512168,1.512168,1.512168,-0.872665,3.141593,-0.080536,1,-0.080536,Hold,settle,-0.644290,2.471527,-0.150000,0.000000,2.321527,1.710259,0.000000,8.000,2.000,1,0
207,1035,right_shoulder_pitch,1.592704,0.000000,1.512168,0.000000,1.512168,1.512168,1.512168,-0.872665,3.141593,-0.080536,1,-0.080536,Hold,settle,-0.644290,2.471527,-0.150000,0.000000,2.321527,1.693776,0.000000,8.000,2.000,1,0
208,1040,right_shoulder_pitch,1.592704,0.000000,1.512168,0.000000,1.512168,1.512168,1.512168,-0.872665,3.141593,-0.080536,1,-0.080536,Hold,settle,-0.644290,2.471527,-0.150000,0.000000,2.321527,1.655324,0.000000,8.000,2.000,1,0
209,1045,right_shoulder_pitch,1.592321,-0.023960,1.512168,0.000000,1.512168,1.512168,1.512168,-0.872665,3.141593,-0.080153,1,-0.080153,Hold,settle,-0.641222,2.471547,-0.150000,0.000000,2.321547,1.668141,0.000000,8.000,2.000,1,0
210,1050,right_shoulder_pitch,1.592704,0.023974,1.512168,0.000000,1.512168,1.512168,1.512168,-0.872665,3.141593,-0.080536,1,-0.080536,Hold,settle,-0.644290,2.471527,-0.150000,0.000000,2.321527,1.644337,0.000000,8.000,2.000,1,0
211,1055,right_shoulder_pitch,1.592704,0.000000,1.512168,0.000000,1.512168,1.512168,1.512168,-0.872665,3.141593,-0.080536,1,-0.080536,Hold,settle,-0.644290,2.471527,-0.150000,0.000000,2.321527,1.646168,0.000000,8.000,2.000,1,0
212,1060,right_shoulder_pitch,1.592704,0.000000,1.512168,0.000000,1.512168,1.512168,1.512168,-0.872665,3.141593,-0.080536,1,-0.080536,Hold,settle,-0.644290,2.471527,-0.150000,0.000000,2.321527,1.715752,0.000000,8.000,2.000,1,0
213,1065,right_shoulder_pitch,1.592704,0.000000,1.512168,0.000000,1.512168,1.512168,1.512168,-0.872665,3.141593,-0.080536,1,-0.080536,Hold,settle,-0.644290,2.471527,-0.150000,0.000000,2.321527,1.697438,0.000000,8.000,2.000,1,0
214,1070,right_shoulder_pitch,1.592704,0.000000,1.512168,0.000000,1.512168,1.512168,1.512168,-0.872665,3.141593,-0.080536,1,-0.080536,Hold,settle,-0.644290,2.471527,-0.150000,0.000000,2.321527,1.695607,0.000000,8.000,2.000,1,0
215,1075,right_shoulder_pitch,1.592704,0.000000,1.512168,0.000000,1.512168,1.512168,1.512168,-0.872665,3.141593,-0.080536,1,-0.080536,Hold,settle,-0.644290,2.471527,-0.150000,0.000000,2.321527,1.677296,0.000000,8.000,2.000,1,0
216,1080,right_shoulder_pitch,1.592704,0.000000,1.512168,0.000000,1.512168,1.512168,1.512168,-0.872665,3.141593,-0.080536,1,-0.080536,Hold,settle,-0.644290,2.471527,-0.150000,0.000000,2.321527,1.772515,0.000000,8.000,2.000,1,0
217,1085,right_shoulder_pitch,1.592704,0.000000,1.512168,0.000000,1.512168,1.512168,1.512168,-0.872665,3.141593,-0.080536,1,-0.080536,Hold,settle,-0.644290,2.471527,-0.150000,0.000000,2.321527,1.713921,0.000000,8.000,2.000,1,0
218,1090,right_shoulder_pitch,1.592704,0.000000,1.512168,0.000000,1.512168,1.512168,1.512168,-0.872665,3.141593,-0.080536,1,-0.080536,Hold,settle,-0.644290,2.471527,-0.150000,0.000000,2.321527,1.664479,0.000000,8.000,2.000,1,0
219,1095,right_shoulder_pitch,1.592321,-0.023958,1.512168,0.000000,1.512168,1.512168,1.512168,-0.872665,3.141593,-0.080153,1,-0.080153,Hold,settle,-0.641222,2.471547,-0.150000,0.000000,2.321547,1.642506,0.000000,8.000,2.000,1,0
220,1100,right_shoulder_pitch,1.592704,0.023975,1.512168,0.000000,1.512168,1.512168,1.512168,-0.872665,3.141593,-0.080536,1,-0.080536,Hold,settle,-0.644290,2.471527,-0.150000,0.000000,2.321527,1.662648,0.000000,8.000,2.000,1,0
221,1105,right_shoulder_pitch,1.592704,0.000000,1.512168,0.000000,1.512168,1.512168,1.512168,-0.872665,3.141593,-0.080536,1,-0.080536,Hold,settle,-0.644290,2.471527,-0.150000,0.000000,2.321527,1.695607,0.000000,8.000,2.000,1,0
222,1110,right_shoulder_pitch,1.592321,-0.023962,1.512168,0.000000,1.512168,1.512168,1.512168,-0.872665,3.141593,-0.080153,1,-0.080153,Hold,settle,-0.641222,2.471547,-0.150000,0.000000,2.321547,1.655324,0.000000,8.000,2.000,1,0
223,1115,right_shoulder_pitch,1.592704,0.023977,1.512168,0.000000,1.512168,1.512168,1.512168,-0.872665,3.141593,-0.080536,1,-0.080536,Hold,settle,-0.644290,2.471527,-0.150000,0.000000,2.321527,1.679127,0.000000,8.000,2.000,1,0
224,1120,right_shoulder_pitch,1.592321,-0.023959,1.512168,0.000000,1.512168,1.512168,1.512168,-0.872665,3.141593,-0.080153,1,-0.080153,Hold,settle,-0.641222,2.471547,-0.150000,0.000000,2.321547,1.671803,0.000000,8.000,2.000,1,0
225,1125,right_shoulder_pitch,1.592704,0.023974,1.512168,0.000000,1.512168,1.512168,1.512168,-0.872665,3.141593,-0.080536,1,-0.080536,Hold,settle,-0.644290,2.471527,-0.150000,0.000000,2.321527,1.677296,0.000000,8.000,2.000,1,0
226,1130,right_shoulder_pitch,1.592704,0.000000,1.512168,0.000000,1.512168,1.512168,1.512168,-0.872665,3.141593,-0.080536,1,-0.080536,Hold,settle,-0.644290,2.471527,-0.150000,0.000000,2.321527,1.673634,0.000000,8.000,2.000,1,0
227,1135,right_shoulder_pitch,1.592321,-0.023961,1.512168,0.000000,1.512168,1.512168,1.512168,-0.872665,3.141593,-0.080153,1,-0.080153,Hold,settle,-0.641222,2.471547,-0.150000,0.000000,2.321547,1.708428,0.000000,8.000,2.000,1,0
228,1140,right_shoulder_pitch,1.592704,0.023976,1.512168,0.000000,1.512168,1.512168,1.512168,-0.872665,3.141593,-0.080536,1,-0.080536,Hold,settle,-0.644290,2.471527,-0.150000,0.000000,2.321527,1.627858,0.000000,8.000,2.000,1,0
229,1145,right_shoulder_pitch,1.592704,0.000000,1.512168,0.000000,1.512168,1.512168,1.512168,-0.872665,3.141593,-0.080536,1,-0.080536,Hold,settle,-0.644290,2.471527,-0.150000,0.000000,2.321527,1.702935,0.000000,8.000,2.000,1,0
230,1150,right_shoulder_pitch,1.592704,0.000000,1.512168,0.000000,1.512168,1.512168,1.512168,-0.872665,3.141593,-0.080536,1,-0.080536,Hold,settle,-0.644290,2.471527,-0.150000,0.000000,2.321527,1.728569,0.000000,8.000,2.000,1,0
231,1155,right_shoulder_pitch,1.592704,0.000000,1.512168,0.000000,1.512168,1.512168,1.512168,-0.872665,3.141593,-0.080536,1,-0.080536,Hold,settle,-0.644290,2.471527,-0.150000,0.000000,2.321527,1.690114,0.000000,8.000,2.000,1,0
232,1160,right_shoulder_pitch,1.592704,0.000000,1.512168,0.000000,1.512168,1.512168,1.512168,-0.872665,3.141593,-0.080536,1,-0.080536,Hold,settle,-0.644290,2.471527,-0.150000,0.000000,2.321527,1.668141,0.000000,8.000,2.000,1,0
233,1165,right_shoulder_pitch,1.592704,0.000000,1.512168,0.000000,1.512168,1.512168,1.512168,-0.872665,3.141593,-0.080536,1,-0.080536,Hold,settle,-0.644290,2.471527,-0.150000,0.000000,2.321527,1.688282,0.000000,8.000,2.000,1,0
234,1170,right_shoulder_pitch,1.592704,0.000000,1.512168,0.000000,1.512168,1.512168,1.512168,-0.872665,3.141593,-0.080536,1,-0.080536,Hold,settle,-0.644290,2.471527,-0.150000,0.000000,2.321527,1.717583,0.000000,8.000,2.000,1,0
235,1175,right_shoulder_pitch,1.592704,0.000000,1.512168,0.000000,1.512168,1.512168,1.512168,-0.872665,3.141593,-0.080536,1,-0.080536,Hold,settle,-0.644290,2.471527,-0.150000,0.000000,2.321527,1.657155,0.000000,8.000,2.000,1,0
236,1180,right_shoulder_pitch,1.592704,0.000000,1.512168,0.000000,1.512168,1.512168,1.512168,-0.872665,3.141593,-0.080536,1,-0.080536,Hold,settle,-0.644290,2.471527,-0.150000,0.000000,2.321527,1.695607,0.000000,8.000,2.000,1,0
237,1185,right_shoulder_pitch,1.592704,0.000000,1.512168,0.000000,1.512168,1.512168,1.512168,-0.872665,3.141593,-0.080536,1,-0.080536,Hold,settle,-0.644290,2.471527,-0.150000,0.000000,2.321527,1.701103,0.000000,8.000,2.000,1,0
238,1190,right_shoulder_pitch,1.592704,0.000000,1.512168,0.000000,1.512168,1.512168,1.512168,-0.872665,3.141593,-0.080536,1,-0.080536,Hold,settle,-0.644290,2.471527,-0.150000,0.000000,2.321527,1.679127,0.000000,8.000,2.000,1,0
239,1195,right_shoulder_pitch,1.592704,0.000000,1.512168,0.000000,1.512168,1.512168,1.512168,-0.872665,3.141593,-0.080536,1,-0.080536,Hold,settle,-0.644290,2.471527,-0.150000,0.000000,2.321527,1.686451,0.000000,8.000,2.000,1,0
240,1200,right_shoulder_pitch,1.592704,0.000000,1.512168,0.000000,1.512168,1.512168,1.512168,-0.872665,3.141593,-0.080536,1,-0.080536,Hold,settle,-0.644290,2.471527,-0.150000,0.000000,2.321527,1.712090,0.000000,8.000,2.000,1,0
241,1205,right_shoulder_pitch,1.592704,0.000000,1.512168,0.000000,1.512168,1.512168,1.512168,-0.872665,3.141593,-0.080536,1,-0.080536,Hold,settle,-0.644290,2.471527,-0.150000,0.000000,2.321527,1.693776,0.000000,8.000,2.000,1,0
242,1210,right_shoulder_pitch,1.592704,0.000000,1.512168,0.000000,1.512168,1.512168,1.512168,-0.872665,3.141593,-0.080536,1,-0.080536,Hold,settle,-0.644290,2.471527,-0.150000,0.000000,2.321527,1.658986,0.000000,8.000,2.000,1,0
243,1215,right_shoulder_pitch,1.592704,0.000000,1.512168,0.000000,1.512168,1.512168,1.512168,-0.872665,3.141593,-0.080536,1,-0.080536,Hold,settle,-0.644290,2.471527,-0.150000,0.000000,2.321527,1.682789,0.000000,8.000,2.000,1,0
244,1220,right_shoulder_pitch,1.592704,0.000000,1.512168,0.000000,1.512168,1.512168,1.512168,-0.872665,3.141593,-0.080536,1,-0.080536,Hold,settle,-0.644290,2.471527,-0.150000,0.000000,2.321527,1.735893,0.000000,8.000,2.000,1,0
245,1225,right_shoulder_pitch,1.592704,0.000000,1.512168,0.000000,1.512168,1.512168,1.512168,-0.872665,3.141593,-0.080536,1,-0.080536,Hold,settle,-0.644290,2.471527,-0.150000,0.000000,2.321527,1.679127,0.000000,8.000,2.000,1,0
246,1230,right_shoulder_pitch,1.592704,0.000000,1.512168,0.000000,1.512168,1.512168,1.512168,-0.872665,3.141593,-0.080536,1,-0.080536,Hold,settle,-0.644290,2.471527,-0.150000,0.000000,2.321527,1.669972,0.000000,8.000,2.000,1,0
247,1235,right_shoulder_pitch,1.592321,-0.019148,1.512168,0.000000,1.512168,1.512168,1.512168,-0.872665,3.141593,-0.080153,1,-0.080153,Hold,settle,-0.641222,2.471547,-0.150000,0.000000,2.321547,1.743218,0.000000,8.000,2.000,1,0
248,1240,right_shoulder_pitch,1.592704,0.024023,1.512168,0.000000,1.512168,1.512168,1.512168,-0.872665,3.141593,-0.080536,1,-0.080536,Hold,settle,-0.644290,2.471527,-0.150000,0.000000,2.321527,1.702935,0.000000,8.000,2.000,1,0
249,1245,right_shoulder_pitch,1.592704,0.000000,1.512168,0.000000,1.512168,1.512168,1.512168,-0.872665,3.141593,-0.080536,1,-0.080536,Hold,settle,-0.644290,2.471527,-0.150000,0.000000,2.321527,1.677296,0.000000,8.000,2.000,1,0
250,1250,right_shoulder_pitch,1.592704,0.000000,1.512168,0.000000,1.512168,1.512168,1.512168,-0.872665,3.141593,-0.080536,1,-0.080536,Hold,settle,-0.644290,2.471527,-0.150000,0.000000,2.321527,1.627858,0.000000,8.000,2.000,1,0
251,1255,right_shoulder_pitch,1.592704,0.000000,1.512168,0.000000,1.512168,1.512168,1.512168,-0.872665,3.141593,-0.080536,1,-0.080536,Hold,settle,-0.644290,2.471527,-0.150000,0.000000,2.321527,1.627858,0.000000,8.000,2.000,1,0
252,1260,right_shoulder_pitch,1.592321,-0.023959,1.512168,0.000000,1.512168,1.512168,1.512168,-0.872665,3.141593,-0.080153,1,-0.080153,Hold,settle,-0.641222,2.471547,-0.150000,0.000000,2.321547,1.726738,0.000000,8.000,2.000,1,0
253,1265,right_shoulder_pitch,1.592704,0.023971,1.512168,0.000000,1.512168,1.512168,1.512168,-0.872665,3.141593,-0.080536,1,-0.080536,Hold,settle,-0.644290,2.471527,-0.150000,0.000000,2.321527,1.686451,0.000000,8.000,2.000,1,0
254,1270,right_shoulder_pitch,1.592704,0.000000,1.512168,0.000000,1.512168,1.512168,1.512168,-0.872665,3.141593,-0.080536,1,-0.080536,Hold,settle,-0.644290,2.471527,-0.150000,0.000000,2.321527,1.651661,0.000000,8.000,2.000,1,0
255,1275,right_shoulder_pitch,1.592704,0.000000,1.512168,0.000000,1.512168,1.512168,1.512168,-0.872665,3.141593,-0.080536,1,-0.080536,Hold,settle,-0.644290,2.471527,-0.150000,0.000000,2.321527,1.679127,0.000000,8.000,2.000,1,0
256,1280,right_shoulder_pitch,1.592321,-0.023974,1.512168,0.000000,1.512168,1.512168,1.512168,-0.872665,3.141593,-0.080153,1,-0.080153,Hold,settle,-0.641222,2.471547,-0.150000,0.000000,2.321547,1.626027,0.000000,8.000,2.000,1,0
257,1285,right_shoulder_pitch,1.592704,0.023964,1.512168,0.000000,1.512168,1.512168,1.512168,-0.872665,3.141593,-0.080536,1,-0.080536,Hold,settle,-0.644290,2.471527,-0.150000,0.000000,2.321527,1.660817,0.000000,8.000,2.000,1,0
258,1290,right_shoulder_pitch,1.592704,0.000000,1.512168,0.000000,1.512168,1.512168,1.512168,-0.872665,3.141593,-0.080536,1,-0.080536,Hold,settle,-0.644290,2.471527,-0.150000,0.000000,2.321527,1.679127,0.000000,8.000,2.000,1,0
259,1295,right_shoulder_pitch,1.592704,0.000000,1.512168,0.000000,1.512168,1.512168,1.512168,-0.872665,3.141593,-0.080536,1,-0.080536,Hold,settle,-0.644290,2.471527,-0.150000,0.000000,2.321527,1.644337,0.000000,8.000,2.000,1,0
260,1300,right_shoulder_pitch,1.592704,0.000000,1.512168,0.000000,1.512168,1.512168,1.512168,-0.872665,3.141593,-0.080536,1,-0.080536,Hold,settle,-0.644290,2.471527,-0.150000,0.000000,2.321527,1.713921,0.000000,8.000,2.000,1,0
261,1305,right_shoulder_pitch,1.592704,0.000000,1.512168,0.000000,1.512168,1.512168,1.512168,-0.872665,3.141593,-0.080536,1,-0.080536,Hold,settle,-0.644290,2.471527,-0.150000,0.000000,2.321527,1.633351,0.000000,8.000,2.000,1,0
262,1310,right_shoulder_pitch,1.592704,0.000000,1.512168,0.000000,1.512168,1.512168,1.512168,-0.872665,3.141593,-0.080536,1,-0.080536,Hold,settle,-0.644290,2.471527,-0.150000,0.000000,2.321527,1.688282,0.000000,8.000,2.000,1,0
263,1315,right_shoulder_pitch,1.592321,-0.023976,1.512168,0.000000,1.512168,1.512168,1.512168,-0.872665,3.141593,-0.080153,1,-0.080153,Hold,settle,-0.641222,2.471547,-0.150000,0.000000,2.321547,1.704766,0.000000,8.000,2.000,1,0
264,1320,right_shoulder_pitch,1.592704,0.023961,1.512168,0.000000,1.512168,1.512168,1.512168,-0.872665,3.141593,-0.080536,1,-0.080536,Hold,settle,-0.644290,2.471527,-0.150000,0.000000,2.321527,1.690114,0.000000,8.000,2.000,1,0
265,1325,right_shoulder_pitch,1.592704,0.000000,1.512168,0.000000,1.512168,1.512168,1.512168,-0.872665,3.141593,-0.080536,1,-0.080536,Hold,settle,-0.644290,2.471527,-0.150000,0.000000,2.321527,1.712090,0.000000,8.000,2.000,1,0
266,1330,right_shoulder_pitch,1.592704,0.000000,1.512168,0.000000,1.512168,1.512168,1.512168,-0.872665,3.141593,-0.080536,1,-0.080536,Hold,settle,-0.644290,2.471527,-0.150000,0.000000,2.321527,1.611378,0.000000,8.000,2.000,1,0
267,1335,right_shoulder_pitch,1.592321,-0.023968,1.512168,0.000000,1.512168,1.512168,1.512168,-0.872665,3.141593,-0.080153,1,-0.080153,Hold,settle,-0.641222,2.471547,-0.150000,0.000000,2.321547,1.717583,0.000000,8.000,2.000,1,0
268,1340,right_shoulder_pitch,1.592704,0.023972,1.512168,0.000000,1.512168,1.512168,1.512168,-0.872665,3.141593,-0.080536,1,-0.080536,Hold,settle,-0.644290,2.471527,-0.150000,0.000000,2.321527,1.664479,0.000000,8.000,2.000,1,0
269,1345,right_shoulder_pitch,1.592704,0.000000,1.512168,0.000000,1.512168,1.512168,1.512168,-0.872665,3.141593,-0.080536,1,-0.080536,Hold,settle,-0.644290,2.471527,-0.150000,0.000000,2.321527,1.684620,0.000000,8.000,2.000,1,0
270,1350,right_shoulder_pitch,1.592704,0.000000,1.512168,0.000000,1.512168,1.512168,1.512168,-0.872665,3.141593,-0.080536,1,-0.080536,Hold,settle,-0.644290,2.471527,-0.150000,0.000000,2.321527,1.642506,0.000000,8.000,2.000,1,0
271,1355,right_shoulder_pitch,1.592704,0.000000,1.512168,0.000000,1.512168,1.512168,1.512168,-0.872665,3.141593,-0.080536,1,-0.080536,Hold,settle,-0.644290,2.471527,-0.150000,0.000000,2.321527,1.668141,0.000000,8.000,2.000,1,0
272,1360,right_shoulder_pitch,1.592704,0.000000,1.512168,0.000000,1.512168,1.512168,1.512168,-0.872665,3.141593,-0.080536,1,-0.080536,Hold,settle,-0.644290,2.471527,-0.150000,0.000000,2.321527,1.657155,0.000000,8.000,2.000,1,0
273,1365,right_shoulder_pitch,1.592321,-0.023972,1.512168,0.000000,1.512168,1.512168,1.512168,-0.872665,3.141593,-0.080153,1,-0.080153,Hold,settle,-0.641222,2.471547,-0.150000,0.000000,2.321547,1.684620,0.000000,8.000,2.000,1,0
274,1370,right_shoulder_pitch,1.592704,0.023961,1.512168,0.000000,1.512168,1.512168,1.512168,-0.872665,3.141593,-0.080536,1,-0.080536,Hold,settle,-0.644290,2.471527,-0.150000,0.000000,2.321527,1.647999,0.000000,8.000,2.000,1,0
275,1375,right_shoulder_pitch,1.592321,-0.023976,1.512168,0.000000,1.512168,1.512168,1.512168,-0.872665,3.141593,-0.080153,1,-0.080153,Hold,settle,-0.641222,2.471547,-0.150000,0.000000,2.321547,1.642506,0.000000,8.000,2.000,1,0
276,1380,right_shoulder_pitch,1.592704,0.023968,1.512168,0.000000,1.512168,1.512168,1.512168,-0.872665,3.141593,-0.080536,1,-0.080536,Hold,settle,-0.644290,2.471527,-0.150000,0.000000,2.321527,1.640675,0.000000,8.000,2.000,1,0
277,1385,right_shoulder_pitch,1.592704,0.000000,1.512168,0.000000,1.512168,1.512168,1.512168,-0.872665,3.141593,-0.080536,1,-0.080536,Hold,settle,-0.644290,2.471527,-0.150000,0.000000,2.321527,1.684620,0.000000,8.000,2.000,1,0
278,1390,right_shoulder_pitch,1.592704,0.000000,1.512168,0.000000,1.512168,1.512168,1.512168,-0.872665,3.141593,-0.080536,1,-0.080536,Hold,settle,-0.644290,2.471527,-0.150000,0.000000,2.321527,1.713921,0.000000,8.000,2.000,1,0
279,1395,right_shoulder_pitch,1.592704,0.000000,1.512168,0.000000,1.512168,1.512168,1.512168,-0.872665,3.141593,-0.080536,1,-0.080536,Hold,settle,-0.644290,2.471527,-0.150000,0.000000,2.321527,1.684620,0.000000,8.000,2.000,1,0
280,1400,right_shoulder_pitch,1.592704,0.000000,1.512168,0.000000,1.512168,1.512168,1.512168,-0.872665,3.141593,-0.080536,1,-0.080536,Hold,settle,-0.644290,2.471527,-0.150000,0.000000,2.321527,1.644337,0.000000,8.000,2.000,1,0
281,1405,right_shoulder_pitch,1.592704,0.000000,1.512168,0.000000,1.512168,1.512168,1.512168,-0.872665,3.141593,-0.080536,1,-0.080536,Hold,settle,-0.644290,2.471527,-0.150000,0.000000,2.321527,1.653492,0.000000,8.000,2.000,1,0
282,1410,right_shoulder_pitch,1.592704,0.000000,1.512168,0.000000,1.512168,1.512168,1.512168,-0.872665,3.141593,-0.080536,1,-0.080536,Hold,settle,-0.644290,2.471527,-0.150000,0.000000,2.321527,1.658986,0.000000,8.000,2.000,1,0
283,1415,right_shoulder_pitch,1.592704,0.000000,1.512168,0.000000,1.512168,1.512168,1.512168,-0.872665,3.141593,-0.080536,1,-0.080536,Hold,settle,-0.644290,2.471527,-0.150000,0.000000,2.321527,1.708428,0.000000,8.000,2.000,1,0
284,1420,right_shoulder_pitch,1.592704,0.000000,1.512168,0.000000,1.512168,1.512168,1.512168,-0.872665,3.141593,-0.080536,1,-0.080536,Hold,settle,-0.644290,2.471527,-0.150000,0.000000,2.321527,1.706597,0.000000,8.000,2.000,1,0
285,1425,right_shoulder_pitch,1.592704,0.000000,1.512168,0.000000,1.512168,1.512168,1.512168,-0.872665,3.141593,-0.080536,1,-0.080536,Hold,settle,-0.644290,2.471527,-0.150000,0.000000,2.321527,1.677296,0.000000,8.000,2.000,1,0
286,1430,right_shoulder_pitch,1.592704,0.000000,1.512168,0.000000,1.512168,1.512168,1.512168,-0.872665,3.141593,-0.080536,1,-0.080536,Hold,settle,-0.644290,2.471527,-0.150000,0.000000,2.321527,1.684620,0.000000,8.000,2.000,1,0
287,1435,right_shoulder_pitch,1.592704,0.000000,1.512168,0.000000,1.512168,1.512168,1.512168,-0.872665,3.141593,-0.080536,1,-0.080536,Hold,settle,-0.644290,2.471527,-0.150000,0.000000,2.321527,1.735893,0.000000,8.000,2.000,1,0
288,1440,right_shoulder_pitch,1.592704,0.000000,1.512168,0.000000,1.512168,1.512168,1.512168,-0.872665,3.141593,-0.080536,1,-0.080536,Hold,settle,-0.644290,2.471527,-0.150000,0.000000,2.321527,1.697438,0.000000,8.000,2.000,1,0
289,1445,right_shoulder_pitch,1.592704,0.000000,1.512168,0.000000,1.512168,1.512168,1.512168,-0.872665,3.141593,-0.080536,1,-0.080536,Hold,settle,-0.644290,2.471527,-0.150000,0.000000,2.321527,1.607716,0.000000,8.000,2.000,1,0
290,1450,right_shoulder_pitch,1.592704,0.000000,1.512168,0.000000,1.512168,1.512168,1.512168,-0.872665,3.141593,-0.080536,1,-0.080536,Hold,settle,-0.644290,2.471527,-0.150000,0.000000,2.321527,1.693776,0.000000,8.000,2.000,1,0
291,1455,right_shoulder_pitch,1.592704,0.000000,1.512168,0.000000,1.512168,1.512168,1.512168,-0.872665,3.141593,-0.080536,1,-0.080536,Hold,settle,-0.644290,2.471527,-0.150000,0.000000,2.321527,1.699272,0.000000,8.000,2.000,1,0
292,1460,right_shoulder_pitch,1.592704,0.000000,1.512168,0.000000,1.512168,1.512168,1.512168,-0.872665,3.141593,-0.080536,1,-0.080536,Hold,settle,-0.644290,2.471527,-0.150000,0.000000,2.321527,1.697438,0.000000,8.000,2.000,1,0
293,1465,right_shoulder_pitch,1.592321,-0.023968,1.512168,0.000000,1.512168,1.512168,1.512168,-0.872665,3.141593,-0.080153,1,-0.080153,Hold,settle,-0.641222,2.471547,-0.150000,0.000000,2.321547,1.682789,0.000000,8.000,2.000,1,0
294,1470,right_shoulder_pitch,1.592704,0.023967,1.512168,0.000000,1.512168,1.512168,1.512168,-0.872665,3.141593,-0.080536,1,-0.080536,Hold,settle,-0.644290,2.471527,-0.150000,0.000000,2.321527,1.662648,0.000000,8.000,2.000,1,0
295,1475,right_shoulder_pitch,1.592704,0.000000,1.512168,0.000000,1.512168,1.512168,1.512168,-0.872665,3.141593,-0.080536,1,-0.080536,Hold,settle,-0.644290,2.471527,-0.150000,0.000000,2.321527,1.682789,0.000000,8.000,2.000,1,0
296,1480,right_shoulder_pitch,1.592704,0.000000,1.512168,0.000000,1.512168,1.512168,1.512168,-0.872665,3.141593,-0.080536,1,-0.080536,Hold,settle,-0.644290,2.471527,-0.150000,0.000000,2.321527,1.713921,0.000000,8.000,2.000,1,0
297,1485,right_shoulder_pitch,1.592704,0.000000,1.512168,0.000000,1.512168,1.512168,1.512168,-0.872665,3.141593,-0.080536,1,-0.080536,Hold,settle,-0.644290,2.471527,-0.150000,0.000000,2.321527,1.637013,0.000000,8.000,2.000,1,0
298,1490,right_shoulder_pitch,1.592704,0.000000,1.512168,0.000000,1.512168,1.512168,1.512168,-0.872665,3.141593,-0.080536,1,-0.080536,Hold,settle,-0.644290,2.471527,-0.150000,0.000000,2.321527,1.649830,0.000000,8.000,2.000,1,0
299,1495,right_shoulder_pitch,1.592704,0.000000,1.512168,0.000000,1.512168,1.512168,1.512168,-0.872665,3.141593,-0.080536,1,-0.080536,Hold,settle,-0.644290,2.471527,-0.150000,0.000000,2.321527,1.739556,0.000000,8.000,2.000,1,0
300,1500,right_shoulder_pitch,1.592321,-0.023967,1.512168,0.000000,1.512168,1.512168,1.512168,-0.872665,3.141593,-0.080153,1,-0.080153,Hold,settle,-0.641222,2.471547,-0.150000,0.000000,2.321547,1.675465,0.000000,8.000,2.000,1,0
301,1505,right_shoulder_pitch,1.592704,0.023975,1.512168,0.000000,1.512168,1.512168,1.512168,-0.872665,3.141593,-0.080536,1,-0.080536,Hold,settle,-0.644290,2.471527,-0.150000,0.000000,2.321527,1.664479,0.000000,8.000,2.000,1,0
302,1510,right_shoulder_pitch,1.592704,0.000000,1.512168,0.000000,1.512168,1.512168,1.512168,-0.872665,3.141593,-0.080536,1,-0.080536,Hold,settle,-0.644290,2.471527,-0.150000,0.000000,2.321527,1.655324,0.000000,8.000,2.000,1,0
303,1515,right_shoulder_pitch,1.592704,0.000000,1.512168,0.000000,1.512168,1.512168,1.512168,-0.872665,3.141593,-0.080536,1,-0.080536,Hold,settle,-0.644290,2.471527,-0.150000,0.000000,2.321527,1.669972,0.000000,8.000,2.000,1,0
304,1520,right_shoulder_pitch,1.592704,0.000000,1.512168,0.000000,1.512168,1.512168,1.512168,-0.872665,3.141593,-0.080536,1,-0.080536,Hold,settle,-0.644290,2.471527,-0.150000,0.000000,2.321527,1.697438,0.000000,8.000,2.000,1,0
305,1525,right_shoulder_pitch,1.592321,-0.023963,1.512168,0.000000,1.512168,1.512168,1.512168,-0.872665,3.141593,-0.080153,1,-0.080153,Hold,settle,-0.641222,2.471547,-0.150000,0.000000,2.321547,1.644337,0.000000,8.000,2.000,1,0
306,1530,right_shoulder_pitch,1.592704,0.023981,1.512168,0.000000,1.512168,1.512168,1.512168,-0.872665,3.141593,-0.080536,1,-0.080536,Hold,settle,-0.644290,2.471527,-0.150000,0.000000,2.321527,1.712090,0.000000,8.000,2.000,1,0
307,1535,right_shoulder_pitch,1.592704,0.000000,1.512168,0.000000,1.512168,1.512168,1.512168,-0.872665,3.141593,-0.080536,1,-0.080536,Hold,settle,-0.644290,2.471527,-0.150000,0.000000,2.321527,1.715752,0.000000,8.000,2.000,1,0
308,1540,right_shoulder_pitch,1.592704,0.000000,1.592204,-0.100000,1.562704,0.000000,0.000000,-0.872665,3.141593,-0.030000,0,-1.592704,Cruise,traj_vel,-0.240000,2.471527,-0.150000,-0.200000,2.121527,1.653492,-0.100000,8.000,2.000,1,0
309,1545,right_shoulder_pitch,1.592704,0.000000,1.591704,-0.100000,1.562704,0.000000,0.000000,-0.872665,3.141593,-0.030000,0,-1.592704,Cruise,traj_vel,-0.240000,2.471527,-0.150000,-0.200000,2.121527,1.684620,-0.100000,8.000,2.000,1,0
310,1550,right_shoulder_pitch,1.592704,0.000000,1.591204,-0.100000,1.562704,0.000000,0.000000,-0.872665,3.141593,-0.030000,0,-1.592704,Cruise,traj_vel,-0.240000,2.471527,-0.150000,-0.200000,2.121527,1.862240,-0.100000,8.000,2.000,1,0
311,1555,right_shoulder_pitch,1.592704,0.000000,1.590704,-0.100000,1.562704,0.000000,0.000000,-0.872665,3.141593,-0.030000,0,-1.592704,Cruise,traj_vel,-0.240000,2.471527,-0.150000,-0.200000,2.121527,1.900692,-0.100000,8.000,2.000,1,0
312,1560,right_shoulder_pitch,1.592704,0.000000,1.590204,-0.100000,1.562704,0.000000,0.000000,-0.872665,3.141593,-0.030000,0,-1.592704,Cruise,traj_vel,-0.240000,2.471527,-0.150000,-0.200000,2.121527,1.897030,-0.100000,8.000,2.000,1,0
313,1565,right_shoulder_pitch,1.592704,0.000000,1.589704,-0.100000,1.562704,0.000000,0.000000,-0.872665,3.141593,-0.030000,0,-1.592704,Cruise,traj_vel,-0.240000,2.471527,-0.150000,-0.200000,2.121527,1.876888,-0.100000,8.000,2.000,1,0
314,1570,right_shoulder_pitch,1.592704,0.000000,1.589204,-0.100000,1.562704,0.000000,0.000000,-0.872665,3.141593,-0.030000,0,-1.592704,Cruise,traj_vel,-0.240000,2.471527,-0.150000,-0.200000,2.121527,1.851254,-0.100000,8.000,2.000,1,0
315,1575,right_shoulder_pitch,1.592704,0.000000,1.588704,-0.100000,1.562704,0.000000,0.000000,-0.872665,3.141593,-0.030000,0,-1.592704,Cruise,traj_vel,-0.240000,2.471527,-0.150000,-0.200000,2.121527,1.893368,-0.100000,8.000,2.000,1,0
316,1580,right_shoulder_pitch,1.592704,0.000000,1.588204,-0.100000,1.562704,0.000000,0.000000,-0.872665,3.141593,-0.030000,0,-1.592704,Cruise,traj_vel,-0.240000,2.471527,-0.150000,-0.200000,2.121527,1.853085,-0.100000,8.000,2.000,1,0
317,1585,right_shoulder_pitch,1.592704,0.000000,1.587704,-0.100000,1.562704,0.000000,0.000000,-0.872665,3.141593,-0.030000,0,-1.592704,Cruise,traj_vel,-0.240000,2.471527,-0.150000,-0.200000,2.121527,1.893368,-0.100000,8.000,2.000,1,0
318,1590,right_shoulder_pitch,1.592704,0.000000,1.587204,-0.100000,1.562704,0.000000,0.000000,-0.872665,3.141593,-0.030000,0,-1.592704,Cruise,traj_vel,-0.240000,2.471527,-0.150000,-0.200000,2.121527,1.875057,-0.100000,8.000,2.000,1,0
319,1595,right_shoulder_pitch,1.592704,0.000000,1.586704,-0.100000,1.562704,0.000000,0.000000,-0.872665,3.141593,-0.030000,0,-1.592704,Cruise,traj_vel,-0.240000,2.471527,-0.150000,-0.200000,2.121527,1.882381,-0.100000,8.000,2.000,1,0
320,1600,right_shoulder_pitch,1.592704,0.000000,1.586204,-0.100000,1.562704,0.000000,0.000000,-0.872665,3.141593,-0.030000,0,-1.592704,Cruise,traj_vel,-0.240000,2.471527,-0.150000,-0.200000,2.121527,1.856747,-0.100000,8.000,2.000,1,0
321,1605,right_shoulder_pitch,1.592704,0.000000,1.585704,-0.100000,1.562704,0.000000,0.000000,-0.872665,3.141593,-0.030000,0,-1.592704,Cruise,traj_vel,-0.240000,2.471527,-0.150000,-0.200000,2.121527,1.838436,-0.100000,8.000,2.000,1,0
322,1610,right_shoulder_pitch,1.592704,0.000000,1.585204,-0.100000,1.562704,0.000000,0.000000,-0.872665,3.141593,-0.030000,0,-1.592704,Cruise,traj_vel,-0.240000,2.471527,-0.150000,-0.200000,2.121527,1.902523,-0.100000,8.000,2.000,1,0
323,1615,right_shoulder_pitch,1.593088,0.023972,1.584704,-0.100000,1.563088,0.000000,0.000000,-0.872665,3.141593,-0.030000,0,-1.593088,Cruise,traj_vel,-0.240000,2.471506,-0.150000,-0.211986,2.109520,1.838436,-0.100000,8.000,2.000,1,0
324,1620,right_shoulder_pitch,1.592704,-0.023969,1.584204,-0.100000,1.562704,0.000000,0.000000,-0.872665,3.141593,-0.030000,0,-1.592704,Cruise,traj_vel,-0.240000,2.471527,-0.150000,-0.197005,2.124522,1.917171,-0.100000,8.000,2.000,1,0
325,1625,right_shoulder_pitch,1.592704,0.000000,1.583704,-0.100000,1.562704,0.000000,0.000000,-0.872665,3.141593,-0.030000,0,-1.592704,Cruise,traj_vel,-0.240000,2.471527,-0.150000,-0.197754,2.123773,1.920834,-0.100000,8.000,2.000,1,0
326,1630,right_shoulder_pitch,1.592704,0.000000,1.583204,-0.100000,1.562704,0.000000,0.000000,-0.872665,3.141593,-0.030000,0,-1.592704,Cruise,traj_vel,-0.240000,2.471527,-0.150000,-0.198315,2.123212,1.843929,-0.100000,8.000,2.000,1,0
327,1635,right_shoulder_pitch,1.592704,0.000000,1.582704,-0.100000,1.562704,0.000000,0.000000,-0.872665,3.141593,-0.030000,0,-1.592704,Cruise,traj_vel,-0.240000,2.471527,-0.150000,-0.198736,2.122790,1.924496,-0.100000,8.000,2.000,1,0
328,1640,right_shoulder_pitch,1.592704,0.000000,1.582204,-0.100000,1.562704,0.000000,0.000000,-0.872665,3.141593,-0.030000,0,-1.592704,Cruise,traj_vel,-0.240000,2.471527,-0.150000,-0.199052,2.122474,1.882381,-0.100000,8.000,2.000,1,0
329,1645,right_shoulder_pitch,1.592704,0.000000,1.581704,-0.100000,1.562704,0.000000,0.000000,-0.872665,3.141593,-0.030000,0,-1.592704,Cruise,traj_vel,-0.240000,2.471527,-0.150000,-0.199289,2.122238,1.900692,-0.100000,8.000,2.000,1,0
330,1650,right_shoulder_pitch,1.592704,0.000000,1.581204,-0.100000,1.562704,0.000000,0.000000,-0.872665,3.141593,-0.030000,0,-1.592704,Cruise,traj_vel,-0.240000,2.471527,-0.150000,-0.199467,2.122060,1.886044,-0.100000,8.000,2.000,1,0
331,1655,right_shoulder_pitch,1.592704,0.000000,1.580704,-0.100000,1.562704,0.000000,0.000000,-0.872665,3.141593,-0.030000,0,-1.592704,Cruise,traj_vel,-0.240000,2.471527,-0.150000,-0.199600,2.121927,1.853085,-0.100000,8.000,2.000,1,0
332,1660,right_shoulder_pitch,1.593088,0.023958,1.580204,-0.100000,1.563088,0.000000,0.000000,-0.872665,3.141593,-0.030000,0,-1.593088,Cruise,traj_vel,-0.240000,2.471506,-0.150000,-0.211679,2.109827,1.882381,-0.100000,8.000,2.000,1,0
333,1665,right_shoulder_pitch,1.592704,-0.023971,1.579704,-0.100000,1.562704,0.000000,0.000000,-0.872665,3.141593,-0.030000,0,-1.592704,Cruise,traj_vel,-0.240000,2.471527,-0.150000,-0.196774,2.124753,1.902523,-0.100000,8.000,2.000,1,0
334,1670,right_shoulder_pitch,1.592704,0.000000,1.579204,-0.100000,1.562704,0.000000,0.000000,-0.872665,3.141593,-0.030000,0,-1.592704,Cruise,traj_vel,-0.240000,2.471527,-0.150000,-0.197580,2.123946,1.886044,-0.100000,8.000,2.000,1,0
335,1675,right_shoulder_pitch,1.592704,0.000000,1.578704,-0.100000,1.562704,0.000000,0.000000,-0.872665,3.141593,-0.030000,0,-1.592704,Cruise,traj_vel,-0.240000,2.471527,-0.150000,-0.198185,2.123341,1.865902,-0.100000,8.000,2.000,1,0
336,1680,right_shoulder_pitch,1.592704,0.000000,1.578204,-0.100000,1.562704,0.000000,0.000000,-0.872665,3.141593,-0.030000,0,-1.592704,Cruise,traj_vel,-0.240000,2.471527,-0.150000,-0.198639,2.122888,1.895199,-0.100000,8.000,2.000,1,0
337,1685,right_shoulder_pitch,1.592704,0.000000,1.577704,-0.100000,1.562704,0.000000,0.000000,-0.872665,3.141593,-0.030000,0,-1.592704,Cruise,traj_vel,-0.240000,2.471527,-0.150000,-0.198979,2.122547,1.862240,-0.100000,8.000,2.000,1,0
338,1690,right_shoulder_pitch,1.592704,0.000000,1.577204,-0.100000,1.562704,0.000000,0.000000,-0.872665,3.141593,-0.030000,0,-1.592704,Cruise,traj_vel,-0.240000,2.471527,-0.150000,-0.199234,2.122292,1.882381,-0.100000,8.000,2.000,1,0
339,1695,right_shoulder_pitch,1.592704,0.000000,1.576704,-0.100000,1.562704,0.000000,0.000000,-0.872665,3.141593,-0.030000,0,-1.592704,Cruise,traj_vel,-0.240000,2.471527,-0.150000,-0.199426,2.122101,1.865902,-0.100000,8.000,2.000,1,0
340,1700,right_shoulder_pitch,1.592704,0.000000,1.576204,-0.100000,1.562704,0.000000,0.000000,-0.872665,3.141593,-0.030000,0,-1.592704,Cruise,traj_vel,-0.240000,2.471527,-0.150000,-0.199569,2.121957,1.924496,-0.100000,8.000,2.000,1,0
341,1705,right_shoulder_pitch,1.592704,0.000000,1.575704,-0.100000,1.562704,0.000000,0.000000,-0.872665,3.141593,-0.030000,0,-1.592704,Cruise,traj_vel,-0.240000,2.471527,-0.150000,-0.199677,2.121850,1.827450,-0.100000,8.000,2.000,1,0
342,1710,right_shoulder_pitch,1.592704,0.000000,1.575204,-0.100000,1.562704,0.000000,0.000000,-0.872665,3.141593,-0.030000,0,-1.592704,Cruise,traj_vel,-0.240000,2.471527,-0.150000,-0.199758,2.121769,1.887875,-0.100000,8.000,2.000,1,0
343,1715,right_shoulder_pitch,1.592704,0.000000,1.574704,-0.100000,1.562704,0.000000,0.000000,-0.872665,3.141593,-0.030000,0,-1.592704,Cruise,traj_vel,-0.240000,2.471527,-0.150000,-0.199818,2.121708,1.871395,-0.100000,8.000,2.000,1,0
344,1720,right_shoulder_pitch,1.592704,0.000000,1.574204,-0.100000,1.562704,0.000000,0.000000,-0.872665,3.141593,-0.030000,0,-1.592704,Cruise,traj_vel,-0.240000,2.471527,-0.150000,-0.199864,2.121663,1.864071,-0.100000,8.000,2.000,1,0
345,1725,right_shoulder_pitch,1.592704,0.000000,1.573704,-0.100000,1.562704,0.000000,0.000000,-0.872665,3.141593,-0.030000,0,-1.592704,Cruise,traj_vel,-0.240000,2.471527,-0.150000,-0.199898,2.121629,1.876888,-0.100000,8.000,2.000,1,0
346,1730,right_shoulder_pitch,1.592704,0.000000,1.573204,-0.100000,1.562704,0.000000,0.000000,-0.872665,3.141593,-0.030000,0,-1.592704,Cruise,traj_vel,-0.240000,2.471527,-0.150000,-0.199923,2.121603,1.913509,-0.100000,8.000,2.000,1,0
347,1735,right_shoulder_pitch,1.592704,0.000000,1.572704,-0.100000,1.562704,0.000000,0.000000,-0.872665,3.141593,-0.030000,0,-1.592704,Cruise,traj_vel,-0.240000,2.471527,-0.150000,-0.199943,2.121584,1.864071,-0.100000,8.000,2.000,1,0
348,1740,right_shoulder_pitch,1.592704,0.000000,1.572204,-0.100000,1.562704,0.000000,0.000000,-0.872665,3.141593,-0.030000,0,-1.592704,Cruise,traj_vel,-0.240000,2.471527,-0.150000,-0.199957,2.121570,1.867733,-0.100000,8.000,2.000,1,0
349,1745,right_shoulder_pitch,1.592704,0.000000,1.571704,-0.100000,1.562704,0.000000,0.000000,-0.872665,3.141593,-0.030000,0,-1.592704,Cruise,traj_vel,-0.240000,2.471527,-0.150000,-0.199968,2.121559,1.884212,-0.100000,8.000,2.000,1,0
350,1750,right_shoulder_pitch,1.592704,0.000000,1.571204,-0.100000,1.562704,0.000000,0.000000,-0.872665,3.141593,-0.030000,0,-1.592704,Cruise,traj_vel,-0.240000,2.471527,-0.150000,-0.199976,2.121551,1.878719,-0.100000,8.000,2.000,1,0
351,1755,right_shoulder_pitch,1.592704,0.000000,1.570704,-0.100000,1.562704,0.000000,0.000000,-0.872665,3.141593,-0.030000,0,-1.592704,Cruise,traj_vel,-0.240000,2.471527,-0.150000,-0.199982,2.121545,1.864071,-0.100000,8.000,2.000,1,0
352,1760,right_shoulder_pitch,1.592704,0.000000,1.570204,-0.100000,1.562704,0.000000,0.000000,-0.872665,3.141593,-0.030000,0,-1.592704,Cruise,traj_vel,-0.240000,2.471527,-0.150000,-0.199986,2.121540,1.915340,-0.100000,8.000,2.000,1,0
353,1765,right_shoulder_pitch,1.592704,0.000000,1.569704,-0.100000,1.562704,0.000000,0.000000,-0.872665,3.141593,-0.030000,0,-1.592704,Cruise,traj_vel,-0.240000,2.471527,-0.150000,-0.199990,2.121537,1.856747,-0.100000,8.000,2.000,1,0
354,1770,right_shoulder_pitch,1.592704,0.000000,1.569204,-0.100000,1.562704,0.000000,0.000000,-0.872665,3.141593,-0.030000,0,-1.592704,Cruise,traj_vel,-0.240000,2.471527,-0.150000,-0.199992,2.121534,1.902523,-0.100000,8.000,2.000,1,0
355,1775,right_shoulder_pitch,1.592704,0.000000,1.568704,-0.100000,1.562704,0.000000,0.000000,-0.872665,3.141593,-0.030000,0,-1.592704,Cruise,traj_vel,-0.240000,2.471527,-0.150000,-0.199994,2.121533,1.955627,-0.100000,8.000,2.000,1,0
356,1780,right_shoulder_pitch,1.592704,0.000000,1.568204,-0.100000,1.562704,0.000000,0.000000,-0.872665,3.141593,-0.030000,0,-1.592704,Cruise,traj_vel,-0.240000,2.471527,-0.150000,-0.199996,2.121531,1.858578,-0.100000,8.000,2.000,1,0
357,1785,right_shoulder_pitch,1.593088,0.023968,1.567704,-0.100000,1.563088,0.000000,0.000000,-0.872665,3.141593,-0.030000,0,-1.593088,Cruise,traj_vel,-0.240000,2.471506,-0.150000,-0.211981,2.109525,1.862240,-0.100000,8.000,2.000,1,0
358,1790,right_shoulder_pitch,1.592704,-0.023964,1.567204,-0.100000,1.562704,0.000000,0.000000,-0.872665,3.141593,-0.030000,0,-1.592704,Cruise,traj_vel,-0.240000,2.471527,-0.150000,-0.197003,2.124523,1.915340,-0.100000,8.000,2.000,1,0
359,1795,right_shoulder_pitch,1.592704,0.000000,1.566704,-0.100000,1.562704,0.000000,0.000000,-0.872665,3.141593,-0.030000,0,-1.592704,Cruise,traj_vel,-0.240000,2.471527,-0.150000,-0.197753,2.123774,1.873226,-0.100000,8.000,2.000,1,0
360,1800,right_shoulder_pitch,1.593088,0.023958,1.566204,-0.100000,1.563088,0.000000,0.000000,-0.872665,3.141593,-0.030000,0,-1.593088,Cruise,traj_vel,-0.240000,2.471506,-0.150000,-0.210294,2.111212,1.858578,-0.100000,8.000,2.000,1,0
361,1805,right_shoulder_pitch,1.592704,-0.023977,1.565704,-0.100000,1.562704,0.000000,0.000000,-0.872665,3.141593,-0.030000,0,-1.592704,Cruise,traj_vel,-0.240000,2.471527,-0.150000,-0.195732,2.125795,1.865902,-0.100000,8.000,2.000,1,0
362,1810,right_shoulder_pitch,1.592704,0.000000,1.565204,-0.100000,1.562704,0.000000,0.000000,-0.872665,3.141593,-0.030000,0,-1.592704,Cruise,traj_vel,-0.240000,2.471527,-0.150000,-0.196799,2.124728,1.818295,-0.100000,8.000,2.000,1,0
363,1815,right_shoulder_pitch,1.592704,0.000000,1.564704,-0.100000,1.562704,0.000000,0.000000,-0.872665,3.141593,-0.030000,0,-1.592704,Cruise,traj_vel,-0.240000,2.471527,-0.150000,-0.197599,2.123928,1.880550,-0.100000,8.000,2.000,1,0
364,1820,right_shoulder_pitch,1.592704,0.000000,1.564204,-0.100000,1.562704,0.000000,0.000000,-0.872665,3.141593,-0.030000,0,-1.592704,Cruise,traj_vel,-0.240000,2.471527,-0.150000,-0.198199,2.123327,1.895199,-0.100000,8.000,2.000,1,0
365,1825,right_shoulder_pitch,1.592704,0.000000,1.563704,-0.100000,1.562704,0.000000,0.000000,-0.872665,3.141593,-0.030000,0,-1.592704,Cruise,traj_vel,-0.240000,2.471527,-0.150000,-0.198649,2.122877,1.876888,-0.100000,8.000,2.000,1,0
366,1830,right_shoulder_pitch,1.592704,0.000000,1.563204,-0.100000,1.562704,0.000000,0.000000,-0.872665,3.141593,-0.030000,0,-1.592704,Cruise,traj_vel,-0.240000,2.471527,-0.150000,-0.198987,2.122540,1.920834,-0.100000,8.000,2.000,1,0
367,1835,right_shoulder_pitch,1.592704,0.000000,1.562704,-0.100000,1.562704,0.000000,0.000000,-0.872665,3.141593,-0.030000,0,-1.592704,Cruise,traj_vel,-0.240000,2.471527,-0.150000,-0.199240,2.122286,1.880550,-0.100000,8.000,2.000,1,0
368,1840,right_shoulder_pitch,1.592704,0.000000,1.562204,-0.100000,1.562204,0.000000,0.000000,-0.872665,3.141593,-0.030500,0,-1.592704,Cruise,traj_vel,-0.244000,2.471527,-0.150000,-0.199430,2.122097,1.964782,-0.100000,8.000,2.000,1,0
369,1845,right_shoulder_pitch,1.592704,0.000000,1.561704,-0.100000,1.561704,0.000000,0.000000,-0.872665,3.141593,-0.031000,0,-1.592704,Cruise,traj_vel,-0.248000,2.471527,-0.150000,-0.199573,2.121954,1.875057,0.000000,8.000,2.000,1,0
370,1850,right_shoulder_pitch,1.592704,0.000000,1.561204,-0.100000,1.561204,0.000000,0.000000,-0.872665,3.141593,-0.031500,0,-1.592704,Cruise,traj_vel,-0.252000,2.471527,-0.150000,-0.199680,2.121847,1.876888,0.000000,8.000,2.000,1,0
371,1855,right_shoulder_pitch,1.592704,0.000000,1.560704,-0.100000,1.560704,0.000000,0.000000,-0.872665,3.141593,-0.032000,0,-1.592704,Cruise,traj_vel,-0.256000,2.471527,-0.150000,-0.199760,2.121767,1.858578,0.000000,8.000,2.000,1,0
372,1860,right_shoulder_pitch,1.593088,0.023961,1.560204,-0.100000,1.560204,0.000000,0.000000,-0.872665,3.141593,-0.032883,0,-1.593088,Cruise,traj_vel,-0.263068,2.471506,-0.150000,-0.211800,2.109706,1.915340,-0.100000,8.000,2.000,1,0
373,1865,right_shoulder_pitch,1.592704,-0.023976,1.559704,-0.100000,1.559704,0.000000,0.000000,-0.872665,3.141593,-0.033000,0,-1.592704,Cruise,traj_vel,-0.264000,2.471527,-0.150000,-0.196862,2.124665,1.873226,-0.100000,8.000,2.000,1,0
374,1870,right_shoulder_pitch,1.592704,0.000000,1.559204,-0.100000,1.559204,0.000000,0.000000,-0.872665,3.141593,-0.033500,0,-1.592704,Cruise,traj_vel,-0.268000,2.471527,-0.150000,-0.197647,2.123880,1.860409,0.000000,8.000,2.000,1,0
375,1875,right_shoulder_pitch,1.592704,0.000000,1.558704,-0.100000,1.558704,0.000000,0.000000,-0.872665,3.141593,-0.034000,0,-1.592704,Cruise,traj_vel,-0.272000,2.471527,-0.150000,-0.198235,2.123292,1.869564,0.000000,8.000,2.000,1,0
376,1880,right_shoulder_pitch,1.592704,0.000000,1.558204,-0.100000,1.558204,0.000000,0.000000,-0.872665,3.141593,-0.034500,0,-1.592704,Cruise,traj_vel,-0.276000,2.471527,-0.150000,-0.198676,2.122851,1.818295,0.000000,8.000,2.000,1,0
377,1885,right_shoulder_pitch,1.592704,0.000000,1.557704,-0.100000,1.557704,0.000000,0.000000,-0.872665,3.141593,-0.035000,0,-1.592704,Cruise,traj_vel,-0.280000,2.471527,-0.150000,-0.199007,2.122520,1.895199,0.000000,8.000,2.000,1,0
378,1890,right_shoulder_pitch,1.592704,0.000000,1.557204,-0.100000,1.557204,0.000000,0.000000,-0.872665,3.141593,-0.035500,0,-1.592704,Cruise,traj_vel,-0.284000,2.471527,-0.150000,-0.199255,2.122271,1.869564,0.000000,8.000,2.000,1,0
379,1895,right_shoulder_pitch,1.592704,0.000000,1.556704,-0.100000,1.556704,0.000000,0.000000,-0.872665,3.141593,-0.036000,0,-1.592704,Cruise,traj_vel,-0.288000,2.471527,-0.150000,-0.199442,2.122085,1.845760,0.000000,8.000,2.000,1,0
380,1900,right_shoulder_pitch,1.592704,0.000000,1.556204,-0.100000,1.556204,0.000000,0.000000,-0.872665,3.141593,-0.036500,0,-1.592704,Cruise,traj_vel,-0.292000,2.471527,-0.150000,-0.199581,2.121946,1.845760,0.000000,8.000,2.000,1,0
381,1905,right_shoulder_pitch,1.592704,0.000000,1.555704,-0.100000,1.555704,0.000000,0.000000,-0.872665,3.141593,-0.037000,0,-1.592704,Cruise,traj_vel,-0.296000,2.471527,-0.150000,-0.199686,2.121841,1.886044,0.000000,8.000,2.000,1,0
382,1910,right_shoulder_pitch,1.592704,0.000000,1.555204,-0.100000,1.555204,0.000000,0.000000,-0.872665,3.141593,-0.037500,0,-1.592704,Cruise,traj_vel,-0.300000,2.471527,-0.150000,-0.199764,2.121762,1.796318,0.000000,8.000,2.000,1,0
383,1915,right_shoulder_pitch,1.592704,0.000000,1.554704,-0.100000,1.554704,0.000000,0.000000,-0.872665,3.141593,-0.038000,0,-1.592704,Cruise,traj_vel,-0.304000,2.471527,-0.150000,-0.199823,2.121703,1.774346,0.000000,8.000,2.000,1,0
384,1920,right_shoulder_pitch,1.592704,0.000000,1.554204,-0.100000,1.554204,0.000000,0.000000,-0.872665,3.141593,-0.038500,0,-1.592704,Cruise,traj_vel,-0.308000,2.471527,-0.150000,-0.199867,2.121659,1.818295,0.000000,8.000,2.000,1,0
385,1925,right_shoulder_pitch,1.592704,0.000000,1.553704,-0.100000,1.553704,0.000000,0.000000,-0.872665,3.141593,-0.039000,0,-1.592704,Cruise,traj_vel,-0.312000,2.471527,-0.150000,-0.199901,2.121626,1.796318,0.000000,8.000,2.000,1,0
386,1930,right_shoulder_pitch,1.593088,0.023962,1.553204,-0.100000,1.553204,0.000000,0.000000,-0.872665,3.141593,-0.039883,0,-1.593088,Cruise,traj_vel,-0.319068,2.471506,-0.150000,-0.211907,2.109599,1.801811,-0.100000,8.000,2.000,1,0
387,1935,right_shoulder_pitch,1.592704,-0.023968,1.552704,-0.100000,1.552704,0.000000,0.000000,-0.872665,3.141593,-0.040000,0,-1.592704,Cruise,traj_vel,-0.320000,2.471527,-0.150000,-0.196946,2.124581,1.765190,-0.100000,8.000,2.000,1,0
388,1940,right_shoulder_pitch,1.592704,0.000000,1.552204,-0.100000,1.552204,0.000000,0.000000,-0.872665,3.141593,-0.040500,0,-1.592704,Cruise,traj_vel,-0.324000,2.471527,-0.150000,-0.197710,2.123817,1.746880,0.000000,8.000,2.000,1,0
389,1945,right_shoulder_pitch,1.592704,0.000000,1.551704,-0.100000,1.551704,0.000000,0.000000,-0.872665,3.141593,-0.041000,0,-1.592704,Cruise,traj_vel,-0.328000,2.471527,-0.150000,-0.198282,2.123245,1.812798,0.000000,8.000,2.000,1,0
390,1950,right_shoulder_pitch,1.592704,0.000000,1.551204,-0.100000,1.551204,0.000000,0.000000,-0.872665,3.141593,-0.041500,0,-1.592704,Cruise,traj_vel,-0.332000,2.471527,-0.150000,-0.198712,2.122815,1.787163,0.000000,8.000,2.000,1,0
391,1955,right_shoulder_pitch,1.593088,0.023965,1.550704,-0.100000,1.550704,0.000000,0.000000,-0.872665,3.141593,-0.042383,0,-1.593088,Cruise,traj_vel,-0.339068,2.471506,-0.150000,-0.211016,2.110489,1.814629,-0.100000,8.000,2.000,1,0
392,1960,right_shoulder_pitch,1.592704,-0.023970,1.550204,-0.100000,1.550204,0.000000,0.000000,-0.872665,3.141593,-0.042500,0,-1.592704,Cruise,traj_vel,-0.340000,2.471527,-0.150000,-0.196277,2.125250,1.831112,-0.100000,8.000,2.000,1,0
393,1965,right_shoulder_pitch,1.592704,0.000000,1.549704,-0.100000,1.549704,0.000000,0.000000,-0.872665,3.141593,-0.043000,0,-1.592704,Cruise,traj_vel,-0.344000,2.471527,-0.150000,-0.197208,2.124319,1.774346,0.000000,8.000,2.000,1,0
394,1970,right_shoulder_pitch,1.592704,0.000000,1.549204,-0.100000,1.549204,0.000000,0.000000,-0.872665,3.141593,-0.043500,0,-1.592704,Cruise,traj_vel,-0.348000,2.471527,-0.150000,-0.197906,2.123621,1.823788,0.000000,8.000,2.000,1,0
395,1975,right_shoulder_pitch,1.592704,0.000000,1.548704,-0.100000,1.548704,0.000000,0.000000,-0.872665,3.141593,-0.044000,0,-1.592704,Cruise,traj_vel,-0.352000,2.471527,-0.150000,-0.198429,2.123097,1.787163,0.000000,8.000,2.000,1,0
396,1980,right_shoulder_pitch,1.592704,0.000000,1.548204,-0.100000,1.548204,0.000000,0.000000,-0.872665,3.141593,-0.044500,0,-1.592704,Cruise,traj_vel,-0.356000,2.471527,-0.150000,-0.198822,2.122705,1.779839,0.000000,8.000,2.000,1,0
397,1985,right_shoulder_pitch,1.592704,0.000000,1.547704,-0.100000,1.547704,0.000000,0.000000,-0.872665,3.141593,-0.045000,0,-1.592704,Cruise,traj_vel,-0.360000,2.471527,-0.150000,-0.199117,2.122410,1.790825,0.000000,8.000,2.000,1,0
398,1990,right_shoulder_pitch,1.592704,0.000000,1.547204,-0.100000,1.547204,0.000000,0.000000,-0.872665,3.141593,-0.045500,0,-1.592704,Cruise,traj_vel,-0.364000,2.471527,-0.150000,-0.199337,2.122189,1.798149,0.000000,8.000,2.000,1,0
399,1995,right_shoulder_pitch,1.592704,0.000000,1.546704,-0.100000,1.546704,0.000000,0.000000,-0.872665,3.141593,-0.046000,0,-1.592704,Cruise,traj_vel,-0.368000,2.471527,-0.150000,-0.199503,2.122024,1.809136,0.000000,8.000,2.000,1,0
400,2000,right_shoulder_pitch,1.592704,0.000000,1.546204,-0.100000,1.546204,0.000000,0.000000,-0.872665,3.141593,-0.046500,0,-1.592704,Cruise,traj_vel,-0.372000,2.471527,-0.150000,-0.199627,2.121899,1.730400,0.000000,8.000,2.000,1,0
401,2005,right_shoulder_pitch,1.592704,0.000000,1.545704,-0.100000,1.545704,0.000000,0.000000,-0.872665,3.141593,-0.047000,0,-1.592704,Cruise,traj_vel,-0.376000,2.471527,-0.150000,-0.199720,2.121806,1.792656,0.000000,8.000,2.000,1,0
402,2010,right_shoulder_pitch,1.592704,0.000000,1.545204,-0.100000,1.545204,0.000000,0.000000,-0.872665,3.141593,-0.047500,0,-1.592704,Cruise,traj_vel,-0.380000,2.471527,-0.150000,-0.199790,2.121736,1.690114,0.000000,8.000,2.000,1,0
403,2015,right_shoulder_pitch,1.592704,0.000000,1.544704,-0.100000,1.544704,0.000000,0.000000,-0.872665,3.141593,-0.048000,0,-1.592704,Cruise,traj_vel,-0.384000,2.471527,-0.150000,-0.199843,2.121684,1.772515,0.000000,8.000,2.000,1,0
404,2020,right_shoulder_pitch,1.592704,0.000000,1.544204,-0.100000,1.544204,0.000000,0.000000,-0.872665,3.141593,-0.048500,0,-1.592704,Cruise,traj_vel,-0.388000,2.471527,-0.150000,-0.199882,2.121645,1.708428,0.000000,8.000,2.000,1,0
405,2025,right_shoulder_pitch,1.592704,0.000000,1.543704,-0.100000,1.543704,0.000000,0.000000,-0.872665,3.141593,-0.049000,0,-1.592704,Cruise,traj_vel,-0.392000,2.471527,-0.150000,-0.199912,2.121615,1.721245,0.000000,8.000,2.000,1,0
406,2030,right_shoulder_pitch,1.592704,0.000000,1.543204,-0.100000,1.543204,0.000000,0.000000,-0.872665,3.141593,-0.049500,0,-1.592704,Cruise,traj_vel,-0.396000,2.471527,-0.150000,-0.199934,2.121593,1.763359,0.000000,8.000,2.000,1,0
407,2035,right_shoulder_pitch,1.592704,0.000000,1.542704,-0.100000,1.542704,0.000000,0.000000,-0.872665,3.141593,-0.050000,1,-1.592704,Cruise,traj_vel,-0.400000,2.471527,-0.150000,-0.199950,2.121577,1.702935,0.000000,8.000,2.000,1,0
408,2040,right_shoulder_pitch,1.592704,0.000000,1.592204,-0.100000,1.562704,0.000000,0.000000,-0.872665,3.141593,-0.030000,0,-1.592704,Cruise,traj_vel,-0.240000,2.471527,-0.150000,-0.199963,2.121564,1.680958,0.000000,8.000,2.000,1,0
409,2045,right_shoulder_pitch,1.592704,0.000000,1.591704,-0.100000,1.562704,0.000000,0.000000,-0.872665,3.141593,-0.030000,0,-1.592704,Cruise,traj_vel,-0.240000,2.471527,-0.150000,-0.199972,2.121555,1.768852,0.000000,8.000,2.000,1,0
410,2050,right_shoulder_pitch,1.592704,0.000000,1.591204,-0.100000,1.562704,0.000000,0.000000,-0.872665,3.141593,-0.030000,0,-1.592704,Cruise,traj_vel,-0.240000,2.471527,-0.150000,-0.199979,2.121548,1.889706,0.000000,8.000,2.000,1,0
411,2055,right_shoulder_pitch,1.592704,0.000000,1.590704,-0.100000,1.562704,0.000000,0.000000,-0.872665,3.141593,-0.030000,0,-1.592704,Cruise,traj_vel,-0.240000,2.471527,-0.150000,-0.199984,2.121543,1.884212,0.000000,8.000,2.000,1,0
412,2060,right_shoulder_pitch,1.592704,0.000000,1.590204,-0.100000,1.562704,0.000000,0.000000,-0.872665,3.141593,-0.030000,0,-1.592704,Cruise,traj_vel,-0.240000,2.471527,-0.150000,-0.199988,2.121539,1.847591,0.000000,8.000,2.000,1,0
413,2065,right_shoulder_pitch,1.592704,0.000000,1.589704,-0.100000,1.562704,0.000000,0.000000,-0.872665,3.141593,-0.030000,0,-1.592704,Cruise,traj_vel,-0.240000,2.471527,-0.150000,-0.199991,2.121536,1.882381,0.000000,8.000,2.000,1,0
414,2070,right_shoulder_pitch,1.592704,0.000000,1.589204,-0.100000,1.562704,0.000000,0.000000,-0.872665,3.141593,-0.030000,0,-1.592704,Cruise,traj_vel,-0.240000,2.471527,-0.150000,-0.199993,2.121533,1.906185,0.000000,8.000,2.000,1,0
415,2075,right_shoulder_pitch,1.593088,0.023964,1.588704,-0.100000,1.563088,0.000000,0.000000,-0.872665,3.141593,-0.030000,0,-1.593088,Cruise,traj_vel,-0.240000,2.471506,-0.150000,-0.211977,2.109529,1.853085,-0.100000,8.000,2.000,1,0
416,2080,right_shoulder_pitch,1.592704,-0.023972,1.588204,-0.100000,1.562704,0.000000,0.000000,-0.872665,3.141593,-0.030000,0,-1.592704,Cruise,traj_vel,-0.240000,2.471527,-0.150000,-0.196997,2.124530,1.876888,-0.100000,8.000,2.000,1,0
417,2085,right_shoulder_pitch,1.592704,0.000000,1.587704,-0.100000,1.562704,0.000000,0.000000,-0.872665,3.141593,-0.030000,0,-1.592704,Cruise,traj_vel,-0.240000,2.471527,-0.150000,-0.197748,2.123779,1.917171,0.000000,8.000,2.000,1,0
418,2090,right_shoulder_pitch,1.592704,0.000000,1.587204,-0.100000,1.562704,0.000000,0.000000,-0.872665,3.141593,-0.030000,0,-1.592704,Cruise,traj_vel,-0.240000,2.471527,-0.150000,-0.198311,2.123216,1.869564,0.000000,8.000,2.000,1,0
419,2095,right_shoulder_pitch,1.592704,0.000000,1.586704,-0.100000,1.562704,0.000000,0.000000,-0.872665,3.141593,-0.030000,0,-1.592704,Cruise,traj_vel,-0.240000,2.471527,-0.150000,-0.198733,2.122794,1.836605,0.000000,8.000,2.000,1,0
420,2100,right_shoulder_pitch,1.592704,0.000000,1.586204,-0.100000,1.562704,0.000000,0.000000,-0.872665,3.141593,-0.030000,0,-1.592704,Cruise,traj_vel,-0.240000,2.471527,-0.150000,-0.199050,2.122477,1.876888,0.000000,8.000,2.000,1,0
421,2105,right_shoulder_pitch,1.592704,0.000000,1.585704,-0.100000,1.562704,0.000000,0.000000,-0.872665,3.141593,-0.030000,0,-1.592704,Cruise,traj_vel,-0.240000,2.471527,-0.150000,-0.199287,2.122239,1.887875,0.000000,8.000,2.000,1,0
422,2110,right_shoulder_pitch,1.593088,0.023966,1.585204,-0.100000,1.563088,0.000000,0.000000,-0.872665,3.141593,-0.030000,0,-1.593088,Cruise,traj_vel,-0.240000,2.471506,-0.150000,-0.211448,2.110058,1.929989,-0.100000,8.000,2.000,1,0
423,2115,right_shoulder_pitch,1.593088,0.000000,1.584704,-0.100000,1.563088,0.000000,0.000000,-0.872665,3.141593,-0.030000,0,-1.593088,Cruise,traj_vel,-0.240000,2.471506,-0.150000,-0.208586,2.112920,1.847591,0.000000,8.000,2.000,1,0
424,2120,right_shoulder_pitch,1.592704,-0.023962,1.584204,-0.100000,1.562704,0.000000,0.000000,-0.872665,3.141593,-0.030000,0,-1.592704,Cruise,traj_vel,-0.240000,2.471527,-0.150000,-0.194459,2.127068,1.897030,-0.100000,8.000,2.000,1,0
425,2125,right_shoulder_pitch,1.592704,0.000000,1.583704,-0.100000,1.562704,0.000000,0.000000,-0.872665,3.141593,-0.030000,0,-1.592704,Cruise,traj_vel,-0.240000,2.471527,-0.150000,-0.195844,2.125683,1.820126,0.000000,8.000,2.000,1,0
426,2130,right_shoulder_pitch,1.592704,0.000000,1.583204,-0.100000,1.562704,0.000000,0.000000,-0.872665,3.141593,-0.030000,0,-1.592704,Cruise,traj_vel,-0.240000,2.471527,-0.150000,-0.196883,2.124644,1.823788,0.000000,8.000,2.000,1,0
427,2135,right_shoulder_pitch,1.593088,0.023973,1.582704,-0.100000,1.563088,0.000000,0.000000,-0.872665,3.141593,-0.030000,0,-1.593088,Cruise,traj_vel,-0.240000,2.471506,-0.150000,-0.209649,2.111857,1.902523,-0.100000,8.000,2.000,1,0
428,2140,right_shoulder_pitch,1.593088,0.000000,1.582204,-0.100000,1.563088,0.000000,0.000000,-0.872665,3.141593,-0.030000,0,-1.593088,Cruise,traj_vel,-0.240000,2.471506,-0.150000,-0.207237,2.114269,1.876888,0.000000,8.000,2.000,1,0
429,2145,right_shoulder_pitch,1.593088,0.000000,1.581704,-0.100000,1.563088,0.000000,0.000000,-0.872665,3.141593,-0.030000,0,-1.593088,Cruise,traj_vel,-0.240000,2.471506,-0.150000,-0.205427,2.116078,1.871395,0.000000,8.000,2.000,1,0
430,2150,right_shoulder_pitch,1.592704,-0.023936,1.581204,-0.100000,1.562704,0.000000,0.000000,-0.872665,3.141593,-0.030000,0,-1.592704,Cruise,traj_vel,-0.240000,2.471527,-0.150000,-0.192103,2.129424,1.865902,-0.100000,8.000,2.000,1,0
431,2155,right_shoulder_pitch,1.592704,0.000000,1.580704,-0.100000,1.562704,0.000000,0.000000,-0.872665,3.141593,-0.030000,0,-1.592704,Cruise,traj_vel,-0.240000,2.471527,-0.150000,-0.194077,2.127450,1.884212,0.000000,8.000,2.000,1,0
432,2160,right_shoulder_pitch,1.592704,0.000000,1.580204,-0.100000,1.562704,0.000000,0.000000,-0.872665,3.141593,-0.030000,0,-1.592704,Cruise,traj_vel,-0.240000,2.471527,-0.150000,-0.195558,2.125969,1.887875,0.000000,8.000,2.000,1,0
433,2165,right_shoulder_pitch,1.592704,0.000000,1.579704,-0.100000,1.562704,0.000000,0.000000,-0.872665,3.141593,-0.030000,0,-1.592704,Cruise,traj_vel,-0.240000,2.471527,-0.150000,-0.196668,2.124858,1.900692,0.000000,8.000,2.000,1,0
434,2170,right_shoulder_pitch,1.592704,0.000000,1.579204,-0.100000,1.562704,0.000000,0.000000,-0.872665,3.141593,-0.030000,0,-1.592704,Cruise,traj_vel,-0.240000,2.471527,-0.150000,-0.197501,2.124026,1.902523,0.000000,8.000,2.000,1,0
435,2175,right_shoulder_pitch,1.592704,0.000000,1.578704,-0.100000,1.562704,0.000000,0.000000,-0.872665,3.141593,-0.030000,0,-1.592704,Cruise,traj_vel,-0.240000,2.471527,-0.150000,-0.198126,2.123401,1.913509,0.000000,8.000,2.000,1,0
436,2180,right_shoulder_pitch,1.593088,0.023971,1.578204,-0.100000,1.563088,0.000000,0.000000,-0.872665,3.141593,-0.030000,0,-1.593088,Cruise,traj_vel,-0.240000,2.471506,-0.150000,-0.210580,2.110926,1.858578,-0.100000,8.000,2.000,1,0
437,2185,right_shoulder_pitch,1.592704,-0.023960,1.577704,-0.100000,1.562704,0.000000,0.000000,-0.872665,3.141593,-0.030000,0,-1.592704,Cruise,traj_vel,-0.240000,2.471527,-0.150000,-0.195955,2.125572,1.935486,-0.100000,8.000,2.000,1,0
438,2190,right_shoulder_pitch,1.592704,0.000000,1.577204,-0.100000,1.562704,0.000000,0.000000,-0.872665,3.141593,-0.030000,0,-1.592704,Cruise,traj_vel,-0.240000,2.471527,-0.150000,-0.196966,2.124561,1.919003,0.000000,8.000,2.000,1,0
439,2195,right_shoulder_pitch,1.592704,0.000000,1.576704,-0.100000,1.562704,0.000000,0.000000,-0.872665,3.141593,-0.030000,0,-1.592704,Cruise,traj_vel,-0.240000,2.471527,-0.150000,-0.197725,2.123802,1.851254,0.000000,8.000,2.000,1,0
440,2200,right_shoulder_pitch,1.592704,0.000000,1.576204,-0.100000,1.562704,0.000000,0.000000,-0.872665,3.141593,-0.030000,0,-1.592704,Cruise,traj_vel,-0.240000,2.471527,-0.150000,-0.198294,2.123233,1.908016,0.000000,8.000,2.000,1,0
441,2205,right_shoulder_pitch,1.592704,0.000000,1.575704,-0.100000,1.562704,0.000000,0.000000,-0.872665,3.141593,-0.030000,0,-1.592704,Cruise,traj_vel,-0.240000,2.471527,-0.150000,-0.198720,2.122807,1.862240,0.000000,8.000,2.000,1,0
442,2210,right_shoulder_pitch,1.593088,0.023965,1.575204,-0.100000,1.563088,0.000000,0.000000,-0.872665,3.141593,-0.030000,0,-1.593088,Cruise,traj_vel,-0.240000,2.471506,-0.150000,-0.211023,2.110483,1.937317,-0.100000,8.000,2.000,1,0
443,2215,right_shoulder_pitch,1.593088,0.000000,1.574704,-0.100000,1.563088,0.000000,0.000000,-0.872665,3.141593,-0.030000,0,-1.593088,Cruise,traj_vel,-0.240000,2.471506,-0.150000,-0.208267,2.113239,1.951965,0.000000,8.000,2.000,1,0
444,2220,right_shoulder_pitch,1.593088,0.000000,1.574204,-0.100000,1.563088,0.000000,0.000000,-0.872665,3.141593,-0.030000,0,-1.593088,Cruise,traj_vel,-0.240000,2.471506,-0.150000,-0.206200,2.115306,1.818295,0.000000,8.000,2.000,1,0
445,2225,right_shoulder_pitch,1.593088,0.000000,1.573704,-0.100000,1.563088,0.000000,0.000000,-0.872665,3.141593,-0.030000,0,-1.593088,Cruise,traj_vel,-0.240000,2.471506,-0.150000,-0.204650,2.116856,1.898861,0.000000,8.000,2.000,1,0
446,2230,right_shoulder_pitch,1.593088,0.000000,1.573204,-0.100000,1.563088,0.000000,0.000000,-0.872665,3.141593,-0.030000,0,-1.593088,Cruise,traj_vel,-0.240000,2.471506,-0.150000,-0.203488,2.118018,1.832943,0.000000,8.000,2.000,1,0
447,2235,right_shoulder_pitch,1.593088,0.000000,1.572704,-0.100000,1.563088,0.000000,0.000000,-0.872665,3.141593,-0.030000,0,-1.593088,Cruise,traj_vel,-0.240000,2.471506,-0.150000,-0.202616,2.118890,1.913509,0.000000,8.000,2.000,1,0
448,2240,right_shoulder_pitch,1.593088,0.000000,1.572204,-0.100000,1.563088,0.000000,0.000000,-0.872665,3.141593,-0.030000,0,-1.593088,Cruise,traj_vel,-0.240000,2.471506,-0.150000,-0.201962,2.119544,1.873226,0.000000,8.000,2.000,1,0
449,2245,right_shoulder_pitch,1.592704,-0.019183,1.571704,-0.100000,1.562704,0.000000,0.000000,-0.872665,3.141593,-0.030000,0,-1.592704,Cruise,traj_vel,-0.240000,2.471527,-0.150000,-0.191880,2.129647,1.904354,0.000000,8.000,2.000,1,0
450,2250,right_shoulder_pitch,1.593088,0.023966,1.571204,-0.100000,1.563088,0.000000,0.000000,-0.872665,3.141593,-0.030000,0,-1.593088,Cruise,traj_vel,-0.240000,2.471506,-0.150000,-0.205893,2.115613,1.836605,-0.100000,8.000,2.000,1,0
451,2255,right_shoulder_pitch,1.593088,0.000000,1.570704,-0.100000,1.563088,0.000000,0.000000,-0.872665,3.141593,-0.030000,0,-1.593088,Cruise,traj_vel,-0.240000,2.471506,-0.150000,-0.204420,2.117086,1.911678,0.000000,8.000,2.000,1,0
452,2260,right_shoulder_pitch,1.593088,0.000000,1.570204,-0.100000,1.563088,0.000000,0.000000,-0.872665,3.141593,-0.030000,0,-1.593088,Cruise,traj_vel,-0.240000,2.471506,-0.150000,-0.203315,2.118191,1.909847,0.000000,8.000,2.000,1,0
453,2265,right_shoulder_pitch,1.593088,0.000000,1.569704,-0.100000,1.563088,0.000000,0.000000,-0.872665,3.141593,-0.030000,0,-1.593088,Cruise,traj_vel,-0.240000,2.471506,-0.150000,-0.202486,2.119020,1.878719,0.000000,8.000,2.000,1,0
454,2270,right_shoulder_pitch,1.593088,0.000000,1.569204,-0.100000,1.563088,0.000000,0.000000,-0.872665,3.141593,-0.030000,0,-1.593088,Cruise,traj_vel,-0.240000,2.471506,-0.150000,-0.201865,2.119641,1.902523,0.000000,8.000,2.000,1,0
455,2275,right_shoulder_pitch,1.593088,0.000000,1.568704,-0.100000,1.563088,0.000000,0.000000,-0.872665,3.141593,-0.030000,0,-1.593088,Cruise,traj_vel,-0.240000,2.471506,-0.150000,-0.201398,2.120107,1.876888,0.000000,8.000,2.000,1,0
456,2280,right_shoulder_pitch,1.593088,0.000000,1.568204,-0.100000,1.563088,0.000000,0.000000,-0.872665,3.141593,-0.030000,0,-1.593088,Cruise,traj_vel,-0.240000,2.471506,-0.150000,-0.201049,2.120457,1.889706,0.000000,8.000,2.000,1,0
457,2285,right_shoulder_pitch,1.593088,0.000000,1.567704,-0.100000,1.563088,0.000000,0.000000,-0.872665,3.141593,-0.030000,0,-1.593088,Cruise,traj_vel,-0.240000,2.471506,-0.150000,-0.200787,2.120719,1.875057,0.000000,8.000,2.000,1,0
458,2290,right_shoulder_pitch,1.593088,0.000000,1.567204,-0.100000,1.563088,0.000000,0.000000,-0.872665,3.141593,-0.030000,0,-1.593088,Cruise,traj_vel,-0.240000,2.471506,-0.150000,-0.200590,2.120916,1.891537,0.000000,8.000,2.000,1,0
459,2295,right_shoulder_pitch,1.593088,0.000000,1.566704,-0.100000,1.563088,0.000000,0.000000,-0.872665,3.141593,-0.030000,0,-1.593088,Cruise,traj_vel,-0.240000,2.471506,-0.150000,-0.200442,2.121063,1.880550,0.000000,8.000,2.000,1,0
460,2300,right_shoulder_pitch,1.592704,-0.023966,1.566204,-0.100000,1.562704,0.000000,0.000000,-0.872665,3.141593,-0.030000,0,-1.592704,Cruise,traj_vel,-0.240000,2.471527,-0.150000,-0.188349,2.133178,1.933655,-0.100000,8.000,2.000,1,0
461,2305,right_shoulder_pitch,1.592704,0.000000,1.565704,-0.100000,1.562704,0.000000,0.000000,-0.872665,3.141593,-0.030000,0,-1.592704,Cruise,traj_vel,-0.240000,2.471527,-0.150000,-0.191262,2.130265,1.845760,0.000000,8.000,2.000,1,0
462,2310,right_shoulder_pitch,1.593088,0.023963,1.565204,-0.100000,1.563088,0.000000,0.000000,-0.872665,3.141593,-0.030000,0,-1.593088,Cruise,traj_vel,-0.240000,2.471506,-0.150000,-0.205428,2.116078,1.940979,-0.100000,8.000,2.000,1,0
463,2315,right_shoulder_pitch,1.593088,0.000000,1.564704,-0.100000,1.563088,0.000000,0.000000,-0.872665,3.141593,-0.030000,0,-1.593088,Cruise,traj_vel,-0.240000,2.471506,-0.150000,-0.204071,2.117435,1.917171,0.000000,8.000,2.000,1,0
464,2320,right_shoulder_pitch,1.592704,-0.023967,1.564204,-0.100000,1.562704,0.000000,0.000000,-0.872665,3.141593,-0.030000,0,-1.592704,Cruise,traj_vel,-0.240000,2.471527,-0.150000,-0.191070,2.130457,1.876888,-0.100000,8.000,2.000,1,0
465,2325,right_shoulder_pitch,1.593088,0.023960,1.563704,-0.100000,1.563088,0.000000,0.000000,-0.872665,3.141593,-0.030000,0,-1.593088,Cruise,traj_vel,-0.240000,2.471506,-0.150000,-0.205282,2.116224,1.880550,-0.100000,8.000,2.000,1,0
466,2330,right_shoulder_pitch,1.592704,-0.023964,1.563204,-0.100000,1.562704,0.000000,0.000000,-0.872665,3.141593,-0.030000,0,-1.592704,Cruise,traj_vel,-0.240000,2.471527,-0.150000,-0.191980,2.129547,1.904354,-0.100000,8.000,2.000,1,0
467,2335,right_shoulder_pitch,1.593088,0.023985,1.562704,-0.100000,1.562704,0.000000,0.000000,-0.872665,3.141593,-0.030383,0,-1.593088,Cruise,traj_vel,-0.243068,2.471506,-0.150000,-0.205977,2.115529,1.860409,-0.100000,8.000,2.000,1,0
468,2340,right_shoulder_pitch,1.593088,0.000000,1.562204,-0.100000,1.562204,0.000000,0.000000,-0.872665,3.141593,-0.030883,0,-1.593088,Cruise,traj_vel,-0.247068,2.471506,-0.150000,-0.204483,2.117023,1.911678,0.000000,8.000,2.000,1,0
469,2345,right_shoulder_pitch,1.593088,0.000000,1.561704,-0.100000,1.561704,0.000000,0.000000,-0.872665,3.141593,-0.031383,0,-1.593088,Cruise,traj_vel,-0.251068,2.471506,-0.150000,-0.203362,2.118144,1.937317,0.000000,8.000,2.000,1,0
470,2350,right_shoulder_pitch,1.592704,-0.023966,1.561204,-0.100000,1.561204,0.000000,0.000000,-0.872665,3.141593,-0.031500,0,-1.592704,Cruise,traj_vel,-0.252000,2.471527,-0.150000,-0.190539,2.130988,1.778008,-0.100000,8.000,2.000,1,0
471,2355,right_shoulder_pitch,1.593088,0.023958,1.560704,-0.100000,1.560704,0.000000,0.000000,-0.872665,3.141593,-0.032383,0,-1.593088,Cruise,traj_vel,-0.259068,2.471506,-0.150000,-0.204883,2.116623,1.834774,-0.100000,8.000,2.000,1,0
472,2360,right_shoulder_pitch,1.593088,0.000000,1.560204,-0.100000,1.560204,0.000000,0.000000,-0.872665,3.141593,-0.032883,0,-1.593088,Cruise,traj_vel,-0.263068,2.471506,-0.150000,-0.203662,2.117844,1.876888,0.000000,8.000,2.000,1,0
473,2365,right_shoulder_pitch,1.593088,0.000000,1.559704,-0.100000,1.559704,0.000000,0.000000,-0.872665,3.141593,-0.033383,0,-1.593088,Cruise,traj_vel,-0.267068,2.471506,-0.150000,-0.202747,2.118759,1.893368,0.000000,8.000,2.000,1,0
474,2370,right_shoulder_pitch,1.593088,0.000000,1.559204,-0.100000,1.559204,0.000000,0.000000,-0.872665,3.141593,-0.033883,0,-1.593088,Cruise,traj_vel,-0.271068,2.471506,-0.150000,-0.202060,2.119446,1.884212,0.000000,8.000,2.000,1,0
475,2375,right_shoulder_pitch,1.593088,0.000000,1.558704,-0.100000,1.558704,0.000000,0.000000,-0.872665,3.141593,-0.034383,0,-1.593088,Cruise,traj_vel,-0.275068,2.471506,-0.150000,-0.201545,2.119961,1.847591,0.000000,8.000,2.000,1,0
476,2380,right_shoulder_pitch,1.592704,-0.023981,1.558204,-0.100000,1.558204,0.000000,0.000000,-0.872665,3.141593,-0.034500,0,-1.592704,Cruise,traj_vel,-0.276000,2.471527,-0.150000,-0.189168,2.132358,1.818295,-0.100000,8.000,2.000,1,0
477,2385,right_shoulder_pitch,1.593088,0.023965,1.557704,-0.100000,1.557704,0.000000,0.000000,-0.872665,3.141593,-0.035383,0,-1.593088,Cruise,traj_vel,-0.283068,2.471506,-0.150000,-0.203858,2.117647,1.821957,-0.100000,8.000,2.000,1,0
478,2390,right_shoulder_pitch,1.593088,0.000000,1.557204,-0.100000,1.557204,0.000000,0.000000,-0.872665,3.141593,-0.035883,0,-1.593088,Cruise,traj_vel,-0.287068,2.471506,-0.150000,-0.202894,2.118612,1.831112,0.000000,8.000,2.000,1,0
479,2395,right_shoulder_pitch,1.593088,0.000000,1.556704,-0.100000,1.556704,0.000000,0.000000,-0.872665,3.141593,-0.036383,0,-1.593088,Cruise,traj_vel,-0.291068,2.471506,-0.150000,-0.202170,2.119335,1.823788,0.000000,8.000,2.000,1,0
480,2400,right_shoulder_pitch,1.592704,-0.023967,1.556204,-0.100000,1.556204,0.000000,0.000000,-0.872665,3.141593,-0.036500,0,-1.592704,Cruise,traj_vel,-0.292000,2.471527,-0.150000,-0.189644,2.131883,1.856747,-0.100000,8.000,2.000,1,0
481,2405,right_shoulder_pitch,1.592704,0.000000,1.555704,-0.100000,1.555704,0.000000,0.000000,-0.872665,3.141593,-0.037000,0,-1.592704,Cruise,traj_vel,-0.296000,2.471527,-0.150000,-0.192233,2.129294,1.873226,0.000000,8.000,2.000,1,0
482,2410,right_shoulder_pitch,1.592704,0.000000,1.555204,-0.100000,1.555204,0.000000,0.000000,-0.872665,3.141593,-0.037500,0,-1.592704,Cruise,traj_vel,-0.300000,2.471527,-0.150000,-0.194175,2.127352,1.810967,0.000000,8.000,2.000,1,0
483,2415,right_shoulder_pitch,1.593088,0.023966,1.554704,-0.100000,1.554704,0.000000,0.000000,-0.872665,3.141593,-0.038383,0,-1.593088,Cruise,traj_vel,-0.307068,2.471506,-0.150000,-0.207614,2.113892,1.834774,-0.100000,8.000,2.000,1,0
484,2420,right_shoulder_pitch,1.593088,0.000000,1.554204,-0.100000,1.554204,0.000000,0.000000,-0.872665,3.141593,-0.038883,0,-1.593088,Cruise,traj_vel,-0.311068,2.471506,-0.150000,-0.205711,2.115795,1.752373,0.000000,8.000,2.000,1,0
485,2425,right_shoulder_pitch,1.593088,0.000000,1.553704,-0.100000,1.553704,0.000000,0.000000,-0.872665,3.141593,-0.039383,0,-1.593088,Cruise,traj_vel,-0.315068,2.471506,-0.150000,-0.204283,2.117223,1.812798,0.000000,8.000,2.000,1,0
486,2430,right_shoulder_pitch,1.593088,0.000000,1.553204,-0.100000,1.553204,0.000000,0.000000,-0.872665,3.141593,-0.039883,0,-1.593088,Cruise,traj_vel,-0.319068,2.471506,-0.150000,-0.203212,2.118294,1.821957,0.000000,8.000,2.000,1,0
487,2435,right_shoulder_pitch,1.593088,0.000000,1.552704,-0.100000,1.552704,0.000000,0.000000,-0.872665,3.141593,-0.040383,0,-1.593088,Cruise,traj_vel,-0.323068,2.471506,-0.150000,-0.202409,2.119097,1.787163,0.000000,8.000,2.000,1,0
488,2440,right_shoulder_pitch,1.593088,0.000000,1.552204,-0.100000,1.552204,0.000000,0.000000,-0.872665,3.141593,-0.040883,0,-1.593088,Cruise,traj_vel,-0.327068,2.471506,-0.150000,-0.201807,2.119699,1.785332,0.000000,8.000,2.000,1,0
489,2445,right_shoulder_pitch,1.592704,-0.023965,1.551704,-0.100000,1.551704,0.000000,0.000000,-0.872665,3.141593,-0.041000,0,-1.592704,Cruise,traj_vel,-0.328000,2.471527,-0.150000,-0.189373,2.132154,1.867733,-0.100000,8.000,2.000,1,0
490,2450,right_shoulder_pitch,1.593088,0.023963,1.551204,-0.100000,1.551204,0.000000,0.000000,-0.872665,3.141593,-0.041883,0,-1.593088,Cruise,traj_vel,-0.335068,2.471506,-0.150000,-0.204011,2.117495,1.801811,-0.100000,8.000,2.000,1,0
491,2455,right_shoulder_pitch,1.593088,0.000000,1.550704,-0.100000,1.550704,0.000000,0.000000,-0.872665,3.141593,-0.042383,0,-1.593088,Cruise,traj_vel,-0.339068,2.471506,-0.150000,-0.203008,2.118497,1.853085,0.000000,8.000,2.000,1,0
492,2460,right_shoulder_pitch,1.592704,-0.023942,1.550204,-0.100000,1.550204,0.000000,0.000000,-0.872665,3.141593,-0.042500,0,-1.592704,Cruise,traj_vel,-0.340000,2.471527,-0.150000,-0.190285,2.131241,1.770684,-0.100000,8.000,2.000,1,0
493,2465,right_shoulder_pitch,1.593088,0.023875,1.549704,-0.100000,1.549704,0.000000,0.000000,-0.872665,3.141593,-0.043383,0,-1.593088,Cruise,traj_vel,-0.347068,2.471506,-0.150000,-0.204652,2.116854,1.719414,-0.100000,8.000,2.000,1,0
494,2470,right_shoulder_pitch,1.593088,0.000000,1.549204,-0.100000,1.549204,0.000000,0.000000,-0.872665,3.141593,-0.043883,0,-1.593088,Cruise,traj_vel,-0.351068,2.471506,-0.150000,-0.203489,2.118017,1.801811,0.000000,8.000,2.000,1,0
495,2475,right_shoulder_pitch,1.593088,0.000000,1.548704,-0.100000,1.548704,0.000000,0.000000,-0.872665,3.141593,-0.044383,0,-1.593088,Cruise,traj_vel,-0.355068,2.471506,-0.150000,-0.202617,2.118889,1.801811,0.000000,8.000,2.000,1,0
496,2480,right_shoulder_pitch,1.592704,-0.023960,1.548204,-0.100000,1.548204,0.000000,0.000000,-0.872665,3.141593,-0.044500,0,-1.592704,Cruise,traj_vel,-0.356000,2.471527,-0.150000,-0.189982,2.131544,1.699272,-0.100000,8.000,2.000,1,0
497,2485,right_shoulder_pitch,1.592704,0.000000,1.547704,-0.100000,1.547704,0.000000,0.000000,-0.872665,3.141593,-0.045000,0,-1.592704,Cruise,traj_vel,-0.360000,2.471527,-0.150000,-0.192487,2.129040,1.788994,0.000000,8.000,2.000,1,0
498,2490,right_shoulder_pitch,1.593088,0.023970,1.547204,-0.100000,1.547204,0.000000,0.000000,-0.872665,3.141593,-0.045883,0,-1.593088,Cruise,traj_vel,-0.367068,2.471506,-0.150000,-0.206350,2.115156,1.746880,-0.100000,8.000,2.000,1,0
499,2495,right_shoulder_pitch,1.593088,0.000000,1.546704,-0.100000,1.546704,0.000000,0.000000,-0.872665,3.141593,-0.046383,0,-1.593088,Cruise,traj_vel,-0.371068,2.471506,-0.150000,-0.204763,2.116743,1.798149,0.000000,8.000,2.000,1,0
500,2500,right_shoulder_pitch,1.592704,-0.023967,1.546204,-0.100000,1.546204,0.000000,0.000000,-0.872665,3.141593,-0.046500,0,-1.592704,Cruise,traj_vel,-0.372000,2.471527,-0.150000,-0.191589,2.129938,1.741387,-0.100000,8.000,2.000,1,0
501,2505,right_shoulder_pitch,1.592704,0.000000,1.545704,-0.100000,1.545704,0.000000,0.000000,-0.872665,3.141593,-0.047000,0,-1.592704,Cruise,traj_vel,-0.376000,2.471527,-0.150000,-0.193692,2.127835,1.776177,0.000000,8.000,2.000,1,0
502,2510,right_shoulder_pitch,1.593088,0.023965,1.545204,-0.100000,1.545204,0.000000,0.000000,-0.872665,3.141593,-0.047883,0,-1.593088,Cruise,traj_vel,-0.383068,2.471506,-0.150000,-0.207251,2.114255,1.772515,-0.100000,8.000,2.000,1,0
503,2515,right_shoulder_pitch,1.592704,-0.023957,1.544704,-0.100000,1.544704,0.000000,0.000000,-0.872665,3.141593,-0.048000,0,-1.592704,Cruise,traj_vel,-0.384000,2.471527,-0.150000,-0.193460,2.128067,1.708428,-0.100000,8.000,2.000,1,0
504,2520,right_shoulder_pitch,1.592704,0.000000,1.544204,-0.100000,1.544204,0.000000,0.000000,-0.872665,3.141593,-0.048500,0,-1.592704,Cruise,traj_vel,-0.388000,2.471527,-0.150000,-0.195095,2.126432,1.772515,0.000000,8.000,2.000,1,0
505,2525,right_shoulder_pitch,1.592704,0.000000,1.543704,-0.100000,1.543704,0.000000,0.000000,-0.872665,3.141593,-0.049000,0,-1.592704,Cruise,traj_vel,-0.392000,2.471527,-0.150000,-0.196321,2.125206,1.790825,0.000000,8.000,2.000,1,0
506,2530,right_shoulder_pitch,1.592704,0.000000,1.543204,-0.100000,1.543204,0.000000,0.000000,-0.872665,3.141593,-0.049500,0,-1.592704,Cruise,traj_vel,-0.396000,2.471527,-0.150000,-0.197241,2.124286,1.730400,0.000000,8.000,2.000,1,0
507,2535,right_shoulder_pitch,1.592704,0.000000,1.542704,-0.100000,1.542704,0.000000,0.000000,-0.872665,3.141593,-0.050000,1,-1.592704,Cruise,traj_vel,-0.400000,2.471527,-0.150000,-0.197931,2.123596,1.701103,0.000000,8.000,2.000,1,0
508,2540,right_shoulder_pitch,1.593088,0.023979,1.592588,-0.100000,1.563088,0.000000,0.000000,-0.872665,3.141593,-0.030000,0,-1.593088,Cruise,traj_vel,-0.240000,2.471506,-0.150000,-0.210438,2.111068,1.701103,-0.100000,8.000,2.000,1,0
509,2545,right_shoulder_pitch,1.592704,-0.023965,1.592088,-0.100000,1.562704,0.000000,0.000000,-0.872665,3.141593,-0.030000,0,-1.592704,Cruise,traj_vel,-0.240000,2.471527,-0.150000,-0.195845,2.125681,1.790825,-0.100000,8.000,2.000,1,0
510,2550,right_shoulder_pitch,1.593088,0.023976,1.591588,-0.100000,1.563088,0.000000,0.000000,-0.872665,3.141593,-0.030000,0,-1.593088,Cruise,traj_vel,-0.240000,2.471506,-0.150000,-0.208872,2.112634,1.873226,-0.100000,8.000,2.000,1,0
511,2555,right_shoulder_pitch,1.593088,0.000000,1.591088,-0.100000,1.563088,0.000000,0.000000,-0.872665,3.141593,-0.030000,0,-1.593088,Cruise,traj_vel,-0.240000,2.471506,-0.150000,-0.206654,2.114852,1.891537,0.000000,8.000,2.000,1,0
512,2560,right_shoulder_pitch,1.593088,0.000000,1.590588,-0.100000,1.563088,0.000000,0.000000,-0.872665,3.141593,-0.030000,0,-1.593088,Cruise,traj_vel,-0.240000,2.471506,-0.150000,-0.204990,2.116515,1.900692,0.000000,8.000,2.000,1,0
513,2565,right_shoulder_pitch,1.592704,-0.023952,1.590088,-0.100000,1.562704,0.000000,0.000000,-0.872665,3.141593,-0.030000,0,-1.592704,Cruise,traj_vel,-0.240000,2.471527,-0.150000,-0.191767,2.129760,1.827450,-0.100000,8.000,2.000,1,0
514,2570,right_shoulder_pitch,1.592704,0.000000,1.589588,-0.100000,1.562704,0.000000,0.000000,-0.872665,3.141593,-0.030000,0,-1.592704,Cruise,traj_vel,-0.240000,2.471527,-0.150000,-0.193825,2.127702,1.904354,0.000000,8.000,2.000,1,0
515,2575,right_shoulder_pitch,1.592704,0.000000,1.589088,-0.100000,1.562704,0.000000,0.000000,-0.872665,3.141593,-0.030000,0,-1.592704,Cruise,traj_vel,-0.240000,2.471527,-0.150000,-0.195369,2.126158,1.898861,0.000000,8.000,2.000,1,0
516,2580,right_shoulder_pitch,1.593088,0.023964,1.588588,-0.100000,1.563088,0.000000,0.000000,-0.872665,3.141593,-0.030000,0,-1.593088,Cruise,traj_vel,-0.240000,2.471506,-0.150000,-0.208509,2.112997,1.838436,-0.100000,8.000,2.000,1,0
517,2585,right_shoulder_pitch,1.592704,-0.023972,1.588088,-0.100000,1.562704,0.000000,0.000000,-0.872665,3.141593,-0.030000,0,-1.592704,Cruise,traj_vel,-0.240000,2.471527,-0.150000,-0.194396,2.127131,1.920834,-0.100000,8.000,2.000,1,0
518,2590,right_shoulder_pitch,1.592704,0.000000,1.587588,-0.100000,1.562704,0.000000,0.000000,-0.872665,3.141593,-0.030000,0,-1.592704,Cruise,traj_vel,-0.240000,2.471527,-0.150000,-0.195797,2.125730,1.865902,0.000000,8.000,2.000,1,0
519,2595,right_shoulder_pitch,1.592704,0.000000,1.587088,-0.100000,1.562704,0.000000,0.000000,-0.872665,3.141593,-0.030000,0,-1.592704,Cruise,traj_vel,-0.240000,2.471527,-0.150000,-0.196848,2.124679,1.887875,0.000000,8.000,2.000,1,0
520,2600,right_shoulder_pitch,1.592704,0.000000,1.586588,-0.100000,1.562704,0.000000,0.000000,-0.872665,3.141593,-0.030000,0,-1.592704,Cruise,traj_vel,-0.240000,2.471527,-0.150000,-0.197636,2.123891,1.871395,0.000000,8.000,2.000,1,0
521,2605,right_shoulder_pitch,1.593088,0.023967,1.586088,-0.100000,1.563088,0.000000,0.000000,-0.872665,3.141593,-0.030000,0,-1.593088,Cruise,traj_vel,-0.240000,2.471506,-0.150000,-0.210210,2.111296,1.823788,-0.100000,8.000,2.000,1,0
522,2610,right_shoulder_pitch,1.593088,0.000000,1.585588,-0.100000,1.563088,0.000000,0.000000,-0.872665,3.141593,-0.030000,0,-1.593088,Cruise,traj_vel,-0.240000,2.471506,-0.150000,-0.207658,2.113848,1.821957,0.000000,8.000,2.000,1,0
523,2615,right_shoulder_pitch,1.593088,0.000000,1.585088,-0.100000,1.563088,0.000000,0.000000,-0.872665,3.141593,-0.030000,0,-1.593088,Cruise,traj_vel,-0.240000,2.471506,-0.150000,-0.205743,2.115763,1.929989,0.000000,8.000,2.000,1,0
524,2620,right_shoulder_pitch,1.593088,0.000000,1.584588,-0.100000,1.563088,0.000000,0.000000,-0.872665,3.141593,-0.030000,0,-1.593088,Cruise,traj_vel,-0.240000,2.471506,-0.150000,-0.204307,2.117198,1.831112,0.000000,8.000,2.000,1,0
525,2625,right_shoulder_pitch,1.592704,-0.023969,1.584088,-0.100000,1.562704,0.000000,0.000000,-0.872665,3.141593,-0.030000,0,-1.592704,Cruise,traj_vel,-0.240000,2.471527,-0.150000,-0.191246,2.130281,1.829281,-0.100000,8.000,2.000,1,0
526,2630,right_shoulder_pitch,1.592704,0.000000,1.583588,-0.100000,1.562704,0.000000,0.000000,-0.872665,3.141593,-0.030000,0,-1.592704,Cruise,traj_vel,-0.240000,2.471527,-0.150000,-0.193434,2.128092,1.897030,0.000000,8.000,2.000,1,0
527,2635,right_shoulder_pitch,1.592704,0.000000,1.583088,-0.100000,1.562704,0.000000,0.000000,-0.872665,3.141593,-0.030000,0,-1.592704,Cruise,traj_vel,-0.240000,2.471527,-0.150000,-0.195076,2.126451,1.939148,0.000000,8.000,2.000,1,0
528,2640,right_shoulder_pitch,1.593088,0.023958,1.582588,-0.100000,1.563088,0.000000,0.000000,-0.872665,3.141593,-0.030000,0,-1.593088,Cruise,traj_vel,-0.240000,2.471506,-0.150000,-0.208286,2.113220,1.886044,-0.100000,8.000,2.000,1,0
529,2645,right_shoulder_pitch,1.592704,-0.023982,1.582088,-0.100000,1.562704,0.000000,0.000000,-0.872665,3.141593,-0.030000,0,-1.592704,Cruise,traj_vel,-0.240000,2.471527,-0.150000,-0.194223,2.127304,1.913509,-0.100000,8.000,2.000,1,0
530,2650,right_shoulder_pitch,1.592704,0.000000,1.581588,-0.100000,1.562704,0.000000,0.000000,-0.872665,3.141593,-0.030000,0,-1.592704,Cruise,traj_vel,-0.240000,2.471527,-0.150000,-0.195667,2.125859,1.906185,0.000000,8.000,2.000,1,0
531,2655,right_shoulder_pitch,1.593088,0.023968,1.581088,-0.100000,1.563088,0.000000,0.000000,-0.872665,3.141593,-0.030000,0,-1.593088,Cruise,traj_vel,-0.240000,2.471506,-0.150000,-0.208734,2.112771,1.902523,-0.100000,8.000,2.000,1,0
532,2660,right_shoulder_pitch,1.592704,-0.023971,1.580588,-0.100000,1.562704,0.000000,0.000000,-0.872665,3.141593,-0.030000,0,-1.592704,Cruise,traj_vel,-0.240000,2.471527,-0.150000,-0.194565,2.126961,1.931820,-0.100000,8.000,2.000,1,0
533,2665,right_shoulder_pitch,1.593088,0.023967,1.580088,-0.100000,1.563088,0.000000,0.000000,-0.872665,3.141593,-0.030000,0,-1.593088,Cruise,traj_vel,-0.240000,2.471506,-0.150000,-0.207907,2.113598,1.851254,-0.100000,8.000,2.000,1,0
534,2670,right_shoulder_pitch,1.592704,-0.023968,1.579588,-0.100000,1.562704,0.000000,0.000000,-0.872665,3.141593,-0.030000,0,-1.592704,Cruise,traj_vel,-0.240000,2.471527,-0.150000,-0.193947,2.127580,1.928158,-0.100000,8.000,2.000,1,0
535,2675,right_shoulder_pitch,1.593088,0.023969,1.579088,-0.100000,1.563088,0.000000,0.000000,-0.872665,3.141593,-0.030000,0,-1.593088,Cruise,traj_vel,-0.240000,2.471506,-0.150000,-0.207445,2.114061,1.876888,-0.100000,8.000,2.000,1,0
536,2680,right_shoulder_pitch,1.593088,0.000000,1.578588,-0.100000,1.563088,0.000000,0.000000,-0.872665,3.141593,-0.030000,0,-1.593088,Cruise,traj_vel,-0.240000,2.471506,-0.150000,-0.205583,2.115922,1.922665,0.000000,8.000,2.000,1,0
537,2685,right_shoulder_pitch,1.593088,0.000000,1.578088,-0.100000,1.563088,0.000000,0.000000,-0.872665,3.141593,-0.030000,0,-1.593088,Cruise,traj_vel,-0.240000,2.471506,-0.150000,-0.204188,2.117318,1.933655,0.000000,8.000,2.000,1,0
538,2690,right_shoulder_pitch,1.593088,0.000000,1.577588,-0.100000,1.563088,0.000000,0.000000,-0.872665,3.141593,-0.030000,0,-1.593088,Cruise,traj_vel,-0.240000,2.471506,-0.150000,-0.203141,2.118365,1.893368,0.000000,8.000,2.000,1,0
539,2695,right_shoulder_pitch,1.592704,-0.023973,1.577088,-0.100000,1.562704,0.000000,0.000000,-0.872665,3.141593,-0.030000,0,-1.592704,Cruise,traj_vel,-0.240000,2.471527,-0.150000,-0.190369,2.131158,1.871395,-0.100000,8.000,2.000,1,0
540,2700,right_shoulder_pitch,1.593088,0.023969,1.576588,-0.100000,1.563088,0.000000,0.000000,-0.872665,3.141593,-0.030000,0,-1.593088,Cruise,traj_vel,-0.240000,2.471506,-0.150000,-0.204761,2.116745,1.904354,-0.100000,8.000,2.000,1,0
541,2705,right_shoulder_pitch,1.593088,0.000000,1.576088,-0.100000,1.563088,0.000000,0.000000,-0.872665,3.141593,-0.030000,0,-1.593088,Cruise,traj_vel,-0.240000,2.471506,-0.150000,-0.203571,2.117935,1.889706,0.000000,8.000,2.000,1,0
542,2710,right_shoulder_pitch,1.593088,0.000000,1.575588,-0.100000,1.563088,0.000000,0.000000,-0.872665,3.141593,-0.030000,0,-1.593088,Cruise,traj_vel,-0.240000,2.471506,-0.150000,-0.202678,2.118828,1.858578,0.000000,8.000,2.000,1,0
543,2715,right_shoulder_pitch,1.593088,0.000000,1.575088,-0.100000,1.563088,0.000000,0.000000,-0.872665,3.141593,-0.030000,0,-1.593088,Cruise,traj_vel,-0.240000,2.471506,-0.150000,-0.202009,2.119497,1.897030,0.000000,8.000,2.000,1,0
544,2720,right_shoulder_pitch,1.593088,0.000000,1.574588,-0.100000,1.563088,0.000000,0.000000,-0.872665,3.141593,-0.030000,0,-1.593088,Cruise,traj_vel,-0.240000,2.471506,-0.150000,-0.201506,2.119999,1.917171,0.000000,8.000,2.000,1,0
545,2725,right_shoulder_pitch,1.592704,-0.023957,1.574088,-0.100000,1.562704,0.000000,0.000000,-0.872665,3.141593,-0.030000,0,-1.592704,Cruise,traj_vel,-0.240000,2.471527,-0.150000,-0.189152,2.132375,1.887875,-0.100000,8.000,2.000,1,0
546,2730,right_shoulder_pitch,1.592704,0.000000,1.573588,-0.100000,1.562704,0.000000,0.000000,-0.872665,3.141593,-0.030000,0,-1.592704,Cruise,traj_vel,-0.240000,2.471527,-0.150000,-0.191864,2.129663,1.865902,0.000000,8.000,2.000,1,0
547,2735,right_shoulder_pitch,1.593088,0.023965,1.573088,-0.100000,1.563088,0.000000,0.000000,-0.872665,3.141593,-0.030000,0,-1.593088,Cruise,traj_vel,-0.240000,2.471506,-0.150000,-0.205880,2.115626,1.882381,-0.100000,8.000,2.000,1,0
548,2740,right_shoulder_pitch,1.593088,0.000000,1.572588,-0.100000,1.563088,0.000000,0.000000,-0.872665,3.141593,-0.030000,0,-1.593088,Cruise,traj_vel,-0.240000,2.471506,-0.150000,-0.204410,2.117096,1.895199,0.000000,8.000,2.000,1,0
549,2745,right_shoulder_pitch,1.593088,0.000000,1.572088,-0.100000,1.563088,0.000000,0.000000,-0.872665,3.141593,-0.030000,0,-1.593088,Cruise,traj_vel,-0.240000,2.471506,-0.150000,-0.203308,2.118198,1.908016,0.000000,8.000,2.000,1,0
550,2750,right_shoulder_pitch,1.593088,0.000000,1.571588,-0.100000,1.563088,0.000000,0.000000,-0.872665,3.141593,-0.030000,0,-1.593088,Cruise,traj_vel,-0.240000,2.471506,-0.150000,-0.202481,2.119025,1.898861,0.000000,8.000,2.000,1,0
551,2755,right_shoulder_pitch,1.593088,0.000000,1.571088,-0.100000,1.563088,0.000000,0.000000,-0.872665,3.141593,-0.030000,0,-1.593088,Cruise,traj_vel,-0.240000,2.471506,-0.150000,-0.201861,2.119645,1.869564,0.000000,8.000,2.000,1,0
552,2760,right_shoulder_pitch,1.592704,-0.023970,1.570588,-0.100000,1.562704,0.000000,0.000000,-0.872665,3.141593,-0.030000,0,-1.592704,Cruise,traj_vel,-0.240000,2.471527,-0.150000,-0.189410,2.132116,1.862240,-0.100000,8.000,2.000,1,0
553,2765,right_shoulder_pitch,1.593088,0.023972,1.570088,-0.100000,1.563088,0.000000,0.000000,-0.872665,3.141593,-0.030000,0,-1.593088,Cruise,traj_vel,-0.240000,2.471506,-0.150000,-0.204044,2.117462,1.889706,-0.100000,8.000,2.000,1,0
554,2770,right_shoulder_pitch,1.593088,0.000000,1.569588,-0.100000,1.563088,0.000000,0.000000,-0.872665,3.141593,-0.030000,0,-1.593088,Cruise,traj_vel,-0.240000,2.471506,-0.150000,-0.203033,2.118473,1.926327,0.000000,8.000,2.000,1,0
555,2775,right_shoulder_pitch,1.593088,0.000000,1.569088,-0.100000,1.563088,0.000000,0.000000,-0.872665,3.141593,-0.030000,0,-1.593088,Cruise,traj_vel,-0.240000,2.471506,-0.150000,-0.202275,2.119231,1.904354,0.000000,8.000,2.000,1,0
556,2780,right_shoulder_pitch,1.593088,0.000000,1.568588,-0.100000,1.563088,0.000000,0.000000,-0.872665,3.141593,-0.030000,0,-1.593088,Cruise,traj_vel,-0.240000,2.471506,-0.150000,-0.201706,2.119800,1.869564,0.000000,8.000,2.000,1,0
557,2785,right_shoulder_pitch,1.593088,0.000000,1.568088,-0.100000,1.563088,0.000000,0.000000,-0.872665,3.141593,-0.030000,0,-1.593088,Cruise,traj_vel,-0.240000,2.471506,-0.150000,-0.201279,2.120226,1.878719,0.000000,8.000,2.000,1,0
558,2790,right_shoulder_pitch,1.593088,0.000000,1.567588,-0.100000,1.563088,0.000000,0.000000,-0.872665,3.141593,-0.030000,0,-1.593088,Cruise,traj_vel,-0.240000,2.471506,-0.150000,-0.200960,2.120546,1.909847,0.000000,8.000,2.000,1,0
559,2795,right_shoulder_pitch,1.593088,0.000000,1.567088,-0.100000,1.563088,0.000000,0.000000,-0.872665,3.141593,-0.030000,0,-1.593088,Cruise,traj_vel,-0.240000,2.471506,-0.150000,-0.200720,2.120786,1.818295,0.000000,8.000,2.000,1,0
560,2800,right_shoulder_pitch,1.593088,0.000000,1.566588,-0.100000,1.563088,0.000000,0.000000,-0.872665,3.141593,-0.030000,0,-1.593088,Cruise,traj_vel,-0.240000,2.471506,-0.150000,-0.200540,2.120966,1.836605,0.000000,8.000,2.000,1,0
561,2805,right_shoulder_pitch,1.593088,0.000000,1.566088,-0.100000,1.563088,0.000000,0.000000,-0.872665,3.141593,-0.030000,0,-1.593088,Cruise,traj_vel,-0.240000,2.471506,-0.150000,-0.200405,2.121101,1.931820,0.000000,8.000,2.000,1,0
562,2810,right_shoulder_pitch,1.593088,0.000000,1.565588,-0.100000,1.563088,0.000000,0.000000,-0.872665,3.141593,-0.030000,0,-1.593088,Cruise,traj_vel,-0.240000,2.471506,-0.150000,-0.200304,2.121202,1.919003,0.000000,8.000,2.000,1,0
563,2815,right_shoulder_pitch,1.592704,-0.023969,1.565088,-0.100000,1.562704,0.000000,0.000000,-0.872665,3.141593,-0.030000,0,-1.592704,Cruise,traj_vel,-0.240000,2.471527,-0.150000,-0.188243,2.133284,1.847591,-0.100000,8.000,2.000,1,0
564,2820,right_shoulder_pitch,1.593088,0.023971,1.564588,-0.100000,1.563088,0.000000,0.000000,-0.872665,3.141593,-0.030000,0,-1.593088,Cruise,traj_vel,-0.240000,2.471506,-0.150000,-0.203168,2.118338,1.937317,-0.100000,8.000,2.000,1,0
565,2825,right_shoulder_pitch,1.593088,0.000000,1.564088,-0.100000,1.563088,0.000000,0.000000,-0.872665,3.141593,-0.030000,0,-1.593088,Cruise,traj_vel,-0.240000,2.471506,-0.150000,-0.202376,2.119130,1.876888,0.000000,8.000,2.000,1,0
566,2830,right_shoulder_pitch,1.593088,0.000000,1.563588,-0.100000,1.563088,0.000000,0.000000,-0.872665,3.141593,-0.030000,0,-1.593088,Cruise,traj_vel,-0.240000,2.471506,-0.150000,-0.201782,2.119724,1.893368,0.000000,8.000,2.000,1,0
567,2835,right_shoulder_pitch,1.593088,0.000000,1.563088,-0.100000,1.563088,0.000000,0.000000,-0.872665,3.141593,-0.030000,0,-1.593088,Cruise,traj_vel,-0.240000,2.471506,-0.150000,-0.201336,2.120169,1.831112,0.000000,8.000,2.000,1,0
568,2840,right_shoulder_pitch,1.593088,0.000000,1.562588,-0.100000,1.562588,0.000000,0.000000,-0.872665,3.141593,-0.030500,0,-1.593088,Cruise,traj_vel,-0.244000,2.471506,-0.150000,-0.201002,2.120504,1.812798,0.000000,8.000,2.000,1,0
569,2845,right_shoulder_pitch,1.593088,0.000000,1.562088,-0.100000,1.562088,0.000000,0.000000,-0.872665,3.141593,-0.031000,0,-1.593088,Cruise,traj_vel,-0.248000,2.471506,-0.150000,-0.200752,2.120754,1.887875,0.000000,8.000,2.000,1,0
570,2850,right_shoulder_pitch,1.593088,0.000000,1.561588,-0.100000,1.561588,0.000000,0.000000,-0.872665,3.141593,-0.031500,0,-1.593088,Cruise,traj_vel,-0.252000,2.471506,-0.150000,-0.200564,2.120942,1.895199,0.000000,8.000,2.000,1,0
571,2855,right_shoulder_pitch,1.593088,0.000000,1.561088,-0.100000,1.561088,0.000000,0.000000,-0.872665,3.141593,-0.032000,0,-1.593088,Cruise,traj_vel,-0.256000,2.471506,-0.150000,-0.200423,2.121083,1.854916,0.000000,8.000,2.000,1,0
572,2860,right_shoulder_pitch,1.593088,0.000000,1.560588,-0.100000,1.560588,0.000000,0.000000,-0.872665,3.141593,-0.032500,0,-1.593088,Cruise,traj_vel,-0.260000,2.471506,-0.150000,-0.200317,2.121189,1.867733,0.000000,8.000,2.000,1,0
573,2865,right_shoulder_pitch,1.593088,0.000000,1.560088,-0.100000,1.560088,0.000000,0.000000,-0.872665,3.141593,-0.033000,0,-1.593088,Cruise,traj_vel,-0.264000,2.471506,-0.150000,-0.200238,2.121268,1.887875,0.000000,8.000,2.000,1,0
574,2870,right_shoulder_pitch,1.593088,0.000000,1.559588,-0.100000,1.559588,0.000000,0.000000,-0.872665,3.141593,-0.033500,0,-1.593088,Cruise,traj_vel,-0.268000,2.471506,-0.150000,-0.200178,2.121327,1.887875,0.000000,8.000,2.000,1,0
575,2875,right_shoulder_pitch,1.593088,0.000000,1.559088,-0.100000,1.559088,0.000000,0.000000,-0.872665,3.141593,-0.034000,0,-1.593088,Cruise,traj_vel,-0.272000,2.471506,-0.150000,-0.200134,2.121372,1.940979,0.000000,8.000,2.000,1,0
576,2880,right_shoulder_pitch,1.592704,-0.023971,1.558588,-0.100000,1.558588,0.000000,0.000000,-0.872665,3.141593,-0.034117,0,-1.592704,Cruise,traj_vel,-0.272932,2.471527,-0.150000,-0.188115,2.133412,1.849422,-0.100000,8.000,2.000,1,0
577,2885,right_shoulder_pitch,1.593088,0.023964,1.558088,-0.100000,1.558088,0.000000,0.000000,-0.872665,3.141593,-0.035000,0,-1.593088,Cruise,traj_vel,-0.280000,2.471506,-0.150000,-0.203068,2.118438,1.869564,-0.100000,8.000,2.000,1,0
578,2890,right_shoulder_pitch,1.592704,-0.023967,1.557588,-0.100000,1.557588,0.000000,0.000000,-0.872665,3.141593,-0.035117,0,-1.592704,Cruise,traj_vel,-0.280932,2.471527,-0.150000,-0.190318,2.131209,1.829281,-0.100000,8.000,2.000,1,0
579,2895,right_shoulder_pitch,1.592704,0.000000,1.557088,-0.100000,1.557088,0.000000,0.000000,-0.872665,3.141593,-0.035617,0,-1.592704,Cruise,traj_vel,-0.284932,2.471527,-0.150000,-0.192738,2.128789,1.862240,0.000000,8.000,2.000,1,0
580,2900,right_shoulder_pitch,1.593088,0.023963,1.556588,-0.100000,1.556588,0.000000,0.000000,-0.872665,3.141593,-0.036500,0,-1.593088,Cruise,traj_vel,-0.292000,2.471506,-0.150000,-0.206535,2.114971,1.810967,-0.100000,8.000,2.000,1,0
581,2905,right_shoulder_pitch,1.593088,0.000000,1.556088,-0.100000,1.556088,0.000000,0.000000,-0.872665,3.141593,-0.037000,0,-1.593088,Cruise,traj_vel,-0.296000,2.471506,-0.150000,-0.204901,2.116604,1.867733,0.000000,8.000,2.000,1,0
582,2910,right_shoulder_pitch,1.593088,0.000000,1.555588,-0.100000,1.555588,0.000000,0.000000,-0.872665,3.141593,-0.037500,0,-1.593088,Cruise,traj_vel,-0.300000,2.471506,-0.150000,-0.203676,2.117830,1.787163,0.000000,8.000,2.000,1,0
583,2915,right_shoulder_pitch,1.593088,0.000000,1.555088,-0.100000,1.555088,0.000000,0.000000,-0.872665,3.141593,-0.038000,0,-1.593088,Cruise,traj_vel,-0.304000,2.471506,-0.150000,-0.202757,2.118749,1.787163,0.000000,8.000,2.000,1,0
584,2920,right_shoulder_pitch,1.593088,0.000000,1.554588,-0.100000,1.554588,0.000000,0.000000,-0.872665,3.141593,-0.038500,0,-1.593088,Cruise,traj_vel,-0.308000,2.471506,-0.150000,-0.202068,2.119438,1.818295,0.000000,8.000,2.000,1,0
585,2925,right_shoulder_pitch,1.592704,-0.023964,1.554088,-0.100000,1.554088,0.000000,0.000000,-0.872665,3.141593,-0.038617,0,-1.592704,Cruise,traj_vel,-0.308932,2.471527,-0.150000,-0.189569,2.131958,1.834774,-0.100000,8.000,2.000,1,0
586,2930,right_shoulder_pitch,1.593088,0.023970,1.553588,-0.100000,1.553588,0.000000,0.000000,-0.872665,3.141593,-0.039500,0,-1.593088,Cruise,traj_vel,-0.316000,2.471506,-0.150000,-0.204162,2.117344,1.900692,-0.100000,8.000,2.000,1,0
587,2935,right_shoulder_pitch,1.593088,0.000000,1.553088,-0.100000,1.553088,0.000000,0.000000,-0.872665,3.141593,-0.040000,0,-1.593088,Cruise,traj_vel,-0.320000,2.471506,-0.150000,-0.203121,2.118385,1.842098,0.000000,8.000,2.000,1,0
588,2940,right_shoulder_pitch,1.593088,0.000000,1.552588,-0.100000,1.552588,0.000000,0.000000,-0.872665,3.141593,-0.040500,0,-1.593088,Cruise,traj_vel,-0.324000,2.471506,-0.150000,-0.202341,2.119165,1.757866,0.000000,8.000,2.000,1,0
589,2945,right_shoulder_pitch,1.592704,-0.023977,1.552088,-0.100000,1.552088,0.000000,0.000000,-0.872665,3.141593,-0.040617,0,-1.592704,Cruise,traj_vel,-0.324932,2.471527,-0.150000,-0.189767,2.131760,1.840267,-0.100000,8.000,2.000,1,0
590,2950,right_shoulder_pitch,1.593088,0.023961,1.551588,-0.100000,1.551588,0.000000,0.000000,-0.872665,3.141593,-0.041500,0,-1.593088,Cruise,traj_vel,-0.332000,2.471506,-0.150000,-0.204306,2.117200,1.810967,-0.100000,8.000,2.000,1,0
591,2955,right_shoulder_pitch,1.592704,-0.023975,1.551088,-0.100000,1.551088,0.000000,0.000000,-0.872665,3.141593,-0.041617,0,-1.592704,Cruise,traj_vel,-0.332932,2.471527,-0.150000,-0.191242,2.130285,1.836605,-0.100000,8.000,2.000,1,0
592,2960,right_shoulder_pitch,1.592704,0.000000,1.550588,-0.100000,1.550588,0.000000,0.000000,-0.872665,3.141593,-0.042117,0,-1.592704,Cruise,traj_vel,-0.336932,2.471527,-0.150000,-0.193432,2.128095,1.776177,0.000000,8.000,2.000,1,0
593,2965,right_shoulder_pitch,1.592704,0.000000,1.550088,-0.100000,1.550088,0.000000,0.000000,-0.872665,3.141593,-0.042617,0,-1.592704,Cruise,traj_vel,-0.340932,2.471527,-0.150000,-0.195074,2.126453,1.836605,0.000000,8.000,2.000,1,0
594,2970,right_shoulder_pitch,1.593088,0.023972,1.549588,-0.100000,1.549588,0.000000,0.000000,-0.872665,3.141593,-0.043500,0,-1.593088,Cruise,traj_vel,-0.348000,2.471506,-0.150000,-0.208291,2.113215,1.834774,-0.100000,8.000,2.000,1,0
595,2975,right_shoulder_pitch,1.592704,-0.023963,1.549088,-0.100000,1.549088,0.000000,0.000000,-0.872665,3.141593,-0.043617,0,-1.592704,Cruise,traj_vel,-0.348932,2.471527,-0.150000,-0.194237,2.127290,1.765190,-0.100000,8.000,2.000,1,0
596,2980,right_shoulder_pitch,1.592704,0.000000,1.548588,-0.100000,1.548588,0.000000,0.000000,-0.872665,3.141593,-0.044117,0,-1.592704,Cruise,traj_vel,-0.352932,2.471527,-0.150000,-0.195678,2.125849,1.783501,0.000000,8.000,2.000,1,0
597,2985,right_shoulder_pitch,1.592704,0.000000,1.548088,-0.100000,1.548088,0.000000,0.000000,-0.872665,3.141593,-0.044617,0,-1.592704,Cruise,traj_vel,-0.356932,2.471527,-0.150000,-0.196758,2.124768,1.783501,0.000000,8.000,2.000,1,0
598,2990,right_shoulder_pitch,1.593088,0.023973,1.547588,-0.100000,1.547588,0.000000,0.000000,-0.872665,3.141593,-0.045500,0,-1.593088,Cruise,traj_vel,-0.364000,2.471506,-0.150000,-0.209555,2.111950,1.739556,-0.100000,8.000,2.000,1,0
599,2995,right_shoulder_pitch,1.592704,-0.023965,1.547088,-0.100000,1.547088,0.000000,0.000000,-0.872665,3.141593,-0.045617,0,-1.592704,Cruise,traj_vel,-0.364932,2.471527,-0.150000,-0.195184,2.126343,1.820126,-0.100000,8.000,2.000,1,0
600,3000,right_shoulder_pitch,1.593088,0.023968,1.546588,-0.100000,1.546588,0.000000,0.000000,-0.872665,3.141593,-0.046500,0,-1.593088,Cruise,traj_vel,-0.372000,2.471506,-0.150000,-0.208372,2.113134,1.827450,-0.100000,8.000,2.000,1,0
601,3005,right_shoulder_pitch,1.593088,0.000000,1.546088,-0.100000,1.546088,0.000000,0.000000,-0.872665,3.141593,-0.047000,0,-1.593088,Cruise,traj_vel,-0.376000,2.471506,-0.150000,-0.206279,2.115227,1.717583,0.000000,8.000,2.000,1,0
602,3010,right_shoulder_pitch,1.592704,-0.023960,1.545588,-0.100000,1.545588,0.000000,0.000000,-0.872665,3.141593,-0.047117,0,-1.592704,Cruise,traj_vel,-0.376932,2.471527,-0.150000,-0.192729,2.128798,1.757866,-0.100000,8.000,2.000,1,0
603,3015,right_shoulder_pitch,1.592704,0.000000,1.545088,-0.100000,1.545088,0.000000,0.000000,-0.872665,3.141593,-0.047617,0,-1.592704,Cruise,traj_vel,-0.380932,2.471527,-0.150000,-0.194547,2.126980,1.790825,0.000000,8.000,2.000,1,0
604,3020,right_shoulder_pitch,1.592704,0.000000,1.544588,-0.100000,1.544588,0.000000,0.000000,-0.872665,3.141593,-0.048117,0,-1.592704,Cruise,traj_vel,-0.384932,2.471527,-0.150000,-0.195910,2.125617,1.671803,0.000000,8.000,2.000,1,0
605,3025,right_shoulder_pitch,1.592704,0.000000,1.544088,-0.100000,1.544088,0.000000,0.000000,-0.872665,3.141593,-0.048617,0,-1.592704,Cruise,traj_vel,-0.388932,2.471527,-0.150000,-0.196933,2.124594,1.765190,0.000000,8.000,2.000,1,0
606,3030,right_shoulder_pitch,1.592704,0.000000,1.543588,-0.100000,1.543588,0.000000,0.000000,-0.872665,3.141593,-0.049117,0,-1.592704,Cruise,traj_vel,-0.392932,2.471527,-0.150000,-0.197699,2.123827,1.750542,0.000000,8.000,2.000,1,0
607,3035,right_shoulder_pitch,1.592704,0.000000,1.543088,-0.100000,1.543088,0.000000,0.000000,-0.872665,3.141593,-0.049617,0,-1.592704,Cruise,traj_vel,-0.396932,2.471527,-0.150000,-0.198275,2.123252,1.772515,0.000000,8.000,2.000,1,0
608,3040,right_shoulder_pitch,1.593088,0.023972,1.592588,-0.100000,1.563088,0.000000,0.000000,-0.872665,3.141593,-0.030000,0,-1.593088,Cruise,traj_vel,-0.240000,2.471506,-0.150000,-0.210692,2.110814,1.719414,-0.100000,8.000,2.000,1,0
609,3045,right_shoulder_pitch,1.593088,0.000000,1.592088,-0.100000,1.563088,0.000000,0.000000,-0.872665,3.141593,-0.030000,0,-1.593088,Cruise,traj_vel,-0.240000,2.471506,-0.150000,-0.208019,2.113487,1.657155,0.000000,8.000,2.000,1,0
610,3050,right_shoulder_pitch,1.592704,-0.023980,1.591588,-0.100000,1.562704,0.000000,0.000000,-0.872665,3.141593,-0.030000,0,-1.592704,Cruise,traj_vel,-0.240000,2.471527,-0.150000,-0.194024,2.127502,1.814629,-0.100000,8.000,2.000,1,0
611,3055,right_shoulder_pitch,1.593088,0.023970,1.591088,-0.100000,1.563088,0.000000,0.000000,-0.872665,3.141593,-0.030000,0,-1.593088,Cruise,traj_vel,-0.240000,2.471506,-0.150000,-0.207503,2.114003,1.825619,-0.100000,8.000,2.000,1,0
612,3060,right_shoulder_pitch,1.593088,0.000000,1.590588,-0.100000,1.563088,0.000000,0.000000,-0.872665,3.141593,-0.030000,0,-1.593088,Cruise,traj_vel,-0.240000,2.471506,-0.150000,-0.205627,2.115878,1.847591,0.000000,8.000,2.000,1,0
613,3065,right_shoulder_pitch,1.593088,0.000000,1.590088,-0.100000,1.563088,0.000000,0.000000,-0.872665,3.141593,-0.030000,0,-1.593088,Cruise,traj_vel,-0.240000,2.471506,-0.150000,-0.204221,2.117285,1.862240,0.000000,8.000,2.000,1,0
614,3070,right_shoulder_pitch,1.593088,0.000000,1.589588,-0.100000,1.563088,0.000000,0.000000,-0.872665,3.141593,-0.030000,0,-1.593088,Cruise,traj_vel,-0.240000,2.471506,-0.150000,-0.203165,2.118340,1.904354,0.000000,8.000,2.000,1,0
615,3075,right_shoulder_pitch,1.592704,-0.023965,1.589088,-0.100000,1.562704,0.000000,0.000000,-0.872665,3.141593,-0.030000,0,-1.592704,Cruise,traj_vel,-0.240000,2.471527,-0.150000,-0.190392,2.131135,1.812798,-0.100000,8.000,2.000,1,0
616,3080,right_shoulder_pitch,1.593088,0.023938,1.588588,-0.100000,1.563088,0.000000,0.000000,-0.872665,3.141593,-0.030000,0,-1.593088,Cruise,traj_vel,-0.240000,2.471506,-0.150000,-0.204763,2.116743,1.939148,-0.100000,8.000,2.000,1,0
617,3085,right_shoulder_pitch,1.592704,-0.023966,1.588088,-0.100000,1.562704,0.000000,0.000000,-0.872665,3.141593,-0.030000,0,-1.592704,Cruise,traj_vel,-0.240000,2.471527,-0.150000,-0.191589,2.129938,1.803643,-0.100000,8.000,2.000,1,0
618,3090,right_shoulder_pitch,1.593088,0.023973,1.587588,-0.100000,1.563088,0.000000,0.000000,-0.872665,3.141593,-0.030000,0,-1.593088,Cruise,traj_vel,-0.240000,2.471506,-0.150000,-0.205678,2.115828,1.842098,-0.100000,8.000,2.000,1,0
619,3095,right_shoulder_pitch,1.592704,-0.023995,1.587088,-0.100000,1.562704,0.000000,0.000000,-0.872665,3.141593,-0.030000,0,-1.592704,Cruise,traj_vel,-0.240000,2.471527,-0.150000,-0.192261,2.129266,1.854916,-0.100000,8.000,2.000,1,0
620,3100,right_shoulder_pitch,1.592704,0.000000,1.586588,-0.100000,1.562704,0.000000,0.000000,-0.872665,3.141593,-0.030000,0,-1.592704,Cruise,traj_vel,-0.240000,2.471527,-0.150000,-0.194196,2.127331,1.884212,0.000000,8.000,2.000,1,0
621,3105,right_shoulder_pitch,1.593088,0.023982,1.586088,-0.100000,1.563088,0.000000,0.000000,-0.872665,3.141593,-0.030000,0,-1.593088,Cruise,traj_vel,-0.240000,2.471506,-0.150000,-0.207638,2.113868,1.884212,-0.100000,8.000,2.000,1,0
622,3110,right_shoulder_pitch,1.593088,0.000000,1.585588,-0.100000,1.563088,0.000000,0.000000,-0.872665,3.141593,-0.030000,0,-1.593088,Cruise,traj_vel,-0.240000,2.471506,-0.150000,-0.205728,2.115777,1.867733,0.000000,8.000,2.000,1,0
623,3115,right_shoulder_pitch,1.593088,0.000000,1.585088,-0.100000,1.563088,0.000000,0.000000,-0.872665,3.141593,-0.030000,0,-1.593088,Cruise,traj_vel,-0.240000,2.471506,-0.150000,-0.204296,2.117210,1.904354,0.000000,8.000,2.000,1,0
624,3120,right_shoulder_pitch,1.592704,-0.023976,1.584588,-0.100000,1.562704,0.000000,0.000000,-0.872665,3.141593,-0.030000,0,-1.592704,Cruise,traj_vel,-0.240000,2.471527,-0.150000,-0.191234,2.130293,1.854916,-0.100000,8.000,2.000,1,0
625,3125,right_shoulder_pitch,1.592704,0.000000,1.584088,-0.100000,1.562704,0.000000,0.000000,-0.872665,3.141593,-0.030000,0,-1.592704,Cruise,traj_vel,-0.240000,2.471527,-0.150000,-0.193426,2.128101,1.864071,0.000000,8.000,2.000,1,0
626,3130,right_shoulder_pitch,1.593088,0.023972,1.583588,-0.100000,1.563088,0.000000,0.000000,-0.872665,3.141593,-0.030000,0,-1.593088,Cruise,traj_vel,-0.240000,2.471506,-0.150000,-0.207055,2.114451,1.838436,-0.100000,8.000,2.000,1,0
627,3135,right_shoulder_pitch,1.593088,0.000000,1.583088,-0.100000,1.563088,0.000000,0.000000,-0.872665,3.141593,-0.030000,0,-1.593088,Cruise,traj_vel,-0.240000,2.471506,-0.150000,-0.205291,2.116215,1.820126,0.000000,8.000,2.000,1,0
628,3140,right_shoulder_pitch,1.593088,0.000000,1.582588,-0.100000,1.563088,0.000000,0.000000,-0.872665,3.141593,-0.030000,0,-1.593088,Cruise,traj_vel,-0.240000,2.471506,-0.150000,-0.203968,2.117537,1.840267,0.000000,8.000,2.000,1,0
629,3145,right_shoulder_pitch,1.593088,0.000000,1.582088,-0.100000,1.563088,0.000000,0.000000,-0.872665,3.141593,-0.030000,0,-1.593088,Cruise,traj_vel,-0.240000,2.471506,-0.150000,-0.202976,2.118529,1.887875,0.000000,8.000,2.000,1,0
630,3150,right_shoulder_pitch,1.592704,-0.023950,1.581588,-0.100000,1.562704,0.000000,0.000000,-0.872665,3.141593,-0.030000,0,-1.592704,Cruise,traj_vel,-0.240000,2.471527,-0.150000,-0.190257,2.131269,1.878719,-0.100000,8.000,2.000,1,0
631,3155,right_shoulder_pitch,1.592704,0.000000,1.581088,-0.100000,1.562704,0.000000,0.000000,-0.872665,3.141593,-0.030000,0,-1.592704,Cruise,traj_vel,-0.240000,2.471527,-0.150000,-0.192693,2.128834,1.884212,0.000000,8.000,2.000,1,0
632,3160,right_shoulder_pitch,1.593088,0.023968,1.580588,-0.100000,1.563088,0.000000,0.000000,-0.872665,3.141593,-0.030000,0,-1.593088,Cruise,traj_vel,-0.240000,2.471506,-0.150000,-0.206504,2.115002,1.845760,-0.100000,8.000,2.000,1,0
633,3165,right_shoulder_pitch,1.593088,0.000000,1.580088,-0.100000,1.563088,0.000000,0.000000,-0.872665,3.141593,-0.030000,0,-1.593088,Cruise,traj_vel,-0.240000,2.471506,-0.150000,-0.204878,2.116628,1.840267,0.000000,8.000,2.000,1,0
634,3170,right_shoulder_pitch,1.593088,0.000000,1.579588,-0.100000,1.563088,0.000000,0.000000,-0.872665,3.141593,-0.030000,0,-1.593088,Cruise,traj_vel,-0.240000,2.471506,-0.150000,-0.203658,2.117848,1.940979,0.000000,8.000,2.000,1,0
635,3175,right_shoulder_pitch,1.593088,0.000000,1.579088,-0.100000,1.563088,0.000000,0.000000,-0.872665,3.141593,-0.030000,0,-1.593088,Cruise,traj_vel,-0.240000,2.471506,-0.150000,-0.202744,2.118762,1.882381,0.000000,8.000,2.000,1,0
636,3180,right_shoulder_pitch,1.593088,0.000000,1.578588,-0.100000,1.563088,0.000000,0.000000,-0.872665,3.141593,-0.030000,0,-1.593088,Cruise,traj_vel,-0.240000,2.471506,-0.150000,-0.202058,2.119448,1.928158,0.000000,8.000,2.000,1,0
637,3185,right_shoulder_pitch,1.592704,-0.023963,1.578088,-0.100000,1.562704,0.000000,0.000000,-0.872665,3.141593,-0.030000,0,-1.592704,Cruise,traj_vel,-0.240000,2.471527,-0.150000,-0.189562,2.131965,1.787163,-0.100000,8.000,2.000,1,0
638,3190,right_shoulder_pitch,1.593088,0.023979,1.577588,-0.100000,1.563088,0.000000,0.000000,-0.872665,3.141593,-0.030000,0,-1.593088,Cruise,traj_vel,-0.240000,2.471506,-0.150000,-0.204161,2.117345,1.966614,-0.100000,8.000,2.000,1,0
639,3195,right_shoulder_pitch,1.593088,0.000000,1.577088,-0.100000,1.563088,0.000000,0.000000,-0.872665,3.141593,-0.030000,0,-1.593088,Cruise,traj_vel,-0.240000,2.471506,-0.150000,-0.203120,2.118385,1.887875,0.000000,8.000,2.000,1,0
640,3200,right_shoulder_pitch,1.592704,-0.023965,1.576588,-0.100000,1.562704,0.000000,0.000000,-0.872665,3.141593,-0.030000,0,-1.592704,Cruise,traj_vel,-0.240000,2.471527,-0.150000,-0.190358,2.131169,1.944641,-0.100000,8.000,2.000,1,0
641,3205,right_shoulder_pitch,1.593088,0.023967,1.576088,-0.100000,1.563088,0.000000,0.000000,-0.872665,3.141593,-0.030000,0,-1.593088,Cruise,traj_vel,-0.240000,2.471506,-0.150000,-0.204752,2.116754,1.871395,-0.100000,8.000,2.000,1,0
642,3210,right_shoulder_pitch,1.593088,0.000000,1.575588,-0.100000,1.563088,0.000000,0.000000,-0.872665,3.141593,-0.030000,0,-1.593088,Cruise,traj_vel,-0.240000,2.471506,-0.150000,-0.203564,2.117942,1.834774,0.000000,8.000,2.000,1,0
643,3215,right_shoulder_pitch,1.593088,0.000000,1.575088,-0.100000,1.563088,0.000000,0.000000,-0.872665,3.141593,-0.030000,0,-1.593088,Cruise,traj_vel,-0.240000,2.471506,-0.150000,-0.202673,2.118833,1.851254,0.000000,8.000,2.000,1,0
644,3220,right_shoulder_pitch,1.593088,0.000000,1.574588,-0.100000,1.563088,0.000000,0.000000,-0.872665,3.141593,-0.030000,0,-1.593088,Cruise,traj_vel,-0.240000,2.471506,-0.150000,-0.202005,2.119501,1.939148,0.000000,8.000,2.000,1,0
645,3225,right_shoulder_pitch,1.593088,0.000000,1.574088,-0.100000,1.563088,0.000000,0.000000,-0.872665,3.141593,-0.030000,0,-1.593088,Cruise,traj_vel,-0.240000,2.471506,-0.150000,-0.201504,2.120002,1.862240,0.000000,8.000,2.000,1,0
646,3230,right_shoulder_pitch,1.592704,-0.023970,1.573588,-0.100000,1.562704,0.000000,0.000000,-0.872665,3.141593,-0.030000,0,-1.592704,Cruise,traj_vel,-0.240000,2.471527,-0.150000,-0.189143,2.132384,1.920834,-0.100000,8.000,2.000,1,0
647,3235,right_shoulder_pitch,1.592704,0.000000,1.573088,-0.100000,1.562704,0.000000,0.000000,-0.872665,3.141593,-0.030000,0,-1.592704,Cruise,traj_vel,-0.240000,2.471527,-0.150000,-0.191857,2.129670,1.864071,0.000000,8.000,2.000,1,0
648,3240,right_shoulder_pitch,1.593088,0.023977,1.572588,-0.100000,1.563088,0.000000,0.000000,-0.872665,3.141593,-0.030000,0,-1.593088,Cruise,traj_vel,-0.240000,2.471506,-0.150000,-0.205881,2.115624,1.957458,-0.100000,8.000,2.000,1,0
649,3245,right_shoulder_pitch,1.593088,0.000000,1.572088,-0.100000,1.563088,0.000000,0.000000,-0.872665,3.141593,-0.030000,0,-1.593088,Cruise,traj_vel,-0.240000,2.471506,-0.150000,-0.204411,2.117095,1.906185,0.000000,8.000,2.000,1,0
650,3250,right_shoulder_pitch,1.592704,-0.023959,1.571588,-0.100000,1.562704,0.000000,0.000000,-0.872665,3.141593,-0.030000,0,-1.592704,Cruise,traj_vel,-0.240000,2.471527,-0.150000,-0.191329,2.130198,1.929989,-0.100000,8.000,2.000,1,0
651,3255,right_shoulder_pitch,1.593088,0.023973,1.571088,-0.100000,1.563088,0.000000,0.000000,-0.872665,3.141593,-0.030000,0,-1.593088,Cruise,traj_vel,-0.240000,2.471506,-0.150000,-0.205483,2.116023,1.915340,-0.100000,8.000,2.000,1,0
652,3260,right_shoulder_pitch,1.592704,-0.023971,1.570588,-0.100000,1.562704,0.000000,0.000000,-0.872665,3.141593,-0.030000,0,-1.592704,Cruise,traj_vel,-0.240000,2.471527,-0.150000,-0.192127,2.129400,1.893368,-0.100000,8.000,2.000,1,0
653,3265,right_shoulder_pitch,1.593088,0.023967,1.570088,-0.100000,1.563088,0.000000,0.000000,-0.872665,3.141593,-0.030000,0,-1.593088,Cruise,traj_vel,-0.240000,2.471506,-0.150000,-0.206078,2.115427,1.972107,-0.100000,8.000,2.000,1,0
654,3270,right_shoulder_pitch,1.593088,0.000000,1.569588,-0.100000,1.563088,0.000000,0.000000,-0.872665,3.141593,-0.030000,0,-1.593088,Cruise,traj_vel,-0.240000,2.471506,-0.150000,-0.204559,2.116947,1.840267,0.000000,8.000,2.000,1,0
655,3275,right_shoulder_pitch,1.593088,0.000000,1.569088,-0.100000,1.563088,0.000000,0.000000,-0.872665,3.141593,-0.030000,0,-1.593088,Cruise,traj_vel,-0.240000,2.471506,-0.150000,-0.203419,2.118087,1.895199,0.000000,8.000,2.000,1,0
656,3280,right_shoulder_pitch,1.593088,0.000000,1.568588,-0.100000,1.563088,0.000000,0.000000,-0.872665,3.141593,-0.030000,0,-1.593088,Cruise,traj_vel,-0.240000,2.471506,-0.150000,-0.202564,2.118941,1.897030,0.000000,8.000,2.000,1,0
657,3285,right_shoulder_pitch,1.593088,0.000000,1.568088,-0.100000,1.563088,0.000000,0.000000,-0.872665,3.141593,-0.030000,0,-1.593088,Cruise,traj_vel,-0.240000,2.471506,-0.150000,-0.201923,2.119583,1.798149,0.000000,8.000,2.000,1,0
658,3290,right_shoulder_pitch,1.592704,-0.023968,1.567588,-0.100000,1.562704,0.000000,0.000000,-0.872665,3.141593,-0.030000,0,-1.592704,Cruise,traj_vel,-0.240000,2.471527,-0.150000,-0.189458,2.132068,1.904354,-0.100000,8.000,2.000,1,0
659,3295,right_shoulder_pitch,1.593088,0.023971,1.567088,-0.100000,1.563088,0.000000,0.000000,-0.872665,3.141593,-0.030000,0,-1.593088,Cruise,traj_vel,-0.240000,2.471506,-0.150000,-0.204079,2.117427,1.886044,-0.100000,8.000,2.000,1,0
660,3300,right_shoulder_pitch,1.593088,0.000000,1.566588,-0.100000,1.563088,0.000000,0.000000,-0.872665,3.141593,-0.030000,0,-1.593088,Cruise,traj_vel,-0.240000,2.471506,-0.150000,-0.203059,2.118446,1.944641,0.000000,8.000,2.000,1,0
661,3305,right_shoulder_pitch,1.592704,-0.023970,1.566088,-0.100000,1.562704,0.000000,0.000000,-0.872665,3.141593,-0.030000,0,-1.592704,Cruise,traj_vel,-0.240000,2.471527,-0.150000,-0.190310,2.131217,1.972107,-0.100000,8.000,2.000,1,0
662,3310,right_shoulder_pitch,1.592704,0.000000,1.565588,-0.100000,1.562704,0.000000,0.000000,-0.872665,3.141593,-0.030000,0,-1.592704,Cruise,traj_vel,-0.240000,2.471527,-0.150000,-0.192732,2.128795,1.884212,0.000000,8.000,2.000,1,0
663,3315,right_shoulder_pitch,1.592704,0.000000,1.565088,-0.100000,1.562704,0.000000,0.000000,-0.872665,3.141593,-0.030000,0,-1.592704,Cruise,traj_vel,-0.240000,2.471527,-0.150000,-0.194549,2.126978,1.867733,0.000000,8.000,2.000,1,0
664,3320,right_shoulder_pitch,1.592704,0.000000,1.564588,-0.100000,1.562704,0.000000,0.000000,-0.872665,3.141593,-0.030000,0,-1.592704,Cruise,traj_vel,-0.240000,2.471527,-0.150000,-0.195912,2.125615,1.876888,0.000000,8.000,2.000,1,0
665,3325,right_shoulder_pitch,1.592704,0.000000,1.564088,-0.100000,1.562704,0.000000,0.000000,-0.872665,3.141593,-0.030000,0,-1.592704,Cruise,traj_vel,-0.240000,2.471527,-0.150000,-0.196934,2.124593,1.906185,0.000000,8.000,2.000,1,0
666,3330,right_shoulder_pitch,1.593088,0.023969,1.563588,-0.100000,1.563088,0.000000,0.000000,-0.872665,3.141593,-0.030000,0,-1.593088,Cruise,traj_vel,-0.240000,2.471506,-0.150000,-0.209685,2.111821,1.897030,-0.100000,8.000,2.000,1,0
667,3335,right_shoulder_pitch,1.592704,-0.023968,1.563088,-0.100000,1.562704,0.000000,0.000000,-0.872665,3.141593,-0.030000,0,-1.592704,Cruise,traj_vel,-0.240000,2.471527,-0.150000,-0.195280,2.126247,1.823788,-0.100000,8.000,2.000,1,0
668,3340,right_shoulder_pitch,1.592704,0.000000,1.562588,-0.100000,1.562588,0.000000,0.000000,-0.872665,3.141593,-0.030117,0,-1.592704,Cruise,traj_vel,-0.240932,2.471527,-0.150000,-0.196460,2.125067,1.873226,0.000000,8.000,2.000,1,0
669,3345,right_shoulder_pitch,1.593088,0.023973,1.562088,-0.100000,1.562088,0.000000,0.000000,-0.872665,3.141593,-0.031000,0,-1.593088,Cruise,traj_vel,-0.248000,2.471506,-0.150000,-0.209331,2.112174,1.909847,-0.100000,8.000,2.000,1,0
670,3350,right_shoulder_pitch,1.592704,-0.023961,1.561588,-0.100000,1.561588,0.000000,0.000000,-0.872665,3.141593,-0.031117,0,-1.592704,Cruise,traj_vel,-0.248932,2.471527,-0.150000,-0.195018,2.126509,1.884212,-0.100000,8.000,2.000,1,0
671,3355,right_shoulder_pitch,1.592704,0.000000,1.561088,-0.100000,1.561088,0.000000,0.000000,-0.872665,3.141593,-0.031617,0,-1.592704,Cruise,traj_vel,-0.252932,2.471527,-0.150000,-0.196263,2.125263,1.820126,0.000000,8.000,2.000,1,0
672,3360,right_shoulder_pitch,1.593088,0.023970,1.560588,-0.100000,1.560588,0.000000,0.000000,-0.872665,3.141593,-0.032500,0,-1.593088,Cruise,traj_vel,-0.260000,2.471506,-0.150000,-0.209183,2.112323,1.873226,-0.100000,8.000,2.000,1,0
673,3365,right_shoulder_pitch,1.592704,-0.023963,1.560088,-0.100000,1.560088,0.000000,0.000000,-0.872665,3.141593,-0.032617,0,-1.592704,Cruise,traj_vel,-0.260932,2.471527,-0.150000,-0.194906,2.126621,1.935486,-0.100000,8.000,2.000,1,0
674,3370,right_shoulder_pitch,1.593088,0.023973,1.559588,-0.100000,1.559588,0.000000,0.000000,-0.872665,3.141593,-0.033500,0,-1.593088,Cruise,traj_vel,-0.268000,2.471506,-0.150000,-0.208166,2.113340,1.876888,-0.100000,8.000,2.000,1,0
675,3375,right_shoulder_pitch,1.593088,0.000000,1.559088,-0.100000,1.559088,0.000000,0.000000,-0.872665,3.141593,-0.034000,0,-1.593088,Cruise,traj_vel,-0.272000,2.471506,-0.150000,-0.206124,2.115382,1.875057,0.000000,8.000,2.000,1,0
676,3380,right_shoulder_pitch,1.593088,0.000000,1.558588,-0.100000,1.558588,0.000000,0.000000,-0.872665,3.141593,-0.034500,0,-1.593088,Cruise,traj_vel,-0.276000,2.471506,-0.150000,-0.204593,2.116913,1.783501,0.000000,8.000,2.000,1,0
677,3385,right_shoulder_pitch,1.593088,0.000000,1.558088,-0.100000,1.558088,0.000000,0.000000,-0.872665,3.141593,-0.035000,0,-1.593088,Cruise,traj_vel,-0.280000,2.471506,-0.150000,-0.203445,2.118061,1.865902,0.000000,8.000,2.000,1,0
678,3390,right_shoulder_pitch,1.593088,0.000000,1.557588,-0.100000,1.557588,0.000000,0.000000,-0.872665,3.141593,-0.035500,0,-1.593088,Cruise,traj_vel,-0.284000,2.471506,-0.150000,-0.202584,2.118922,1.842098,0.000000,8.000,2.000,1,0
