tick,t_ms,joint,q,dq,q_traj,dq_traj,q_des,target,target_raw,q_env_lo,q_env_hi,lead,lead_sat,settle_error,phase,friction_mode,tau_p,tau_g,tau_f,tau_d,tau_ff_cmd,tau_meas,dq_mit,kp,kd,joint_stuck,planner_frozen
0,0,right_shoulder_pitch,0.024161,0.000000,0.024273,0.022500,0.024273,1.484000,1.484000,-0.872665,3.141593,0.000113,0,1.459839,Accelerate,traj_vel,0.000900,0.059723,0.150000,0.045000,0.254723,-0.184944,0.022500,8.000,2.000,0,0
1,5,right_shoulder_pitch,0.024544,0.011985,0.024498,0.045000,0.024544,1.484000,1.484000,-0.872665,3.141593,0.000000,0,1.459456,Accelerate,traj_vel,0.000000,0.060671,0.150000,0.084007,0.294678,-0.086060,0.045000,8.000,2.000,0,0
2,10,right_shoulder_pitch,0.024928,0.023989,0.024836,0.067500,0.024928,1.484000,1.484000,-0.872665,3.141593,0.000000,0,1.459072,Accelerate,traj_vel,0.000000,0.061618,0.150000,0.118511,0.330130,0.100712,0.067500,8.000,2.000,0,0
3,15,right_shoulder_pitch,0.025695,0.047903,0.025286,0.090000,0.025695,1.484000,1.484000,-0.872665,3.141593,0.000000,0,1.458305,Accelerate,traj_vel,0.000000,0.063514,0.150000,0.143682,0.357196,0.280159,0.090000,8.000,2.000,0,0
4,20,right_shoulder_pitch,0.026462,0.047979,0.025848,0.112500,0.026462,1.484000,1.484000,-0.872665,3.141593,0.000000,0,1.457538,Accelerate,traj_vel,0.000000,0.065409,0.150000,0.173772,0.389181,0.355235,0.112500,8.000,2.000,0,0
5,25,right_shoulder_pitch,0.027996,0.076711,0.026523,0.135000,0.027996,1.484000,1.484000,-0.872665,3.141593,0.000000,0,1.456004,Accelerate,traj_vel,0.000000,0.069200,0.150000,0.193223,0.412424,0.388194,0.135000,8.000,2.000,0,0
6,30,right_shoulder_pitch,0.029913,0.119841,0.027311,0.157500,0.029913,1.484000,1.484000,-0.872665,3.141593,0.000000,0,1.454087,Accelerate,traj_vel,0.000000,0.073938,0.150000,0.197497,0.421436,0.457778,0.157500,8.000,2.000,0,0
7,35,right_shoulder_pitch,0.031447,0.095873,0.028211,0.180000,0.031447,1.484000,1.484000,-0.872665,3.141593,0.000000,0,1.452553,Accelerate,traj_vel,0.000000,0.077729,0.150000,0.223936,0.451665,0.349742,0.180000,8.000,2.000,0,0
8,40,right_shoulder_pitch,0.033748,0.143816,0.029223,0.202500,0.033748,1.484000,1.484000,-0.872665,3.141593,0.000000,0,1.450252,Accelerate,traj_vel,0.000000,0.083414,0.150000,0.231044,0.464458,0.410171,0.202500,8.000,2.000,0,0
9,45,right_shoulder_pitch,0.036049,0.143809,0.030348,0.225000,0.036049,1.484000,1.484000,-0.872665,3.141593,0.000000,0,1.447951,Accelerate,traj_vel,0.000000,0.089099,0.150000,0.247629,0.486727,0.466933,0.225000,8.000,2.000,0,0
10,50,right_shoulder_pitch,0.038351,0.143854,0.031586,0.247500,0.038351,1.484000,1.484000,-0.872665,3.141593,0.000000,0,1.445649,Accelerate,traj_vel,0.000000,0.094785,0.150000,0.271294,0.516079,0.474257,0.247500,8.000,2.000,0,0
11,55,right_shoulder_pitch,0.040652,0.143815,0.032936,0.270000,0.040652,1.484000,1.484000,-0.872665,3.141593,0.000000,0,1.443348,Accelerate,traj_vel,0.000000,0.100469,0.150000,0.300313,0.550782,0.547503,0.270000,8.000,2.000,0,0
12,60,right_shoulder_pitch,0.042186,0.095873,0.034398,0.292500,0.042186,1.484000,1.484000,-0.872665,3.141593,0.000000,0,1.441814,Accelerate,traj_vel,0.000000,0.104258,0.150000,0.357298,0.611556,0.690329,0.292500,8.000,2.000,0,0
13,65,right_shoulder_pitch,0.042953,0.047937,0.035973,0.315000,0.042953,1.484000,1.484000,-0.872665,3.141593,0.000000,0,1.441047,Accelerate,traj_vel,0.000000,0.106152,0.150000,0.435255,0.691407,0.567645,0.315000,8.000,2.000,0,0
14,70,right_shoulder_pitch,0.043720,0.047937,0.037661,0.337500,0.043720,1.484000,1.484000,-0.872665,3.141593,0.000000,0,1.440280,Accelerate,traj_vel,0.000000,0.108047,0.150000,0.504973,0.763019,0.624408,0.337500,8.000,2.000,0,0
15,75,right_shoulder_pitch,0.044487,0.047937,0.039461,0.360000,0.044487,1.484000,1.484000,-0.872665,3.141593,0.000000,0,1.439513,Accelerate,traj_vel,0.000000,0.109941,0.150000,0.568511,0.828452,0.688498,0.360000,8.000,2.000,0,0
16,80,right_shoulder_pitch,0.044103,-0.023969,0.041373,0.382500,0.044103,1.484000,1.484000,-0.872665,3.141593,0.000000,0,1.439897,Accelerate,traj_vel,0.000000,0.108994,0.150000,0.663368,0.922361,0.761744,0.382500,8.000,2.000,0,0
17,85,right_shoulder_pitch,0.044487,0.023968,0.043398,0.405000,0.044487,1.484000,1.484000,-0.872665,3.141593,0.000000,0,1.439513,Accelerate,traj_vel,0.000000,0.109941,0.150000,0.721792,0.981733,0.822169,0.405000,8.000,2.000,0,0
18,90,right_shoulder_pitch,0.044487,0.000000,0.045536,0.427500,0.045536,1.484000,1.484000,-0.872665,3.141297,0.001049,0,1.439513,Accelerate,traj_vel,0.008392,0.109941,0.150000,0.788844,1.048785,0.842310,0.427500,8.000,2.000,0,0
19,95,right_shoulder_pitch,0.044103,-0.023969,0.047786,0.450000,0.047786,1.484000,1.484000,-0.872665,3.139750,0.003683,0,1.439897,Accelerate,traj_vel,0.029460,0.108994,0.150000,0.862367,1.121361,0.996126,0.450000,8.000,2.000,0,0
20,100,right_shoulder_pitch,0.044103,0.000000,0.050148,0.472500,0.050148,1.484000,1.484000,-0.872665,3.138147,0.006045,0,1.439897,Accelerate,traj_vel,0.048360,0.108994,0.150000,0.916775,1.175769,1.005281,0.472500,8.000,2.000,0,0
21,105,right_shoulder_pitch,0.044487,0.023969,0.052623,0.495000,0.052623,1.484000,1.484000,-0.872665,3.136487,0.008137,0,1.439513,Accelerate,traj_vel,0.065092,0.109941,0.150000,0.956847,1.216788,1.052889,0.495000,8.000,2.000,0,0
22,110,right_shoulder_pitch,0.045254,0.047937,0.055123,0.500000,0.055123,1.484000,1.484000,-0.872665,3.136111,0.009870,0,1.438746,Cruise,traj_vel,0.078956,0.111835,0.150000,0.951167,1.213002,1.111482,0.500000,8.000,2.000,0,0
23,115,right_shoulder_pitch,0.046788,0.095849,0.057623,0.500000,0.057623,1.484000,1.484000,-0.872665,3.136111,0.010836,0,1.437212,Cruise,traj_vel,0.086684,0.115623,0.150000,0.915451,1.181074,1.051058,0.500000,8.000,2.000,0,0
24,120,right_shoulder_pitch,0.049089,0.143849,0.060123,0.500000,0.060123,1.484000,1.484000,-0.872665,3.136111,0.011035,0,1.434911,Cruise,traj_vel,0.088277,0.121305,0.150000,0.864664,1.135969,1.063875,0.500000,8.000,2.000,0,0
25,125,right_shoulder_pitch,0.052540,0.215716,0.062623,0.500000,0.062623,1.484000,1.484000,-0.872665,3.136111,0.010083,0,1.431460,Cruise,traj_vel,0.080665,0.129826,0.150000,0.790640,1.070466,0.800196,0.500000,8.000,2.000,0,0
26,130,right_shoulder_pitch,0.057526,0.311591,0.065123,0.500000,0.065123,1.484000,1.484000,-0.872665,3.136111,0.007598,0,1.426474,Cruise,traj_vel,0.060781,0.142132,0.150000,0.687184,0.979317,0.910063,0.500000,8.000,2.000,0,0
27,135,right_shoulder_pitch,0.063662,0.383543,0.067623,0.500000,0.067623,1.484000,1.484000,-0.872665,3.136111,0.003961,0,1.420338,Cruise,traj_vel,0.031688,0.157275,0.150000,0.573617,0.880892,1.023592,0.500000,8.000,2.000,0,0
28,140,right_shoulder_pitch,0.070565,0.431431,0.070123,0.500000,0.070565,1.484000,1.484000,-0.872665,3.136111,0.000000,0,1.413435,Cruise,traj_vel,0.000000,0.174301,0.150000,0.464497,0.788798,0.820338,0.500000,8.000,2.000,0,0
29,145,right_shoulder_pitch,0.079002,0.527307,0.072623,0.500000,0.079002,1.484000,1.484000,-0.872665,3.136111,0.000000,0,1.404998,Cruise,traj_vel,0.000000,0.195100,0.000000,0.334720,0.529819,1.038240,0.500000,8.000,2.000,0,0
30,150,right_shoulder_pitch,0.086289,0.455446,0.075123,0.500000,0.086289,1.484000,1.484000,-0.872665,3.136111,0.000000,0,1.397711,Cruise,traj_vel,0.000000,0.213053,0.150000,0.273317,0.636370,0.450454,0.500000,8.000,2.000,0,0
31,155,right_shoulder_pitch,0.095877,0.599193,0.077623,0.500000,0.095877,1.484000,1.484000,-0.872665,3.136111,0.000000,0,1.388123,Cruise,traj_vel,0.000000,0.236656,0.000000,0.155391,0.392047,0.278327,0.500000,8.000,2.000,0,0
32,160,right_shoulder_pitch,0.104697,0.551255,0.080123,0.500000,0.104697,1.484000,1.484000,-0.872665,3.136111,0.000000,0,1.379303,Cruise,traj_vel,0.000000,0.258351,0.000000,0.090915,0.349267,0.747092,0.500000,8.000,2.000,0,0
33,165,right_shoulder_pitch,0.113135,0.527384,0.082623,0.500000,0.082623,1.484000,1.484000,-0.872665,3.136111,-0.030511,0,1.370865,Cruise,traj_vel,-0.244091,0.279087,0.000000,0.054495,0.333581,0.655539,0.500000,8.000,2.000,0,0
34,170,right_shoulder_pitch,0.120038,0.431435,0.085123,0.500000,0.085123,1.484000,1.484000,-0.872665,3.136111,-0.034914,0,1.363962,Cruise,traj_vel,-0.279314,0.296036,0.150000,0.075154,0.521189,0.377208,0.500000,8.000,2.000,0,0
35,175,right_shoulder_pitch,0.126174,0.383472,0.087623,0.500000,0.087623,1.484000,1.484000,-0.872665,3.136111,-0.038550,0,1.357826,Cruise,traj_vel,-0.308402,0.311090,0.150000,0.114629,0.575718,-0.227058,0.500000,8.000,2.000,0,0
36,180,right_shoulder_pitch,0.134611,0.527336,0.090123,0.500000,0.090123,1.484000,1.484000,-0.872665,3.136111,-0.044487,0,1.349389,Cruise,traj_vel,-0.355897,0.331769,0.000000,0.072304,0.404073,0.128177,0.500000,8.000,2.000,0,0
37,185,right_shoulder_pitch,0.141898,0.455447,0.092623,0.500000,0.092623,1.484000,1.484000,-0.872665,3.136111,-0.049274,0,1.342102,Cruise,traj_vel,-0.394194,0.349612,0.150000,0.076504,0.576117,0.585955,0.500000,8.000,2.000,0,0
38,190,right_shoulder_pitch,0.146500,0.287621,0.095123,0.500000,0.096500,1.484000,1.484000,-0.872665,3.136111,-0.050000,1,1.337500,Cruise,traj_vel,-0.400000,0.360871,0.150000,0.163568,0.674438,0.558490,0.500000,8.000,2.000,0,0
39,195,right_shoulder_pitch,0.149568,0.191750,0.097623,0.500000,0.099568,1.484000,1.484000,-0.872665,3.136111,-0.050000,1,1.334432,Cruise,traj_vel,-0.400000,0.368372,0.150000,0.276801,0.795173,0.410171,0.500000,8.000,2.000,0,0
40,200,right_shoulder_pitch,0.151485,0.119800,0.100123,0.500000,0.101485,1.484000,1.484000,-0.872665,3.136111,-0.050000,1,1.332515,Cruise,traj_vel,-0.400000,0.373059,0.150000,0.397700,0.920759,0.274665,0.500000,8.000,2.000,0,0
41,205,right_shoulder_pitch,0.154170,0.167818,0.102623,0.500000,0.104170,1.484000,1.484000,-0.872665,3.136111,-0.050000,1,1.329830,Cruise,traj_vel,-0.400000,0.379618,0.150000,0.464367,0.993984,0.292979,0.500000,8.000,2.000,0,0
42,210,right_shoulder_pitch,0.156087,0.119854,0.105123,0.500000,0.106087,1.484000,1.484000,-0.872665,3.136111,-0.050000,1,1.327913,Cruise,traj_vel,-0.400000,0.384301,0.150000,0.538348,1.072649,0.243537,0.500000,8.000,2.000,0,0
43,215,right_shoulder_pitch,0.158772,0.167780,0.107623,0.500000,0.108772,1.484000,1.484000,-0.872665,3.136111,-0.050000,1,1.325228,Cruise,traj_vel,-0.400000,0.390855,0.150000,0.569871,1.110726,0.598773,0.500000,8.000,2.000,0,0
44,220,right_shoulder_pitch,0.158772,0.000000,0.110123,0.500000,0.110123,1.484000,1.484000,-0.872665,3.136111,-0.048648,0,1.325228,Cruise,traj_vel,-0.389185,0.390855,0.150000,0.677403,1.218258,0.646384,0.500000,8.000,2.000,0,0
45,225,right_shoulder_pitch,0.159923,0.071952,0.112623,0.500000,0.112623,1.484000,1.484000,-0.872665,3.136111,-0.047299,0,1.324077,Cruise,traj_vel,-0.378394,0.393665,0.150000,0.722076,1.265741,0.514541,0.500000,8.000,2.000,0,0
46,230,right_shoulder_pitch,0.161840,0.119841,0.115123,0.500000,0.115123,1.484000,1.484000,-0.872665,3.136111,-0.046717,0,1.322160,Cruise,traj_vel,-0.373734,0.398344,0.150000,0.731637,1.279981,0.591449,0.500000,8.000,2.000,0,0
47,235,right_shoulder_pitch,0.164525,0.167779,0.117623,0.500000,0.117623,1.484000,1.484000,-0.872665,3.136111,-0.046901,0,1.319475,Cruise,traj_vel,-0.375210,0.404892,0.150000,0.714838,1.269730,0.767237,0.500000,8.000,2.000,0,0
48,240,right_shoulder_pitch,0.167976,0.215692,0.120123,0.500000,0.120123,1.484000,1.484000,-0.872665,3.136111,-0.047853,0,1.316024,Cruise,traj_vel,-0.382822,0.413307,0.150000,0.678282,1.241589,0.745261,0.500000,8.000,2.000,0,0
49,245,right_shoulder_pitch,0.172195,0.263683,0.122623,0.500000,0.122623,1.484000,1.484000,-0.872665,3.136111,-0.049571,0,1.311805,Cruise,traj_vel,-0.396569,0.423585,0.150000,0.626870,1.200455,0.943022,0.500000,8.000,2.000,0,0
50,250,right_shoulder_pitch,0.176030,0.239685,0.125123,0.500000,0.126030,1.484000,1.484000,-0.872665,3.136111,-0.050000,1,1.307970,Cruise,traj_vel,-0.400000,0.432922,0.150000,0.600310,1.183233,0.818506,0.500000,8.000,2.000,0,0
51,255,right_shoulder_pitch,0.180248,0.263654,0.127623,0.500000,0.130248,1.484000,1.484000,-0.872665,3.136111,-0.050000,1,1.303752,Cruise,traj_vel,-0.400000,0.443186,0.150000,0.568406,1.161591,1.034578,0.500000,8.000,2.000,0,0
52,260,right_shoulder_pitch,0.184084,0.239731,0.130123,0.500000,0.134084,1.484000,1.484000,-0.872665,3.136111,-0.050000,1,1.299916,Cruise,traj_vel,-0.400000,0.452511,0.150000,0.556439,1.158950,0.851465,0.500000,8.000,2.000,0,0
53,265,right_shoulder_pitch,0.187919,0.239684,0.132623,0.500000,0.137919,1.484000,1.484000,-0.872665,3.136111,-0.050000,1,1.296081,Cruise,traj_vel,-0.400000,0.461828,0.150000,0.547487,1.159315,0.580462,0.500000,8.000,2.000,0,0
54,270,right_shoulder_pitch,0.191754,0.239684,0.135123,0.500000,0.141754,1.484000,1.484000,-0.872665,3.136111,-0.050000,1,1.292246,Cruise,traj_vel,-0.400000,0.471138,0.150000,0.540773,1.161912,0.666525,0.500000,8.000,2.000,0,0
55,275,right_shoulder_pitch,0.195205,0.215716,0.137623,0.500000,0.145205,1.484000,1.484000,-0.872665,3.136111,-0.050000,1,1.288795,Cruise,traj_vel,-0.400000,0.479511,0.150000,0.547722,1.177234,0.521865,0.500000,8.000,2.000,0,0
56,280,right_shoulder_pitch,0.198657,0.215717,0.140123,0.500000,0.148657,1.484000,1.484000,-0.872665,3.136111,-0.050000,1,1.285343,Cruise,traj_vel,-0.400000,0.487879,0.150000,0.552933,1.190812,0.648215,0.500000,8.000,2.000,0,0
57,285,right_shoulder_pitch,0.202491,0.239685,0.142623,0.500000,0.152491,1.484000,1.484000,-0.872665,3.136111,-0.050000,1,1.281509,Cruise,traj_vel,-0.400000,0.497169,0.150000,0.544857,1.192027,0.624408,0.500000,8.000,2.000,0,0
58,290,right_shoulder_pitch,0.207477,0.311588,0.145123,0.500000,0.157477,1.484000,1.484000,-0.872665,3.136111,-0.050000,1,1.276523,Cruise,traj_vel,-0.400000,0.509236,0.150000,0.502849,1.162085,0.721457,0.500000,8.000,2.000,0,0
59,295,right_shoulder_pitch,0.211696,0.263700,0.147623,0.500000,0.161696,1.484000,1.484000,-0.872665,3.136111,-0.050000,1,1.272304,Cruise,traj_vel,-0.400000,0.519438,0.150000,0.495287,1.164725,1.040071,0.500000,8.000,2.000,0,0
60,300,right_shoulder_pitch,0.215531,0.239685,0.150123,0.500000,0.165531,1.484000,1.484000,-0.872665,3.136111,-0.050000,1,1.268469,Cruise,traj_vel,-0.400000,0.528703,0.150000,0.501622,1.180325,0.921049,0.500000,8.000,2.000,0,0
61,305,right_shoulder_pitch,0.218599,0.191557,0.152623,0.500000,0.168599,1.484000,1.484000,-0.872665,3.136111,-0.050000,1,1.265401,Cruise,traj_vel,-0.400000,0.536109,0.150000,0.530438,1.216548,0.882597,0.500000,8.000,2.000,0,0
62,310,right_shoulder_pitch,0.221667,0.153273,0.155123,0.500000,0.171667,1.484000,1.484000,-0.872665,3.136111,-0.050000,1,1.262333,Cruise,traj_vel,-0.400000,0.543511,0.150000,0.571192,1.264703,0.747092,0.500000,8.000,2.000,0,0
63,315,right_shoulder_pitch,0.225118,0.172629,0.157623,0.500000,0.175118,1.484000,1.484000,-0.872665,3.136111,-0.050000,1,1.258882,Cruise,traj_vel,-0.400000,0.551831,0.150000,0.592080,1.293911,0.717795,0.500000,8.000,2.000,0,0
64,320,right_shoulder_pitch,0.227803,0.134308,0.160123,0.500000,0.177803,1.484000,1.484000,-0.872665,3.136111,-0.050000,1,1.256197,Cruise,traj_vel,-0.400000,0.558298,0.150000,0.626906,1.335204,0.750754,0.500000,8.000,2.000,0,0
65,325,right_shoulder_pitch,0.231254,0.143874,0.162623,0.500000,0.181254,1.484000,1.484000,-0.872665,3.136111,-0.050000,1,1.252746,Cruise,traj_vel,-0.400000,0.566607,0.150000,0.648242,1.364849,0.595111,0.500000,8.000,2.000,0,0
66,330,right_shoulder_pitch,0.236241,0.249285,0.165123,0.500000,0.186241,1.484000,1.484000,-0.872665,3.136111,-0.050000,1,1.247759,Cruise,traj_vel,-0.400000,0.578598,0.150000,0.611539,1.340137,0.792872,0.500000,8.000,2.000,0,0
67,335,right_shoulder_pitch,0.241609,0.335620,0.167623,0.500000,0.191609,1.484000,1.484000,-0.872665,3.136111,-0.050000,1,1.242391,Cruise,traj_vel,-0.400000,0.591493,0.150000,0.540845,1.282338,0.930204,0.500000,8.000,2.000,0,0
68,340,right_shoulder_pitch,0.246211,0.287641,0.170123,0.500000,0.196211,1.484000,1.484000,-0.872665,3.136111,-0.050000,1,1.237789,Cruise,traj_vel,-0.400000,0.602533,0.150000,0.511813,1.264346,0.922880,0.500000,8.000,2.000,0,0
69,345,right_shoulder_pitch,0.250430,0.263654,0.172623,0.500000,0.200430,1.484000,1.484000,-0.872665,3.136111,-0.050000,1,1.233570,Cruise,traj_vel,-0.400000,0.612642,0.150000,0.502033,1.264674,1.131628,0.500000,8.000,2.000,0,0
70,350,right_shoulder_pitch,0.253881,0.215709,0.175123,0.500000,0.203881,1.484000,1.484000,-0.872665,3.136111,-0.050000,1,1.230119,Cruise,traj_vel,-0.400000,0.620904,0.150000,0.518670,1.289574,0.955839,0.500000,8.000,2.000,0,0
71,355,right_shoulder_pitch,0.256949,0.191754,0.177623,0.500000,0.206949,1.484000,1.484000,-0.872665,3.136111,-0.050000,1,1.227051,Cruise,traj_vel,-0.400000,0.628243,0.150000,0.543125,1.321368,0.840479,0.500000,8.000,2.000,0,0
72,360,right_shoulder_pitch,0.260018,0.191618,0.180123,0.500000,0.210018,1.484000,1.484000,-0.872665,3.136111,-0.050000,1,1.223982,Cruise,traj_vel,-0.400000,0.635577,0.150000,0.561535,1.347112,0.697653,0.500000,8.000,2.000,0,0
73,365,right_shoulder_pitch,0.263086,0.191917,0.182623,0.500000,0.213086,1.484000,1.484000,-0.872665,3.136111,-0.050000,1,1.220914,Cruise,traj_vel,-0.400000,0.642903,0.150000,0.575193,1.368096,0.765406,0.500000,8.000,2.000,0,0
74,370,right_shoulder_pitch,0.266154,0.191746,0.185123,0.500000,0.216154,1.484000,1.484000,-0.872665,3.136111,-0.050000,1,1.217846,Cruise,traj_vel,-0.400000,0.650224,0.150000,0.585522,1.385745,0.692160,0.500000,8.000,2.000,0,0
75,375,right_shoulder_pitch,0.269605,0.215717,0.187623,0.500000,0.219605,1.484000,1.484000,-0.872665,3.136111,-0.050000,1,1.214395,Cruise,traj_vel,-0.400000,0.658452,0.150000,0.581283,1.389734,0.930204,0.500000,8.000,2.000,0,0
76,380,right_shoulder_pitch,0.273440,0.239685,0.190123,0.500000,0.223440,1.484000,1.484000,-0.872665,3.136111,-0.050000,1,1.210560,Cruise,traj_vel,-0.400000,0.667585,0.150000,0.566120,1.383705,0.906401,0.500000,8.000,2.000,0,0
77,385,right_shoulder_pitch,0.278042,0.287623,0.192623,0.500000,0.228042,1.484000,1.484000,-0.872665,3.136111,-0.050000,1,1.205958,Cruise,traj_vel,-0.400000,0.678532,0.150000,0.530778,1.359310,0.990629,0.500000,8.000,2.000,0,0
78,390,right_shoulder_pitch,0.283028,0.311636,0.195123,0.500000,0.233028,1.484000,1.484000,-0.872665,3.136111,-0.050000,1,1.200972,Cruise,traj_vel,-0.400000,0.690376,0.150000,0.492266,1.332642,0.950346,0.500000,8.000,2.000,0,0
79,395,right_shoulder_pitch,0.287247,0.263654,0.197623,0.500000,0.237247,1.484000,1.484000,-0.872665,3.136111,-0.050000,1,1.196753,Cruise,traj_vel,-0.400000,0.700384,0.150000,0.487372,1.337756,1.171911,0.500000,8.000,2.000,0,0
80,400,right_shoulder_pitch,0.290315,0.191746,0.200123,0.500000,0.240315,1.484000,1.484000,-0.872665,3.136111,-0.050000,1,1.193685,Cruise,traj_vel,-0.400000,0.707654,0.150000,0.519656,1.377310,0.964994,0.500000,8.000,2.000,0,0
81,405,right_shoulder_pitch,0.294150,0.239686,0.202623,0.500000,0.244150,1.484000,1.484000,-0.872665,3.136111,-0.050000,1,1.189850,Cruise,traj_vel,-0.400000,0.716733,0.150000,0.519899,1.386632,0.827662,0.500000,8.000,2.000,0,0
82,410,right_shoulder_pitch,0.297218,0.191747,0.205123,0.500000,0.247218,1.484000,1.484000,-0.872665,3.136111,-0.050000,1,1.186782,Cruise,traj_vel,-0.400000,0.723988,0.150000,0.544051,1.418038,0.783716,0.500000,8.000,2.000,0,0
83,415,right_shoulder_pitch,0.300669,0.215715,0.207623,0.500000,0.250669,1.484000,1.484000,-0.872665,3.136111,-0.050000,1,1.183331,Cruise,traj_vel,-0.400000,0.732142,0.150000,0.550180,1.432322,0.845972,0.500000,8.000,2.000,0,0
84,420,right_shoulder_pitch,0.304121,0.215717,0.210123,0.500000,0.254121,1.484000,1.484000,-0.872665,3.136111,-0.050000,1,1.179879,Cruise,traj_vel,-0.400000,0.740287,0.150000,0.554777,1.445064,0.833155,0.500000,8.000,2.000,0,0
85,425,right_shoulder_pitch,0.307956,0.239720,0.212623,0.500000,0.257956,1.484000,1.484000,-0.872665,3.136111,-0.050000,1,1.176044,Cruise,traj_vel,-0.400000,0.749329,0.150000,0.546222,1.445551,1.047395,0.500000,8.000,2.000,0,0
86,430,right_shoulder_pitch,0.312175,0.263665,0.215123,0.500000,0.262175,1.484000,1.484000,-0.872665,3.136111,-0.050000,1,1.171825,Cruise,traj_vel,-0.400000,0.759260,0.150000,0.527834,1.437094,1.018099,0.500000,8.000,2.000,0,0
87,435,right_shoulder_pitch,0.316010,0.239684,0.217623,0.500000,0.266010,1.484000,1.484000,-0.872665,3.136111,-0.050000,1,1.167990,Cruise,traj_vel,-0.400000,0.768277,0.150000,0.526034,1.444311,1.175573,0.500000,8.000,2.000,0,0
88,440,right_shoulder_pitch,0.320228,0.263656,0.220123,0.500000,0.270228,1.484000,1.484000,-0.872665,3.136111,-0.050000,1,1.163772,Cruise,traj_vel,-0.400000,0.778182,0.150000,0.512697,1.440879,1.153600,0.500000,8.000,2.000,0,0
89,445,right_shoulder_pitch,0.323680,0.215710,0.222623,0.500000,0.273680,1.484000,1.484000,-0.872665,3.136111,-0.050000,1,1.160320,Cruise,traj_vel,-0.400000,0.786276,0.150000,0.526668,1.462944,1.078523,0.500000,8.000,2.000,0,0
90,450,right_shoulder_pitch,0.326748,0.191751,0.225123,0.500000,0.276748,1.484000,1.484000,-0.872665,3.136111,-0.050000,1,1.157252,Cruise,traj_vel,-0.400000,0.793463,0.150000,0.549125,1.492588,1.071199,0.500000,8.000,2.000,0,0
91,455,right_shoulder_pitch,0.329049,0.143807,0.227623,0.500000,0.279049,1.484000,1.484000,-0.872665,3.136111,-0.050000,1,1.154951,Cruise,traj_vel,-0.400000,0.798848,0.150000,0.589940,1.538788,0.941191,0.500000,8.000,2.000,0,0
92,460,right_shoulder_pitch,0.332117,0.191801,0.230123,0.500000,0.282117,1.484000,1.484000,-0.872665,3.136111,-0.050000,1,1.151883,Cruise,traj_vel,-0.400000,0.806023,0.150000,0.596555,1.552578,0.952177,0.500000,8.000,2.000,0,0
93,465,right_shoulder_pitch,0.334418,0.143794,0.232623,0.500000,0.284418,1.484000,1.484000,-0.872665,3.136111,-0.050000,1,1.149582,Cruise,traj_vel,-0.400000,0.811399,0.150000,0.625519,1.586918,0.968657,0.500000,8.000,2.000,0,0
94,470,right_shoulder_pitch,0.337486,0.191739,0.235123,0.500000,0.287486,1.484000,1.484000,-0.872665,3.136111,-0.050000,1,1.146514,Cruise,traj_vel,-0.400000,0.818559,0.150000,0.623270,1.591829,1.016268,0.500000,8.000,2.000,0,0
95,475,right_shoulder_pitch,0.340938,0.215744,0.237623,0.500000,0.290938,1.484000,1.484000,-0.872665,3.136111,-0.050000,1,1.143062,Cruise,traj_vel,-0.400000,0.826605,0.150000,0.609580,1.586185,1.034578,0.500000,8.000,2.000,0,0
96,480,right_shoulder_pitch,0.345923,0.311596,0.240123,0.500000,0.295923,1.484000,1.484000,-0.872665,3.136111,-0.050000,1,1.138077,Cruise,traj_vel,-0.400000,0.838210,0.150000,0.551387,1.539597,1.175573,0.500000,8.000,2.000,0,0
97,485,right_shoulder_pitch,0.349758,0.239684,0.242623,0.500000,0.299758,1.484000,1.484000,-0.872665,3.136111,-0.050000,1,1.134242,Cruise,traj_vel,-0.400000,0.847123,0.150000,0.543699,1.540821,1.336709,0.500000,8.000,2.000,0,0
98,490,right_shoulder_pitch,0.353977,0.263646,0.245123,0.500000,0.303977,1.484000,1.484000,-0.872665,3.136111,-0.050000,1,1.130023,Cruise,traj_vel,-0.400000,0.856912,0.150000,0.525951,1.532863,1.151769,0.500000,8.000,2.000,0,0
99,495,right_shoulder_pitch,0.357812,0.239740,0.247623,0.500000,0.307812,1.484000,1.484000,-0.872665,3.136111,-0.050000,1,1.126188,Cruise,traj_vel,-0.400000,0.865800,0.150000,0.524593,1.540394,1.166418,0.500000,8.000,2.000,0,0
100,500,right_shoulder_pitch,0.361264,0.215717,0.250123,0.500000,0.311264,1.484000,1.484000,-0.872665,3.136111,-0.050000,1,1.122736,Cruise,traj_vel,-0.400000,0.873787,0.150000,0.535586,1.559373,1.001619,0.500000,8.000,2.000,0,0
101,505,right_shoulder_pitch,0.364715,0.215717,0.252623,0.500000,0.314715,1.484000,1.484000,-0.872665,3.136111,-0.050000,1,1.119285,Cruise,traj_vel,-0.400000,0.881764,0.150000,0.543831,1.575595,1.010774,0.500000,8.000,2.000,0,0
102,510,right_shoulder_pitch,0.367783,0.191746,0.255123,0.500000,0.317783,1.484000,1.484000,-0.872665,3.136111,-0.050000,1,1.116217,Cruise,traj_vel,-0.400000,0.888845,0.150000,0.562000,1.600845,0.975981,0.500000,8.000,2.000,0,0
103,515,right_shoulder_pitch,0.371618,0.239686,0.257623,0.500000,0.321618,1.484000,1.484000,-0.872665,3.136111,-0.050000,1,1.112382,Cruise,traj_vel,-0.400000,0.897685,0.150000,0.551657,1.599342,1.043733,0.500000,8.000,2.000,0,0
104,520,right_shoulder_pitch,0.375070,0.215711,0.260123,0.500000,0.325070,1.484000,1.484000,-0.872665,3.136111,-0.050000,1,1.108930,Cruise,traj_vel,-0.400000,0.905630,0.150000,0.555887,1.611517,1.118810,0.500000,8.000,2.000,0,0
105,525,right_shoulder_pitch,0.379671,0.287626,0.262623,0.500000,0.329671,1.484000,1.484000,-0.872665,3.136111,-0.050000,1,1.104329,Cruise,traj_vel,-0.400000,0.916206,0.150000,0.523102,1.589308,1.109651,0.500000,8.000,2.000,0,0
106,530,right_shoulder_pitch,0.384658,0.311630,0.265123,0.500000,0.334658,1.484000,1.484000,-0.872665,3.136111,-0.050000,1,1.099342,Cruise,traj_vel,-0.400000,0.927643,0.150000,0.486512,1.564155,1.382489,0.500000,8.000,2.000,0,0
107,535,right_shoulder_pitch,0.388493,0.239689,0.267623,0.500000,0.338493,1.484000,1.484000,-0.872665,3.136111,-0.050000,1,1.095507,Cruise,traj_vel,-0.400000,0.936424,0.150000,0.495039,1.581463,1.318399,0.500000,8.000,2.000,0,0
108,540,right_shoulder_pitch,0.391944,0.215715,0.270123,0.500000,0.341944,1.484000,1.484000,-0.872665,3.136111,-0.050000,1,1.092056,Cruise,traj_vel,-0.400000,0.944315,0.150000,0.513422,1.607737,1.237832,0.500000,8.000,2.000,0,0
109,545,right_shoulder_pitch,0.395012,0.191749,0.272623,0.500000,0.345012,1.484000,1.484000,-0.872665,3.136111,-0.050000,1,1.088988,Cruise,traj_vel,-0.400000,0.951320,0.150000,0.539192,1.640511,1.085848,0.500000,8.000,2.000,0,0
110,550,right_shoulder_pitch,0.398080,0.191723,0.275123,0.500000,0.348080,1.484000,1.484000,-0.872665,3.136111,-0.050000,1,1.085920,Cruise,traj_vel,-0.400000,0.958315,0.150000,0.558533,1.666848,1.170080,0.500000,8.000,2.000,0,0
111,555,right_shoulder_pitch,0.400381,0.143821,0.277623,0.500000,0.350381,1.484000,1.484000,-0.872665,3.136111,-0.050000,1,1.083619,Cruise,traj_vel,-0.400000,0.963556,0.150000,0.596989,1.710545,1.087679,0.500000,8.000,2.000,0,0
112,560,right_shoulder_pitch,0.402682,0.143818,0.280123,0.500000,0.352682,1.484000,1.484000,-0.872665,3.136111,-0.050000,1,1.081318,Cruise,traj_vel,-0.400000,0.968792,0.150000,0.625833,1.744625,1.137121,0.500000,8.000,2.000,0,0
113,565,right_shoulder_pitch,0.405751,0.191795,0.282623,0.500000,0.355751,1.484000,1.484000,-0.872665,3.136111,-0.050000,1,1.078249,Cruise,traj_vel,-0.400000,0.975767,0.150000,0.623477,1.749244,1.076692,0.500000,8.000,2.000,0,0
114,570,right_shoulder_pitch,0.409586,0.239685,0.285123,0.500000,0.359586,1.484000,1.484000,-0.872665,3.136111,-0.050000,1,1.074414,Cruise,traj_vel,-0.400000,0.984471,0.150000,0.597765,1.732236,1.268960,0.500000,8.000,2.000,0,0
115,575,right_shoulder_pitch,0.413421,0.239684,0.287623,0.500000,0.363421,1.484000,1.484000,-0.872665,3.136111,-0.050000,1,1.070579,Cruise,traj_vel,-0.400000,0.993160,0.150000,0.578482,1.721642,1.303750,0.500000,8.000,2.000,0,0
116,580,right_shoulder_pitch,0.418023,0.287355,0.290123,0.500000,0.368023,1.484000,1.484000,-0.872665,3.136111,-0.050000,1,1.065977,Cruise,traj_vel,-0.400000,1.003567,0.150000,0.540184,1.693751,1.367841,0.500000,8.000,2.000,0,0
117,585,right_shoulder_pitch,0.423008,0.311848,0.292623,0.500000,0.373008,1.484000,1.484000,-0.872665,3.136111,-0.050000,1,1.060992,Cruise,traj_vel,-0.400000,1.014818,0.150000,0.499214,1.664032,1.446576,0.500000,8.000,2.000,0,0
118,590,right_shoulder_pitch,0.426843,0.239704,0.295123,0.500000,0.376843,1.484000,1.484000,-0.872665,3.136111,-0.050000,1,1.057157,Cruise,traj_vel,-0.400000,1.023455,0.150000,0.504558,1.678014,1.384320,0.500000,8.000,2.000,0,0
119,595,right_shoulder_pitch,0.429912,0.191794,0.297623,0.500000,0.379912,1.484000,1.484000,-0.872665,3.136111,-0.050000,1,1.054088,Cruise,traj_vel,-0.400000,1.030356,0.150000,0.532522,1.712878,1.215856,0.500000,8.000,2.000,0,0
120,600,right_shoulder_pitch,0.433363,0.215720,0.300123,0.500000,0.383363,1.484000,1.484000,-0.872665,3.136111,-0.050000,1,1.050637,Cruise,traj_vel,-0.400000,1.038106,0.150000,0.541531,1.729637,1.188390,0.500000,8.000,2.000,0,0
121,605,right_shoulder_pitch,0.436431,0.191747,0.302623,0.500000,0.386431,1.484000,1.484000,-0.872665,3.136111,-0.050000,1,1.047569,Cruise,traj_vel,-0.400000,1.044984,0.150000,0.560275,1.755259,1.182897,0.500000,8.000,2.000,0,0
122,610,right_shoulder_pitch,0.439882,0.215372,0.305123,0.500000,0.389882,1.484000,1.484000,-0.872665,3.136111,-0.050000,1,1.044118,Cruise,traj_vel,-0.400000,1.052711,0.150000,0.562520,1.765231,1.085848,0.500000,8.000,2.000,0,0
123,615,right_shoulder_pitch,0.443717,0.239126,0.307623,0.500000,0.393717,1.484000,1.484000,-0.872665,3.136111,-0.050000,1,1.040283,Cruise,traj_vel,-0.400000,1.061281,0.150000,0.552327,1.763608,1.325723,0.500000,8.000,2.000,0,0
124,620,right_shoulder_pitch,0.447552,0.240000,0.310123,0.500000,0.397552,1.484000,1.484000,-0.872665,3.136111,-0.050000,1,1.036448,Cruise,traj_vel,-0.400000,1.069835,0.150000,0.544245,1.764081,1.237832,0.500000,8.000,2.000,0,0
125,625,right_shoulder_pitch,0.452154,0.230517,0.312623,0.500000,0.402154,1.484000,1.484000,-0.872665,3.136111,-0.050000,1,1.031846,Cruise,traj_vel,-0.400000,1.080080,0.150000,0.542926,1.773006,1.364179,0.500000,8.000,2.000,0,0
126,630,right_shoulder_pitch,0.457907,0.287636,0.315123,0.500000,0.407907,1.484000,1.484000,-0.872665,3.136111,-0.050000,1,1.026093,Cruise,traj_vel,-0.400000,1.092855,0.150000,0.513377,1.756232,1.470383,0.500000,8.000,2.000,0,0
127,635,right_shoulder_pitch,0.463276,0.335662,0.317623,0.500000,0.413276,1.484000,1.484000,-0.872665,3.136111,-0.050000,1,1.020724,Cruise,traj_vel,-0.400000,1.104745,0.150000,0.467201,1.721946,1.558274,0.500000,8.000,2.000,0,0
128,640,right_shoulder_pitch,0.465961,0.167790,0.320123,0.500000,0.415961,1.484000,1.484000,-0.872665,3.136111,-0.050000,1,1.018039,Cruise,traj_vel,-0.400000,1.110678,0.150000,0.516506,1.777184,1.287271,0.500000,8.000,2.000,0,0
129,645,right_shoulder_pitch,0.469029,0.191724,0.322623,0.500000,0.419029,1.484000,1.484000,-0.872665,3.136111,-0.050000,1,1.014971,Cruise,traj_vel,-0.400000,1.117448,0.150000,0.541518,1.808966,1.226842,0.500000,8.000,2.000,0,0
130,650,right_shoulder_pitch,0.471713,0.167808,0.325123,0.500000,0.421713,1.484000,1.484000,-0.872665,3.136111,-0.050000,1,1.012287,Cruise,traj_vel,-0.400000,1.123364,0.150000,0.572234,1.845598,1.300088,0.500000,8.000,2.000,0,0
131,655,right_shoulder_pitch,0.474781,0.191744,0.327623,0.500000,0.424781,1.484000,1.484000,-0.872665,3.136111,-0.050000,1,1.009219,Cruise,traj_vel,-0.400000,1.130115,0.150000,0.583303,1.863418,1.210363,0.500000,8.000,2.000,0,0
132,660,right_shoulder_pitch,0.478233,0.215719,0.330123,0.500000,0.428233,1.484000,1.484000,-0.872665,3.136111,-0.050000,1,1.005767,Cruise,traj_vel,-0.400000,1.137697,0.150000,0.579618,1.867315,1.234170,0.500000,8.000,2.000,0,0
133,665,right_shoulder_pitch,0.482452,0.263693,0.332623,0.500000,0.432452,1.484000,1.484000,-0.872665,3.136111,-0.050000,1,1.001548,Cruise,traj_vel,-0.400000,1.146947,0.150000,0.552867,1.849814,1.475877,0.500000,8.000,2.000,0,0
134,670,right_shoulder_pitch,0.486670,0.263663,0.335123,0.500000,0.436670,1.484000,1.484000,-0.872665,3.136111,-0.050000,1,0.997330,Cruise,traj_vel,-0.400000,1.156175,0.150000,0.532819,1.838993,1.453900,0.500000,8.000,2.000,0,0
135,675,right_shoulder_pitch,0.491272,0.287606,0.337623,0.500000,0.441272,1.484000,1.484000,-0.872665,3.136111,-0.050000,1,0.992728,Cruise,traj_vel,-0.400000,1.166218,0.150000,0.505811,1.822029,1.516160,0.500000,8.000,2.000,0,0
136,680,right_shoulder_pitch,0.495874,0.287590,0.340123,0.500000,0.445874,1.484000,1.484000,-0.872665,3.136111,-0.050000,1,0.988126,Cruise,traj_vel,-0.400000,1.176237,0.150000,0.485563,1.811800,1.461225,0.500000,8.000,2.000,0,0
137,685,right_shoulder_pitch,0.499709,0.239726,0.342623,0.500000,0.449709,1.484000,1.484000,-0.872665,3.136111,-0.050000,1,0.984291,Cruise,traj_vel,-0.400000,1.184567,0.150000,0.494309,1.828876,1.420941,0.500000,8.000,2.000,0,0
138,690,right_shoulder_pitch,0.503161,0.215726,0.345123,0.500000,0.453161,1.484000,1.484000,-0.872665,3.136111,-0.050000,1,0.980839,Cruise,traj_vel,-0.400000,1.192050,0.150000,0.512869,1.854919,1.397138,0.500000,8.000,2.000,0,0
139,695,right_shoulder_pitch,0.506996,0.239702,0.347623,0.500000,0.456996,1.484000,1.484000,-0.872665,3.136111,-0.050000,1,0.977004,Cruise,traj_vel,-0.400000,1.200347,0.150000,0.514801,1.865148,1.239663,0.500000,8.000,2.000,0,0
140,700,right_shoulder_pitch,0.510448,0.215695,0.350123,0.500000,0.460448,1.484000,1.484000,-0.872665,3.136111,-0.050000,1,0.973552,Cruise,traj_vel,-0.400000,1.207799,0.150000,0.528253,1.886052,1.204870,0.500000,8.000,2.000,0,0
141,705,right_shoulder_pitch,0.514666,0.263598,0.352623,0.500000,0.464666,1.484000,1.484000,-0.872665,3.136111,-0.050000,1,0.969334,Cruise,traj_vel,-0.400000,1.216887,0.150000,0.514391,1.881278,1.475877,0.500000,8.000,2.000,0,0
142,710,right_shoulder_pitch,0.519268,0.287743,0.355123,0.500000,0.469268,1.484000,1.484000,-0.872665,3.136111,-0.050000,1,0.964732,Cruise,traj_vel,-0.400000,1.226777,0.150000,0.491922,1.868699,1.380658,0.500000,8.000,2.000,0,0
143,715,right_shoulder_pitch,0.523870,0.287585,0.357623,0.500000,0.473870,1.484000,1.484000,-0.872665,3.136111,-0.050000,1,0.960130,Cruise,traj_vel,-0.400000,1.236641,0.150000,0.475149,1.861790,1.620533,0.500000,8.000,2.000,0,0
144,720,right_shoulder_pitch,0.528089,0.263710,0.360123,0.500000,0.478089,1.484000,1.484000,-0.872665,3.136111,-0.050000,1,0.955911,Cruise,traj_vel,-0.400000,1.245662,0.150000,0.474507,1.870168,1.622365,0.500000,8.000,2.000,0,0
145,725,right_shoulder_pitch,0.531924,0.239615,0.362623,0.500000,0.481924,1.484000,1.484000,-0.872665,3.136111,-0.050000,1,0.952076,Cruise,traj_vel,-0.400000,1.253841,0.150000,0.486073,1.889914,1.430097,0.500000,8.000,2.000,0,0
146,730,right_shoulder_pitch,0.535376,0.215729,0.365123,0.500000,0.485376,1.484000,1.484000,-0.872665,3.136111,-0.050000,1,0.948624,Cruise,traj_vel,-0.400000,1.261187,0.150000,0.506690,1.917877,1.355023,0.500000,8.000,2.000,0,0
147,735,right_shoulder_pitch,0.539211,0.239761,0.367623,0.500000,0.489211,1.484000,1.484000,-0.872665,3.136111,-0.050000,1,0.944789,Cruise,traj_vel,-0.400000,1.269332,0.150000,0.510137,1.929469,1.437421,0.500000,8.000,2.000,0,0
148,740,right_shoulder_pitch,0.541895,0.167760,0.370123,0.500000,0.491895,1.484000,1.484000,-0.872665,3.136111,-0.050000,1,0.942105,Cruise,traj_vel,-0.400000,1.275022,0.150000,0.548723,1.973745,1.514329,0.500000,8.000,2.000,0,0
149,745,right_shoulder_pitch,0.544963,0.191754,0.372623,0.500000,0.494963,1.484000,1.484000,-0.872665,3.136111,-0.050000,1,0.939037,Cruise,traj_vel,-0.400000,1.281514,0.150000,0.565665,1.997179,1.245157,0.500000,8.000,2.000,0,0
150,750,right_shoulder_pitch,0.548798,0.239617,0.375123,0.500000,0.498798,1.484000,1.484000,-0.872665,3.136111,-0.050000,1,0.935202,Cruise,traj_vel,-0.400000,1.289612,0.150000,0.554440,1.994052,1.569260,0.500000,8.000,2.000,0,0
151,755,right_shoulder_pitch,0.553017,0.263663,0.377623,0.500000,0.503017,1.484000,1.484000,-0.872665,3.136111,-0.050000,1,0.930983,Cruise,traj_vel,-0.400000,1.298499,0.150000,0.533999,1.982498,1.539963,0.500000,8.000,2.000,0,0
152,760,right_shoulder_pitch,0.557619,0.287767,0.380123,0.500000,0.507619,1.484000,1.484000,-0.872665,3.136111,-0.050000,1,0.926381,Cruise,traj_vel,-0.400000,1.308166,0.150000,0.506615,1.964781,1.609547,0.500000,8.000,2.000,0,0
153,765,right_shoulder_pitch,0.562221,0.287525,0.382623,0.500000,0.512221,1.484000,1.484000,-0.872665,3.136111,-0.050000,1,0.921779,Cruise,traj_vel,-0.400000,1.317805,0.150000,0.486199,1.954004,1.810967,0.500000,8.000,2.000,0,0
154,770,right_shoulder_pitch,0.566056,0.239630,0.385123,0.500000,0.516056,1.484000,1.484000,-0.872665,3.136111,-0.050000,1,0.917944,Cruise,traj_vel,-0.400000,1.325817,0.150000,0.494834,1.970651,1.642506,0.500000,8.000,2.000,0,0
155,775,right_shoulder_pitch,0.569124,0.191809,0.387623,0.500000,0.519124,1.484000,1.484000,-0.872665,3.136111,-0.050000,1,0.914876,Cruise,traj_vel,-0.400000,1.332212,0.150000,0.525221,2.007433,1.538132,0.500000,8.000,2.000,0,0
156,780,right_shoulder_pitch,0.572576,0.215672,0.390123,0.500000,0.522576,1.484000,1.484000,-0.872665,3.136111,-0.050000,1,0.911424,Cruise,traj_vel,-0.400000,1.339391,0.150000,0.536080,2.025471,1.459394,0.500000,8.000,2.000,0,0
157,785,right_shoulder_pitch,0.576027,0.215798,0.392623,0.500000,0.526027,1.484000,1.484000,-0.872665,3.136111,-0.050000,1,0.907973,Cruise,traj_vel,-0.400000,1.346555,0.150000,0.544161,2.040716,1.409955,0.500000,8.000,2.000,0,0
158,790,right_shoulder_pitch,0.579096,0.191781,0.395123,0.500000,0.529096,1.484000,1.484000,-0.872665,3.136111,-0.050000,1,0.904904,Cruise,traj_vel,-0.400000,1.352910,0.150000,0.562230,2.065141,1.395307,0.500000,8.000,2.000,0,0
159,795,right_shoulder_pitch,0.582931,0.239696,0.397623,0.500000,0.532931,1.484000,1.484000,-0.872665,3.136111,-0.050000,1,0.901069,Cruise,traj_vel,-0.400000,1.360835,0.150000,0.551825,2.062660,1.459394,0.500000,8.000,2.000,0,0
160,800,right_shoulder_pitch,0.587149,0.263613,0.400123,0.500000,0.537149,1.484000,1.484000,-0.872665,3.136111,-0.050000,1,0.896851,Cruise,traj_vel,-0.400000,1.369529,0.150000,0.532062,2.051591,1.528977,0.500000,8.000,2.000,0,0
161,805,right_shoulder_pitch,0.592135,0.311507,0.402623,0.500000,0.542135,1.484000,1.484000,-0.872665,3.136111,-0.050000,1,0.891865,Cruise,traj_vel,-0.400000,1.379773,0.150000,0.493293,2.023066,1.704766,0.500000,8.000,2.000,0,0
162,810,right_shoulder_pitch,0.597503,0.335724,0.405123,0.500000,0.547503,1.484000,1.484000,-0.872665,3.136111,-0.050000,1,0.886497,Cruise,traj_vel,-0.400000,1.390766,0.150000,0.452107,1.992873,1.713921,0.500000,8.000,2.000,0,0
163,815,right_shoulder_pitch,0.601339,0.191739,0.407623,0.500000,0.551339,1.484000,1.484000,-0.872665,3.136111,-0.050000,1,0.882661,Cruise,traj_vel,-0.400000,1.398595,0.150000,0.493211,2.041806,1.754204,0.500000,8.000,2.000,0,0
164,820,right_shoulder_pitch,0.605941,0.287609,0.410123,0.500000,0.555941,1.484000,1.484000,-0.872665,3.136111,-0.050000,1,0.878059,Cruise,traj_vel,-0.400000,1.407961,0.150000,0.476104,2.034065,1.508836,0.500000,8.000,2.000,0,0
165,825,right_shoulder_pitch,0.609776,0.239682,0.412623,0.500000,0.559776,1.484000,1.484000,-0.872665,3.136111,-0.050000,1,0.874224,Cruise,traj_vel,-0.400000,1.415743,0.150000,0.487237,2.052980,1.426435,0.500000,8.000,2.000,0,0
166,830,right_shoulder_pitch,0.613228,0.215755,0.415123,0.500000,0.563228,1.484000,1.484000,-0.872665,3.136111,-0.050000,1,0.870772,Cruise,traj_vel,-0.400000,1.422730,0.150000,0.507550,2.080280,1.444745,0.500000,8.000,2.000,0,0
167,835,right_shoulder_pitch,0.617446,0.263628,0.417623,0.500000,0.567446,1.484000,1.484000,-0.872665,3.136111,-0.050000,1,0.866554,Cruise,traj_vel,-0.400000,1.431245,0.150000,0.498849,2.080094,1.582081,0.500000,8.000,2.000,0,0
168,840,right_shoulder_pitch,0.620897,0.215725,0.420123,0.500000,0.570897,1.484000,1.484000,-0.872665,3.136111,-0.050000,1,0.863103,Cruise,traj_vel,-0.400000,1.438194,0.150000,0.516274,2.104468,1.589406,0.500000,8.000,2.000,0,0
169,845,right_shoulder_pitch,0.625499,0.287620,0.422623,0.500000,0.575499,1.484000,1.484000,-0.872665,3.136111,-0.050000,1,0.858501,Cruise,traj_vel,-0.400000,1.447432,0.150000,0.493396,2.090827,1.642506,0.500000,8.000,2.000,0,0
170,850,right_shoulder_pitch,0.630102,0.287668,0.425123,0.500000,0.580102,1.484000,1.484000,-0.872665,3.136111,-0.050000,1,0.853898,Cruise,traj_vel,-0.400000,1.456640,0.150000,0.476213,2.082853,1.741387,0.500000,8.000,2.000,0,0
171,855,right_shoulder_pitch,0.634704,0.287643,0.427623,0.500000,0.584704,1.484000,1.484000,-0.872665,3.136111,-0.050000,1,0.849296,Cruise,traj_vel,-0.400000,1.465817,0.150000,0.463338,2.079155,1.831112,0.500000,8.000,2.000,0,0
172,860,right_shoulder_pitch,0.638539,0.239626,0.430123,0.500000,0.588539,1.484000,1.484000,-0.872665,3.136111,-0.050000,1,0.845461,Cruise,traj_vel,-0.400000,1.473440,0.150000,0.477691,2.101131,1.792656,0.500000,8.000,2.000,0,0
173,865,right_shoulder_pitch,0.641607,0.191809,0.432623,0.500000,0.591607,1.484000,1.484000,-0.872665,3.136111,-0.050000,1,0.842393,Cruise,traj_vel,-0.400000,1.479523,0.150000,0.512363,2.141887,1.563767,0.500000,8.000,2.000,0,0
174,870,right_shoulder_pitch,0.645058,0.215679,0.435123,0.500000,0.595058,1.484000,1.484000,-0.872665,3.136111,-0.050000,1,0.838942,Cruise,traj_vel,-0.400000,1.486350,0.150000,0.526433,2.162783,1.525315,0.500000,8.000,2.000,0,0
175,875,right_shoulder_pitch,0.648510,0.215713,0.437623,0.500000,0.598510,1.484000,1.484000,-0.872665,3.136111,-0.050000,1,0.835490,Cruise,traj_vel,-0.400000,1.493159,0.150000,0.536968,2.180127,1.549119,0.500000,8.000,2.000,0,0
176,880,right_shoulder_pitch,0.652346,0.239802,0.440123,0.500000,0.602346,1.484000,1.484000,-0.872665,3.136111,-0.050000,1,0.831654,Cruise,traj_vel,-0.400000,1.500705,0.150000,0.532825,2.183531,1.637013,0.500000,8.000,2.000,0,0
177,885,right_shoulder_pitch,0.656564,0.263624,0.442623,0.500000,0.606564,1.484000,1.484000,-0.872665,3.136111,-0.050000,1,0.827436,Cruise,traj_vel,-0.400000,1.508979,0.150000,0.517807,2.176786,1.790825,0.500000,8.000,2.000,0,0
178,890,right_shoulder_pitch,0.661166,0.287597,0.445123,0.500000,0.611166,1.484000,1.484000,-0.872665,3.136111,-0.050000,1,0.822834,Cruise,traj_vel,-0.400000,1.517974,0.150000,0.494556,2.162531,1.737725,0.500000,8.000,2.000,0,0
179,895,right_shoulder_pitch,0.665768,0.287614,0.447623,0.500000,0.615768,1.484000,1.484000,-0.872665,3.136111,-0.050000,1,0.818232,Cruise,traj_vel,-0.400000,1.526938,0.150000,0.477110,2.154048,1.895199,0.500000,8.000,2.000,0,0
180,900,right_shoulder_pitch,0.670370,0.287612,0.450123,0.500000,0.620370,1.484000,1.484000,-0.872665,3.136111,-0.050000,1,0.813630,Cruise,traj_vel,-0.400000,1.535868,0.150000,0.464026,2.149895,1.770684,0.500000,8.000,2.000,0,0
181,905,right_shoulder_pitch,0.674588,0.263709,0.452623,0.500000,0.624588,1.484000,1.484000,-0.872665,3.136111,-0.050000,1,0.809412,Cruise,traj_vel,-0.400000,1.544026,0.150000,0.466165,2.160192,1.739556,0.500000,8.000,2.000,0,0
182,910,right_shoulder_pitch,0.678041,0.215711,0.455123,0.500000,0.628041,1.484000,1.484000,-0.872665,3.136111,-0.050000,1,0.805959,Cruise,traj_vel,-0.400000,1.550682,0.150000,0.491768,2.192451,1.697438,0.500000,8.000,2.000,0,0
183,915,right_shoulder_pitch,0.681492,0.215772,0.457623,0.500000,0.631492,1.484000,1.484000,-0.872665,3.136111,-0.050000,1,0.802508,Cruise,traj_vel,-0.400000,1.557318,0.150000,0.510940,2.218258,1.550950,0.500000,8.000,2.000,0,0
184,920,right_shoulder_pitch,0.684943,0.214835,0.460123,0.500000,0.634943,1.484000,1.484000,-0.872665,3.136111,-0.050000,1,0.799057,Cruise,traj_vel,-0.400000,1.563935,0.150000,0.525788,2.239723,1.600392,0.500000,8.000,2.000,0,0
185,925,right_shoulder_pitch,0.689162,0.264298,0.462623,0.500000,0.639162,1.484000,1.484000,-0.872665,3.136111,-0.050000,1,0.794838,Cruise,traj_vel,-0.400000,1.571998,0.150000,0.512192,2.234190,1.768852,0.500000,8.000,2.000,0,0
186,930,right_shoulder_pitch,0.694147,0.311856,0.465123,0.500000,0.644147,1.484000,1.484000,-0.872665,3.136111,-0.050000,1,0.789853,Cruise,traj_vel,-0.400000,1.581490,0.150000,0.478216,2.209706,1.724907,0.500000,8.000,2.000,0,0
187,935,right_shoulder_pitch,0.698749,0.230107,0.467623,0.500000,0.648749,1.484000,1.484000,-0.872665,3.136111,-0.050000,1,0.785251,Cruise,traj_vel,-0.400000,1.590217,0.150000,0.493609,2.233826,1.950134,0.500000,8.000,2.000,0,0
188,940,right_shoulder_pitch,0.704119,0.268632,0.470123,0.500000,0.654119,1.484000,1.484000,-0.872665,3.136111,-0.050000,1,0.779881,Cruise,traj_vel,-0.400000,1.600358,0.150000,0.485891,2.236248,2.003235,0.500000,8.000,2.000,0,0
189,945,right_shoulder_pitch,0.709104,0.207729,0.472623,0.500000,0.659104,1.484000,1.484000,-0.872665,3.136111,-0.050000,1,0.774896,Cruise,traj_vel,-0.400000,1.609732,0.150000,0.510554,2.270285,1.701103,0.500000,8.000,2.000,0,0
190,950,right_shoulder_pitch,0.715624,0.325890,0.475123,0.500000,0.665624,1.484000,1.484000,-0.872665,3.136111,-0.050000,1,0.768376,Cruise,traj_vel,-0.400000,1.621929,0.150000,0.469970,2.241899,1.734062,0.500000,8.000,2.000,0,0
191,955,right_shoulder_pitch,0.720226,0.287612,0.477623,0.500000,0.670226,1.484000,1.484000,-0.872665,3.136111,-0.050000,1,0.763774,Cruise,traj_vel,-0.400000,1.630497,0.150000,0.458671,2.239169,1.615040,0.500000,8.000,2.000,0,0
192,960,right_shoulder_pitch,0.724061,0.239811,0.480123,0.500000,0.674061,1.484000,1.484000,-0.872665,3.136111,-0.050000,1,0.759939,Cruise,traj_vel,-0.400000,1.637613,0.150000,0.474098,2.261711,1.790825,0.500000,8.000,2.000,0,0
193,965,right_shoulder_pitch,0.729047,0.311489,0.482623,0.500000,0.679047,1.484000,1.484000,-0.872665,3.136111,-0.050000,1,0.754953,Cruise,traj_vel,-0.400000,1.646825,0.150000,0.449829,2.246654,1.759697,0.500000,8.000,2.000,0,0
194,970,right_shoulder_pitch,0.734416,0.335621,0.485123,0.500000,0.684416,1.484000,1.484000,-0.872665,3.136111,-0.050000,1,0.749584,Cruise,traj_vel,-0.400000,1.656700,0.150000,0.419561,2.226261,2.021545,0.500000,8.000,2.000,0,0
195,975,right_shoulder_pitch,0.739018,0.287568,0.487623,0.500000,0.689018,1.484000,1.484000,-0.872665,3.136111,-0.050000,1,0.744982,Cruise,traj_vel,-0.400000,1.665127,0.150000,0.420887,2.236013,2.052677,0.500000,8.000,2.000,0,0
196,980,right_shoulder_pitch,0.742469,0.215756,0.490123,0.500000,0.692469,1.484000,1.484000,-0.872665,3.136111,-0.050000,1,0.741531,Cruise,traj_vel,-0.400000,1.671423,0.150000,0.457787,2.279211,1.809136,0.500000,8.000,2.000,0,0
197,985,right_shoulder_pitch,0.746304,0.239714,0.492623,0.500000,0.696304,1.484000,1.484000,-0.872665,3.136111,-0.050000,1,0.737696,Cruise,traj_vel,-0.400000,1.678396,0.150000,0.473483,2.301880,1.748711,0.500000,8.000,2.000,0,0
198,990,right_shoulder_pitch,0.749373,0.191682,0.495123,0.500000,0.699373,1.484000,1.484000,-0.872665,3.136111,-0.050000,1,0.734627,Cruise,traj_vel,-0.400000,1.683958,0.150000,0.509271,2.343230,1.728569,0.500000,8.000,2.000,0,0
199,995,right_shoulder_pitch,0.752441,0.191855,0.497623,0.500000,0.702441,1.484000,1.484000,-0.872665,3.136111,-0.050000,1,0.731559,Cruise,traj_vel,-0.400000,1.689503,0.150000,0.536026,2.375529,1.829281,0.500000,8.000,2.000,0,0
200,1000,right_shoulder_pitch,0.755892,0.215657,0.500123,0.500000,0.705892,1.484000,1.484000,-0.872665,3.136111,-0.050000,1,0.728108,Cruise,traj_vel,-0.400000,1.695722,0.150000,0.544191,2.389913,1.759697,0.500000,8.000,2.000,0,0
201,1005,right_shoulder_pitch,0.759727,0.239677,0.502623,0.500000,0.709727,1.484000,1.484000,-0.872665,3.136111,-0.050000,1,0.724273,Cruise,traj_vel,-0.400000,1.702608,0.150000,0.538305,2.390912,1.832943,0.500000,8.000,2.000,0,0
202,1010,right_shoulder_pitch,0.764329,0.287720,0.505123,0.500000,0.714329,1.484000,1.484000,-0.872665,3.136111,-0.050000,1,0.719671,Cruise,traj_vel,-0.400000,1.710838,0.150000,0.509869,2.370707,1.897030,0.500000,8.000,2.000,0,0
203,1015,right_shoulder_pitch,0.769315,0.311481,0.507623,0.500000,0.719315,1.484000,1.484000,-0.872665,3.136111,-0.050000,1,0.714685,Cruise,traj_vel,-0.400000,1.719713,0.150000,0.476661,2.346374,1.986755,0.500000,8.000,2.000,0,0
204,1020,right_shoulder_pitch,0.773917,0.287725,0.510123,0.500000,0.723917,1.484000,1.484000,-0.872665,3.136111,-0.050000,1,0.710083,Cruise,traj_vel,-0.400000,1.727869,0.150000,0.463633,2.341502,2.285228,0.500000,8.000,2.000,0,0
205,1025,right_shoulder_pitch,0.777369,0.215671,0.512623,0.500000,0.727369,1.484000,1.484000,-0.872665,3.136111,-0.050000,1,0.706631,Cruise,traj_vel,-0.400000,1.733961,0.150000,0.489889,2.373850,1.924496,0.500000,8.000,2.000,0,0
206,1030,right_shoulder_pitch,0.780820,0.215723,0.515123,0.500000,0.730820,1.484000,1.484000,-0.872665,3.136111,-0.050000,1,0.703180,Cruise,traj_vel,-0.400000,1.740032,0.150000,0.509556,2.399587,1.818295,0.500000,8.000,2.000,0,0
207,1035,right_shoulder_pitch,0.784655,0.239760,0.517623,0.500000,0.734655,1.484000,1.484000,-0.872665,3.136111,-0.050000,1,0.699345,Cruise,traj_vel,-0.400000,1.746754,0.150000,0.512287,2.409040,1.750542,0.500000,8.000,2.000,0,0
208,1040,right_shoulder_pitch,0.788490,0.239616,0.520123,0.500000,0.738490,1.484000,1.484000,-0.872665,3.136111,-0.050000,1,0.695510,Cruise,traj_vel,-0.400000,1.753449,0.150000,0.514407,2.417856,1.750542,0.500000,8.000,2.000,0,0
209,1045,right_shoulder_pitch,0.792709,0.263685,0.522623,0.500000,0.742709,1.484000,1.484000,-0.872665,3.136111,-0.050000,1,0.691291,Cruise,traj_vel,-0.400000,1.760785,0.150000,0.503963,2.414748,2.008728,0.500000,8.000,2.000,0,0
210,1050,right_shoulder_pitch,0.796927,0.263699,0.525123,0.500000,0.746927,1.484000,1.484000,-0.872665,3.136111,-0.050000,1,0.687073,Cruise,traj_vel,-0.400000,1.768089,0.150000,0.496123,2.414212,1.946472,0.500000,8.000,2.000,0,0
211,1055,right_shoulder_pitch,0.801530,0.287551,0.527623,0.500000,0.751530,1.484000,1.484000,-0.872665,3.136111,-0.050000,1,0.682470,Cruise,traj_vel,-0.400000,1.776023,0.150000,0.478316,2.404339,2.023376,0.500000,8.000,2.000,0,0
212,1060,right_shoulder_pitch,0.806899,0.335694,0.530123,0.500000,0.756899,1.484000,1.484000,-0.872665,3.136111,-0.050000,1,0.677101,Cruise,traj_vel,-0.400000,1.785230,0.150000,0.440890,2.376120,2.076480,0.500000,8.000,2.000,0,0
213,1065,right_shoulder_pitch,0.811117,0.263530,0.532623,0.500000,0.761117,1.484000,1.484000,-0.872665,3.136111,-0.050000,1,0.672883,Cruise,traj_vel,-0.400000,1.792428,0.150000,0.448903,2.391330,2.094791,0.500000,8.000,2.000,0,0
214,1070,right_shoulder_pitch,0.814569,0.215784,0.535123,0.500000,0.764569,1.484000,1.484000,-0.872665,3.136111,-0.050000,1,0.669431,Cruise,traj_vel,-0.400000,1.798293,0.150000,0.478785,2.427078,1.886044,0.500000,8.000,2.000,0,0
215,1075,right_shoulder_pitch,0.818020,0.215749,0.537623,0.500000,0.768020,1.484000,1.484000,-0.872665,3.136111,-0.050000,1,0.665980,Cruise,traj_vel,-0.400000,1.804137,0.150000,0.501214,2.455352,1.906185,0.500000,8.000,2.000,0,0
216,1080,right_shoulder_pitch,0.821471,0.215656,0.540123,0.500000,0.771471,1.484000,1.484000,-0.872665,3.136111,-0.050000,1,0.662529,Cruise,traj_vel,-0.400000,1.809960,0.150000,0.518083,2.478043,1.818295,0.500000,8.000,2.000,0,0
217,1085,right_shoulder_pitch,0.824924,0.215834,0.542623,0.500000,0.774924,1.484000,1.484000,-0.872665,3.136111,-0.050000,1,0.659076,Cruise,traj_vel,-0.400000,1.815762,0.150000,0.530645,2.496407,1.933655,0.500000,8.000,2.000,0,0
218,1090,right_shoulder_pitch,0.829526,0.287552,0.545123,0.500000,0.779526,1.484000,1.484000,-0.872665,3.136111,-0.050000,1,0.654474,Cruise,traj_vel,-0.400000,1.823463,0.150000,0.504208,2.477671,1.940979,0.500000,8.000,2.000,0,0
219,1095,right_shoulder_pitch,0.834128,0.287661,0.547623,0.500000,0.784128,1.484000,1.484000,-0.872665,3.136111,-0.050000,1,0.649872,Cruise,traj_vel,-0.400000,1.831126,0.150000,0.484326,2.465451,1.992248,0.500000,8.000,2.000,0,0
220,1100,right_shoulder_pitch,0.839113,0.311623,0.550123,0.500000,0.789113,1.484000,1.484000,-0.872665,3.136111,-0.050000,1,0.644887,Cruise,traj_vel,-0.400000,1.839383,0.150000,0.457433,2.446815,2.135074,0.500000,8.000,2.000,0,0
221,1105,right_shoulder_pitch,0.843715,0.287553,0.552623,0.500000,0.793715,1.484000,1.484000,-0.872665,3.136111,-0.050000,1,0.640285,Cruise,traj_vel,-0.400000,1.846964,0.150000,0.449298,2.446262,2.255927,0.500000,8.000,2.000,0,0
222,1110,right_shoulder_pitch,0.848318,0.287747,0.555123,0.500000,0.798318,1.484000,1.484000,-0.872665,3.136111,-0.050000,1,0.635682,Cruise,traj_vel,-0.400000,1.854508,0.150000,0.443100,2.447608,1.957458,0.500000,8.000,2.000,0,0
223,1115,right_shoulder_pitch,0.852153,0.239618,0.557623,0.500000,0.802153,1.484000,1.484000,-0.872665,3.136111,-0.050000,1,0.631847,Cruise,traj_vel,-0.400000,1.860763,0.150000,0.462516,2.473279,2.003235,0.500000,8.000,2.000,0,0
224,1120,right_shoulder_pitch,0.855604,0.215739,0.560123,0.500000,0.805604,1.484000,1.484000,-0.872665,3.136111,-0.050000,1,0.628396,Cruise,traj_vel,-0.400000,1.866369,0.150000,0.489018,2.505387,1.871395,0.500000,8.000,2.000,0,0
225,1125,right_shoulder_pitch,0.859822,0.263662,0.562623,0.500000,0.809822,1.484000,1.484000,-0.872665,3.136111,-0.050000,1,0.624178,Cruise,traj_vel,-0.400000,1.873191,0.150000,0.484932,2.508124,1.860409,0.500000,8.000,2.000,0,0
226,1130,right_shoulder_pitch,0.863657,0.239690,0.565123,0.500000,0.813657,1.484000,1.484000,-0.872665,3.136111,-0.050000,1,0.620343,Cruise,traj_vel,-0.400000,1.879364,0.150000,0.493854,2.523218,1.997741,0.500000,8.000,2.000,0,0
227,1135,right_shoulder_pitch,0.868643,0.311568,0.567623,0.500000,0.818643,1.484000,1.484000,-0.872665,3.136111,-0.050000,1,0.615357,Cruise,traj_vel,-0.400000,1.887348,0.150000,0.464607,2.501954,2.010559,0.500000,8.000,2.000,0,0
228,1140,right_shoulder_pitch,0.873629,0.311544,0.570123,0.500000,0.823629,1.484000,1.484000,-0.872665,3.136111,-0.050000,1,0.610371,Cruise,traj_vel,-0.400000,1.895285,0.150000,0.442683,2.487968,2.169868,0.500000,8.000,2.000,0,0
229,1145,right_shoulder_pitch,0.877847,0.263702,0.572623,0.500000,0.827847,1.484000,1.484000,-0.872665,3.136111,-0.050000,1,0.606153,Cruise,traj_vel,-0.400000,1.901964,0.150000,0.450161,2.502125,2.351146,0.500000,8.000,2.000,0,0
230,1150,right_shoulder_pitch,0.881682,0.239745,0.575123,0.500000,0.831682,1.484000,1.484000,-0.872665,3.136111,-0.050000,1,0.602318,Cruise,traj_vel,-0.400000,1.908006,0.150000,0.467748,2.525755,2.045349,0.500000,8.000,2.000,0,0
231,1155,right_shoulder_pitch,0.885517,0.239657,0.577623,0.500000,0.835517,1.484000,1.484000,-0.872665,3.136111,-0.050000,1,0.598483,Cruise,traj_vel,-0.400000,1.914021,0.150000,0.480983,2.545003,1.964782,0.500000,8.000,2.000,0,0
232,1160,right_shoulder_pitch,0.889352,0.239714,0.580123,0.500000,0.839352,1.484000,1.484000,-0.872665,3.136111,-0.050000,1,0.594648,Cruise,traj_vel,-0.400000,1.920006,0.150000,0.490880,2.560887,2.100284,0.500000,8.000,2.000,0,0
233,1165,right_shoulder_pitch,0.892037,0.167720,0.582623,0.500000,0.842037,1.484000,1.484000,-0.872665,3.136111,-0.050000,1,0.591963,Cruise,traj_vel,-0.400000,1.924180,0.150000,0.534300,2.608480,1.924496,0.500000,8.000,2.000,0,0
234,1170,right_shoulder_pitch,0.896256,0.263733,0.585123,0.500000,0.846256,1.484000,1.484000,-0.872665,3.136111,-0.050000,1,0.587744,Cruise,traj_vel,-0.400000,1.930711,0.150000,0.518858,2.599570,2.012390,0.500000,8.000,2.000,0,0
235,1175,right_shoulder_pitch,0.900474,0.263693,0.587623,0.500000,0.850474,1.484000,1.484000,-0.872665,3.136111,-0.050000,1,0.583526,Cruise,traj_vel,-0.400000,1.937207,0.150000,0.507297,2.594504,2.116764,0.500000,8.000,2.000,0,0
236,1180,right_shoulder_pitch,0.905460,0.311543,0.590123,0.500000,0.855460,1.484000,1.484000,-0.872665,3.136111,-0.050000,1,0.578540,Cruise,traj_vel,-0.400000,1.944839,0.150000,0.474702,2.569541,2.153385,0.500000,8.000,2.000,0,0
237,1185,right_shoulder_pitch,0.910445,0.311666,0.592623,0.500000,0.860445,1.484000,1.484000,-0.872665,3.136111,-0.050000,1,0.573555,Cruise,traj_vel,-0.400000,1.952423,0.150000,0.450193,2.552617,2.369456,0.500000,8.000,2.000,0,0
238,1190,right_shoulder_pitch,0.914664,0.263540,0.595123,0.500000,0.864664,1.484000,1.484000,-0.872665,3.136111,-0.050000,1,0.569336,Cruise,traj_vel,-0.400000,1.958803,0.150000,0.455875,2.564678,2.332835,0.500000,8.000,2.000,0,0
239,1195,right_shoulder_pitch,0.918499,0.239730,0.597623,0.500000,0.868499,1.484000,1.484000,-0.872665,3.136111,-0.050000,1,0.565501,Cruise,traj_vel,-0.400000,1.964572,0.150000,0.472041,2.586613,1.964782,0.500000,8.000,2.000,0,0
240,1200,right_shoulder_pitch,0.922718,0.263758,0.600123,0.500000,0.872718,1.484000,1.484000,-0.872665,3.136111,-0.050000,1,0.561282,Cruise,traj_vel,-0.400000,1.970886,0.150000,0.472152,2.593038,1.981262,0.500000,8.000,2.000,0,0
241,1205,right_shoulder_pitch,0.926936,0.263592,0.602623,0.500000,0.876936,1.484000,1.484000,-0.872665,3.136111,-0.050000,1,0.557064,Cruise,traj_vel,-0.400000,1.977164,0.150000,0.472318,2.599482,2.032531,0.500000,8.000,2.000,0,0
242,1210,right_shoulder_pitch,0.930771,0.239729,0.605123,0.500000,0.880771,1.484000,1.484000,-0.872665,3.136111,-0.050000,1,0.553229,Cruise,traj_vel,-0.400000,1.982840,0.150000,0.484374,2.617214,2.135074,0.500000,8.000,2.000,0,0
243,1215,right_shoulder_pitch,0.934990,0.263575,0.607623,0.500000,0.884990,1.484000,1.484000,-0.872665,3.136111,-0.050000,1,0.549010,Cruise,traj_vel,-0.400000,1.989050,0.150000,0.481493,2.620544,2.158878,0.500000,8.000,2.000,0,0
244,1220,right_shoulder_pitch,0.939975,0.311628,0.610123,0.500000,0.889975,1.484000,1.484000,-0.872665,3.136111,-0.050000,1,0.544025,Cruise,traj_vel,-0.400000,1.996344,0.150000,0.455306,2.601650,2.127750,0.500000,8.000,2.000,0,0
245,1225,right_shoulder_pitch,0.945345,0.335340,0.612623,0.500000,0.895345,1.484000,1.484000,-0.872665,3.136111,-0.050000,1,0.538655,Cruise,traj_vel,-0.400000,2.004145,0.150000,0.423810,2.577955,2.266914,0.500000,8.000,2.000,0,0
246,1230,right_shoulder_pitch,0.949563,0.263562,0.615123,0.500000,0.899563,1.484000,1.484000,-0.872665,3.136111,-0.050000,1,0.534437,Cruise,traj_vel,-0.400000,2.010233,0.150000,0.436076,2.596309,2.417067,0.500000,8.000,2.000,0,0
247,1235,right_shoulder_pitch,0.953015,0.215501,0.617623,0.500000,0.903015,1.484000,1.484000,-0.872665,3.136111,-0.050000,1,0.530985,Cruise,traj_vel,-0.400000,2.015187,0.150000,0.469306,2.634493,2.054508,0.500000,8.000,2.000,0,0
248,1240,right_shoulder_pitch,0.956850,0.240149,0.620123,0.500000,0.906850,1.484000,1.484000,-0.872665,3.136111,-0.050000,1,0.527150,Cruise,traj_vel,-0.400000,2.020663,0.150000,0.481905,2.652569,2.091129,0.500000,8.000,2.000,0,0
249,1245,right_shoulder_pitch,0.960685,0.239574,0.622623,0.500000,0.910685,1.484000,1.484000,-0.872665,3.136111,-0.050000,1,0.523315,Cruise,traj_vel,-0.400000,2.026110,0.150000,0.491642,2.667752,2.182685,0.500000,8.000,2.000,0,0
250,1250,right_shoulder_pitch,0.964520,0.239886,0.625123,0.500000,0.914520,1.484000,1.484000,-0.872665,3.136111,-0.050000,1,0.519480,Cruise,traj_vel,-0.400000,2.031527,0.150000,0.498789,2.680316,2.005066,0.500000,8.000,2.000,0,0
251,1255,right_shoulder_pitch,0.967971,0.215690,0.627623,0.500000,0.917971,1.484000,1.484000,-0.872665,3.136111,-0.050000,1,0.516029,Cruise,traj_vel,-0.400000,2.036377,0.150000,0.516247,2.702623,2.314525,0.500000,8.000,2.000,0,0
252,1260,right_shoulder_pitch,0.972574,0.287732,0.630123,0.500000,0.922574,1.484000,1.484000,-0.872665,3.136111,-0.050000,1,0.511426,Cruise,traj_vel,-0.400000,2.042807,0.150000,0.493319,2.686126,2.188178,0.500000,8.000,2.000,0,0
253,1265,right_shoulder_pitch,0.977559,0.311466,0.632623,0.500000,0.927559,1.484000,1.484000,-0.872665,3.136111,-0.050000,1,0.506441,Cruise,traj_vel,-0.400000,2.049722,0.150000,0.464256,2.663978,2.305369,0.500000,8.000,2.000,0,0
254,1270,right_shoulder_pitch,0.982545,0.311629,0.635123,0.500000,0.932545,1.484000,1.484000,-0.872665,3.136111,-0.050000,1,0.501455,Cruise,traj_vel,-0.400000,2.056587,0.150000,0.442378,2.648964,2.426223,0.500000,8.000,2.000,0,0
255,1275,right_shoulder_pitch,0.986763,0.263693,0.637623,0.500000,0.936763,1.484000,1.484000,-0.872665,3.136111,-0.050000,1,0.497237,Cruise,traj_vel,-0.400000,2.062355,0.150000,0.449937,2.662292,2.429885,0.500000,8.000,2.000,0,0
256,1280,right_shoulder_pitch,0.990215,0.215683,0.640123,0.500000,0.940215,1.484000,1.484000,-0.872665,3.136111,-0.050000,1,0.493785,Cruise,traj_vel,-0.400000,2.067048,0.150000,0.479611,2.696659,2.122257,0.500000,8.000,2.000,0,0
257,1285,right_shoulder_pitch,0.994050,0.239790,0.642623,0.500000,0.944050,1.484000,1.484000,-0.872665,3.136111,-0.050000,1,0.489950,Cruise,traj_vel,-0.400000,2.072233,0.150000,0.489813,2.712047,2.131412,0.500000,8.000,2.000,0,0
258,1290,right_shoulder_pitch,0.997502,0.215667,0.645123,0.500000,0.947502,1.484000,1.484000,-0.872665,3.136111,-0.050000,1,0.486498,Cruise,traj_vel,-0.400000,2.076874,0.150000,0.509526,2.736400,2.131412,0.500000,8.000,2.000,0,0
259,1295,right_shoulder_pitch,1.001720,0.263656,0.647623,0.500000,0.951720,1.484000,1.484000,-0.872665,3.136111,-0.050000,1,0.482280,Cruise,traj_vel,-0.400000,2.082512,0.150000,0.500317,2.732829,2.111270,0.500000,8.000,2.000,0,0
260,1300,right_shoulder_pitch,1.006322,0.287651,0.650123,0.500000,0.956322,1.484000,1.484000,-0.872665,3.136111,-0.050000,1,0.477678,Cruise,traj_vel,-0.400000,2.088620,0.150000,0.481412,2.720032,2.378612,0.500000,8.000,2.000,0,0
261,1305,right_shoulder_pitch,1.011308,0.311559,0.652623,0.500000,0.961308,1.484000,1.484000,-0.872665,3.136111,-0.050000,1,0.472692,Cruise,traj_vel,-0.400000,2.095187,0.150000,0.455279,2.700467,2.327342,0.500000,8.000,2.000,0,0
262,1310,right_shoulder_pitch,1.016293,0.311651,0.655123,0.500000,0.966293,1.484000,1.484000,-0.872665,3.136111,-0.050000,1,0.467707,Cruise,traj_vel,-0.400000,2.101703,0.150000,0.435634,2.687337,2.387767,0.500000,8.000,2.000,0,0
263,1315,right_shoulder_pitch,1.020896,0.287604,0.657623,0.500000,0.970896,1.484000,1.484000,-0.872665,3.136111,-0.050000,1,0.463104,Cruise,traj_vel,-0.400000,2.107671,0.150000,0.432923,2.690595,2.199165,0.500000,8.000,2.000,0,0
264,1320,right_shoulder_pitch,1.025498,0.287618,0.660123,0.500000,0.975498,1.484000,1.484000,-0.872665,3.136111,-0.050000,1,0.458502,Cruise,traj_vel,-0.400000,2.113594,0.150000,0.430884,2.694478,2.296214,0.500000,8.000,2.000,0,0
265,1325,right_shoulder_pitch,1.029333,0.239720,0.662623,0.500000,0.979333,1.484000,1.484000,-0.872665,3.136111,-0.050000,1,0.454667,Cruise,traj_vel,-0.400000,2.118496,0.150000,0.453303,2.721799,2.076480,0.500000,8.000,2.000,0,0
266,1330,right_shoulder_pitch,1.033168,0.239622,0.665123,0.500000,0.983168,1.484000,1.484000,-0.872665,3.136111,-0.050000,1,0.450832,Cruise,traj_vel,-0.400000,2.123367,0.150000,0.470166,2.743533,2.138736,0.500000,8.000,2.000,0,0
267,1335,right_shoulder_pitch,1.037386,0.263738,0.667623,0.500000,0.987386,1.484000,1.484000,-0.872665,3.136111,-0.050000,1,0.446614,Cruise,traj_vel,-0.400000,2.128688,0.150000,0.470756,2.749444,2.321849,0.500000,8.000,2.000,0,0
268,1340,right_shoulder_pitch,1.042371,0.311520,0.670123,0.500000,0.992371,1.484000,1.484000,-0.872665,3.136111,-0.050000,1,0.441629,Cruise,traj_vel,-0.400000,2.134928,0.150000,0.447307,2.732235,2.222968,0.500000,8.000,2.000,0,0
269,1345,right_shoulder_pitch,1.046974,0.287678,0.672623,0.500000,0.996974,1.484000,1.484000,-0.872665,3.136111,-0.050000,1,0.437026,Cruise,traj_vel,-0.400000,2.140643,0.150000,0.441641,2.732283,2.446364,0.500000,8.000,2.000,0,0
270,1350,right_shoulder_pitch,1.051576,0.287658,0.675123,0.500000,1.001576,1.484000,1.484000,-0.872665,3.136111,-0.050000,1,0.432424,Cruise,traj_vel,-0.400000,2.146310,0.150000,0.437402,2.733712,2.493972,0.500000,8.000,2.000,0,0
271,1355,right_shoulder_pitch,1.055027,0.215680,0.677623,0.500000,1.005027,1.484000,1.484000,-0.872665,3.136111,-0.050000,1,0.428973,Cruise,traj_vel,-0.400000,2.150531,0.150000,0.470211,2.770743,2.294383,0.500000,8.000,2.000,0,0
272,1360,right_shoulder_pitch,1.059246,0.263721,0.680123,0.500000,1.009246,1.484000,1.484000,-0.872665,3.136111,-0.050000,1,0.424754,Cruise,traj_vel,-0.400000,2.155656,0.150000,0.470798,2.776454,2.153385,0.500000,8.000,2.000,0,0
273,1365,right_shoulder_pitch,1.062697,0.215654,0.682623,0.500000,1.012697,1.484000,1.484000,-0.872665,3.136111,-0.050000,1,0.421303,Cruise,traj_vel,-0.400000,2.159820,0.150000,0.495271,2.805091,2.250434,0.500000,8.000,2.000,0,0
274,1370,right_shoulder_pitch,1.066149,0.215722,0.685123,0.500000,1.016149,1.484000,1.484000,-0.872665,3.136111,-0.050000,1,0.417851,Cruise,traj_vel,-0.400000,2.163958,0.150000,0.513593,2.827551,2.177192,0.500000,8.000,2.000,0,0
275,1375,right_shoulder_pitch,1.070368,0.263742,0.687623,0.500000,1.020368,1.484000,1.484000,-0.872665,3.136111,-0.050000,1,0.413632,Cruise,traj_vel,-0.400000,2.168982,0.150000,0.503324,2.822305,2.239448,0.500000,8.000,2.000,0,0
276,1380,right_shoulder_pitch,1.074970,0.287507,0.690123,0.500000,1.024970,1.484000,1.484000,-0.872665,3.136111,-0.050000,1,0.409030,Cruise,traj_vel,-0.400000,2.174417,0.150000,0.483739,2.808156,2.296214,0.500000,8.000,2.000,0,0
277,1385,right_shoulder_pitch,1.080339,0.335672,0.692623,0.500000,1.030339,1.484000,1.484000,-0.872665,3.136111,-0.050000,1,0.403661,Cruise,traj_vel,-0.400000,2.180700,0.150000,0.444968,2.775668,2.389598,0.500000,8.000,2.000,0,0
278,1390,right_shoulder_pitch,1.085708,0.335412,0.695123,0.500000,1.035708,1.484000,1.484000,-0.872665,3.136111,-0.050000,1,0.398292,Cruise,traj_vel,-0.400000,2.186921,0.150000,0.416020,2.752941,2.574542,0.500000,8.000,2.000,0,0
279,1395,right_shoulder_pitch,1.089926,0.263798,0.697623,0.500000,1.039926,1.484000,1.484000,-0.872665,3.136111,-0.050000,1,0.394074,Cruise,traj_vel,-0.400000,2.191764,0.150000,0.430116,2.771880,2.504958,0.500000,8.000,2.000,0,0
280,1400,right_shoulder_pitch,1.093762,0.239743,0.700123,0.500000,1.043762,1.484000,1.484000,-0.872665,3.136111,-0.050000,1,0.390238,Cruise,traj_vel,-0.400000,2.196134,0.150000,0.452716,2.798850,2.083805,0.500000,8.000,2.000,0,0
281,1405,right_shoulder_pitch,1.098747,0.311552,0.702623,0.500000,1.048747,1.484000,1.484000,-0.872665,3.136111,-0.050000,1,0.385253,Cruise,traj_vel,-0.400000,2.201765,0.150000,0.433761,2.785526,2.081974,0.500000,8.000,2.000,0,0
282,1410,right_shoulder_pitch,1.102966,0.263668,0.705123,0.500000,1.052966,1.484000,1.484000,-0.872665,3.136111,-0.050000,1,0.381034,Cruise,traj_vel,-0.400000,2.206488,0.150000,0.443487,2.799974,2.358470,0.500000,8.000,2.000,0,0
283,1415,right_shoulder_pitch,1.106801,0.239659,0.707623,0.500000,1.056801,1.484000,1.484000,-0.872665,3.136111,-0.050000,1,0.377199,Cruise,traj_vel,-0.400000,2.210747,0.150000,0.462785,2.823532,2.343822,0.500000,8.000,2.000,0,0
284,1420,right_shoulder_pitch,1.111019,0.263645,0.710123,0.500000,1.061019,1.484000,1.484000,-0.872665,3.136111,-0.050000,1,0.372981,Cruise,traj_vel,-0.400000,2.215394,0.150000,0.465267,2.830661,2.303538,0.500000,8.000,2.000,0,0
285,1425,right_shoulder_pitch,1.116005,0.311645,0.712623,0.500000,1.066005,1.484000,1.484000,-0.872665,3.136111,-0.050000,1,0.367995,Cruise,traj_vel,-0.400000,2.220835,0.150000,0.443127,2.813963,2.464675,0.500000,8.000,2.000,0,0
286,1430,right_shoulder_pitch,1.121374,0.335542,0.715123,0.500000,1.071374,1.484000,1.484000,-0.872665,3.136111,-0.050000,1,0.362626,Cruise,traj_vel,-0.400000,2.226635,0.150000,0.414574,2.791209,2.640463,0.500000,8.000,2.000,0,0
287,1435,right_shoulder_pitch,1.125209,0.239736,0.717623,0.500000,1.075209,1.484000,1.484000,-0.872665,3.136111,-0.050000,1,0.358791,Cruise,traj_vel,-0.400000,2.230737,0.150000,0.441063,2.821800,2.461013,0.500000,8.000,2.000,0,0
288,1440,right_shoulder_pitch,1.128661,0.215641,0.720123,0.500000,1.078661,1.484000,1.484000,-0.872665,3.136111,-0.050000,1,0.355339,Cruise,traj_vel,-0.400000,2.234401,0.150000,0.472977,2.857378,2.204658,0.500000,8.000,2.000,0,0
289,1445,right_shoulder_pitch,1.132496,0.239642,0.722623,0.500000,1.082496,1.484000,1.484000,-0.872665,3.136111,-0.050000,1,0.351504,Cruise,traj_vel,-0.400000,2.238441,0.150000,0.484912,2.873353,2.219306,0.500000,8.000,2.000,0,0
290,1450,right_shoulder_pitch,1.136714,0.263781,0.725123,0.500000,1.086714,1.484000,1.484000,-0.872665,3.136111,-0.050000,1,0.347286,Cruise,traj_vel,-0.400000,2.242847,0.150000,0.481793,2.874640,2.200996,0.500000,8.000,2.000,0,0
291,1455,right_shoulder_pitch,1.140933,0.263615,0.727623,0.500000,1.090933,1.484000,1.484000,-0.872665,3.136111,-0.050000,1,0.343067,Cruise,traj_vel,-0.400000,2.247213,0.150000,0.479537,2.876750,2.384105,0.500000,8.000,2.000,0,0
292,1460,right_shoulder_pitch,1.145152,0.263741,0.730123,0.500000,1.095152,1.484000,1.484000,-0.872665,3.136111,-0.050000,1,0.338848,Cruise,traj_vel,-0.400000,2.251540,0.150000,0.477783,2.879322,2.415236,0.500000,8.000,2.000,0,0
293,1465,right_shoulder_pitch,1.150521,0.335502,0.732623,0.500000,1.100521,1.484000,1.484000,-0.872665,3.136111,-0.050000,1,0.333479,Cruise,traj_vel,-0.400000,2.256988,0.150000,0.440586,2.847574,2.444533,0.500000,8.000,2.000,0,0
294,1470,right_shoulder_pitch,1.155890,0.335512,0.735123,0.500000,1.105890,1.484000,1.484000,-0.872665,3.136111,-0.050000,1,0.328110,Cruise,traj_vel,-0.400000,2.262370,0.150000,0.412683,2.825054,2.488478,0.500000,8.000,2.000,0,0
295,1475,right_shoulder_pitch,1.161259,0.335665,0.737623,0.500000,1.111259,1.484000,1.484000,-0.872665,3.136111,-0.050000,1,0.322741,Cruise,traj_vel,-0.400000,2.267688,0.150000,0.391680,2.809368,2.583697,0.500000,8.000,2.000,0,0
296,1480,right_shoulder_pitch,1.165094,0.239645,0.740123,0.500000,1.115094,1.484000,1.484000,-0.872665,3.136111,-0.050000,1,0.318906,Cruise,traj_vel,-0.400000,2.271446,0.150000,0.423938,2.845384,2.336497,0.500000,8.000,2.000,0,0
297,1485,right_shoulder_pitch,1.169313,0.263734,0.742623,0.500000,1.119313,1.484000,1.484000,-0.872665,3.136111,-0.050000,1,0.314687,Cruise,traj_vel,-0.400000,2.275543,0.150000,0.436086,2.861629,2.146060,0.500000,8.000,2.000,0,0
298,1490,right_shoulder_pitch,1.174298,0.311546,0.745123,0.500000,1.124298,1.484000,1.484000,-0.872665,3.136111,-0.050000,1,0.309702,Cruise,traj_vel,-0.400000,2.280331,0.150000,0.421292,2.851622,2.255927,0.500000,8.000,2.000,0,0
299,1495,right_shoulder_pitch,1.178900,0.287606,0.747623,0.500000,1.128900,1.484000,1.484000,-0.872665,3.136111,-0.050000,1,0.305100,Cruise,traj_vel,-0.400000,2.284700,0.150000,0.422166,2.856866,2.569048,0.500000,8.000,2.000,0,0
300,1500,right_shoulder_pitch,1.183119,0.263693,0.750123,0.500000,1.133119,1.484000,1.484000,-0.872665,3.136111,-0.050000,1,0.300881,Cruise,traj_vel,-0.400000,2.288663,0.150000,0.434778,2.873441,2.493972,0.500000,8.000,2.000,0,0
301,1505,right_shoulder_pitch,1.188104,0.311506,0.752623,0.500000,1.138104,1.484000,1.484000,-0.872665,3.136111,-0.050000,1,0.295896,Cruise,traj_vel,-0.400000,2.293293,0.150000,0.420331,2.863624,2.470168,0.500000,8.000,2.000,0,0
302,1510,right_shoulder_pitch,1.193090,0.311724,0.755123,0.500000,1.143090,1.484000,1.484000,-0.872665,3.136111,-0.050000,1,0.290910,Cruise,traj_vel,-0.400000,2.297868,0.150000,0.409386,2.857254,2.640463,0.500000,8.000,2.000,0,0
303,1515,right_shoulder_pitch,1.196925,0.239613,0.757623,0.500000,1.146925,1.484000,1.484000,-0.872665,3.136111,-0.050000,1,0.287075,Cruise,traj_vel,-0.400000,2.301347,0.150000,0.437233,2.888581,2.396922,0.500000,8.000,2.000,0,0
304,1520,right_shoulder_pitch,1.200377,0.215713,0.760123,0.500000,1.150377,1.484000,1.484000,-0.872665,3.136111,-0.050000,1,0.283623,Cruise,traj_vel,-0.400000,2.304450,0.150000,0.470068,2.924518,2.446364,0.500000,8.000,2.000,0,0
305,1525,right_shoulder_pitch,1.203828,0.215786,0.762623,0.500000,1.153828,1.484000,1.484000,-0.872665,3.136111,-0.050000,1,0.280172,Cruise,traj_vel,-0.400000,2.307525,0.150000,0.494658,2.952183,2.287059,0.500000,8.000,2.000,0,0
306,1530,right_shoulder_pitch,1.207663,0.239619,0.765123,0.500000,1.157663,1.484000,1.484000,-0.872665,3.136111,-0.050000,1,0.276337,Cruise,traj_vel,-0.400000,2.310909,0.150000,0.501184,2.962094,2.299876,0.500000,8.000,2.000,0,0
307,1535,right_shoulder_pitch,1.211882,0.263355,0.767623,0.500000,1.161882,1.484000,1.484000,-0.872665,3.136111,-0.050000,1,0.272118,Cruise,traj_vel,-0.400000,2.314593,0.150000,0.494211,2.958804,2.482985,0.500000,8.000,2.000,0,0
308,1540,right_shoulder_pitch,1.216484,0.287380,0.770123,0.500000,1.166484,1.484000,1.484000,-0.872665,3.136111,-0.050000,1,0.267516,Cruise,traj_vel,-0.400000,2.318565,0.150000,0.476968,2.945533,2.371287,0.500000,8.000,2.000,0,0
309,1545,right_shoulder_pitch,1.221853,0.335824,0.772623,0.500000,1.171853,1.484000,1.484000,-0.872665,3.136111,-0.050000,1,0.262147,Cruise,traj_vel,-0.400000,2.323137,0.150000,0.439814,2.912951,2.658774,0.500000,8.000,2.000,0,0
310,1550,right_shoulder_pitch,1.226839,0.311531,0.775123,0.500000,1.176839,1.484000,1.484000,-0.872665,3.136111,-0.050000,1,0.257161,Cruise,traj_vel,-0.400000,2.327322,0.150000,0.424095,2.901417,2.713705,0.500000,8.000,2.000,0,0
311,1555,right_shoulder_pitch,1.231441,0.287787,0.777623,0.500000,1.181441,1.484000,1.484000,-0.872665,3.136111,-0.050000,1,0.252559,Cruise,traj_vel,-0.400000,2.331133,0.150000,0.424178,2.905311,2.424392,0.500000,8.000,2.000,0,0
312,1560,right_shoulder_pitch,1.236426,0.311945,0.780123,0.500000,1.186426,1.484000,1.484000,-0.872665,3.136111,-0.050000,1,0.247574,Cruise,traj_vel,-0.400000,2.335207,0.150000,0.412161,2.897368,2.254096,0.500000,8.000,2.000,0,0
313,1565,right_shoulder_pitch,1.241412,0.311577,0.782623,0.500000,1.191412,1.484000,1.484000,-0.872665,3.136111,-0.050000,1,0.242588,Cruise,traj_vel,-0.400000,2.339223,0.150000,0.403332,2.892555,2.409743,0.500000,8.000,2.000,0,0
314,1570,right_shoulder_pitch,1.245631,0.263693,0.785123,0.500000,1.195631,1.484000,1.484000,-0.872665,3.136111,-0.050000,1,0.238369,Cruise,traj_vel,-0.400000,2.342575,0.150000,0.420653,2.913228,2.506789,0.500000,8.000,2.000,0,0
315,1575,right_shoulder_pitch,1.250233,0.287669,0.787623,0.500000,1.200233,1.484000,1.484000,-0.872665,3.136111,-0.050000,1,0.233767,Cruise,traj_vel,-0.400000,2.346185,0.150000,0.421655,2.917840,2.314525,0.500000,8.000,2.000,0,0
316,1580,right_shoulder_pitch,1.255985,0.359369,0.790123,0.500000,1.205985,1.484000,1.484000,-0.872665,3.136111,-0.050000,1,0.228015,Cruise,traj_vel,-0.400000,2.350627,0.150000,0.386557,2.887184,2.547076,0.500000,8.000,2.000,0,0
317,1585,right_shoulder_pitch,1.260970,0.311722,0.792623,0.500000,1.210970,1.484000,1.484000,-0.872665,3.136111,-0.050000,1,0.223030,Cruise,traj_vel,-0.400000,2.354414,0.150000,0.384057,2.888471,2.744833,0.500000,8.000,2.000,0,0
318,1590,right_shoulder_pitch,1.264806,0.239645,0.795123,0.500000,1.214806,1.484000,1.484000,-0.872665,3.136111,-0.050000,1,0.219194,Cruise,traj_vel,-0.400000,2.357288,0.150000,0.418220,2.925508,2.471999,0.500000,8.000,2.000,0,0
319,1595,right_shoulder_pitch,1.269025,0.263713,0.797623,0.500000,1.219025,1.484000,1.484000,-0.872665,3.136111,-0.050000,1,0.214975,Cruise,traj_vel,-0.400000,2.360408,0.150000,0.431808,2.942217,2.274238,0.500000,8.000,2.000,0,0
320,1600,right_shoulder_pitch,1.273627,0.287657,0.800123,0.500000,1.223627,1.484000,1.484000,-0.872665,3.136111,-0.050000,1,0.210373,Cruise,traj_vel,-0.400000,2.363765,0.150000,0.430028,2.943793,2.232124,0.500000,8.000,2.000,0,0
321,1605,right_shoulder_pitch,1.277845,0.263620,0.802623,0.500000,1.227845,1.484000,1.484000,-0.872665,3.136111,-0.050000,1,0.206155,Cruise,traj_vel,-0.400000,2.366797,0.150000,0.440711,2.957508,2.481154,0.500000,8.000,2.000,0,0
322,1610,right_shoulder_pitch,1.282063,0.263622,0.805123,0.500000,1.232063,1.484000,1.484000,-0.872665,3.136111,-0.050000,1,0.201937,Cruise,traj_vel,-0.400000,2.369788,0.150000,0.448722,2.968510,2.504958,0.500000,8.000,2.000,0,0
323,1615,right_shoulder_pitch,1.286665,0.287644,0.807623,0.500000,1.236665,1.484000,1.484000,-0.872665,3.136111,-0.050000,1,0.197335,Cruise,traj_vel,-0.400000,2.373002,0.150000,0.442720,2.965722,2.352977,0.500000,8.000,2.000,0,0
324,1620,right_shoulder_pitch,1.292419,0.359475,0.810123,0.500000,1.242419,1.484000,1.484000,-0.872665,3.136111,-0.050000,1,0.191581,Cruise,traj_vel,-0.400000,2.376950,0.150000,0.402302,2.929252,2.488478,0.500000,8.000,2.000,0,0
325,1625,right_shoulder_pitch,1.298171,0.359489,0.812623,0.500000,1.248171,1.484000,1.484000,-0.872665,3.136111,-0.050000,1,0.185829,Cruise,traj_vel,-0.400000,2.380818,0.150000,0.371982,2.902800,2.920622,0.500000,8.000,2.000,0,0
326,1630,right_shoulder_pitch,1.302389,0.263782,0.815123,0.500000,1.252389,1.484000,1.484000,-0.872665,3.136111,-0.050000,1,0.181611,Cruise,traj_vel,-0.400000,2.383605,0.150000,0.397096,2.930700,2.468337,0.500000,8.000,2.000,0,0
327,1635,right_shoulder_pitch,1.306608,0.263601,0.817623,0.500000,1.256608,1.484000,1.484000,-0.872665,3.136111,-0.050000,1,0.177392,Cruise,traj_vel,-0.400000,2.386349,0.150000,0.416021,2.952370,2.222968,0.500000,8.000,2.000,0,0
328,1640,right_shoulder_pitch,1.311977,0.335587,0.820123,0.500000,1.261977,1.484000,1.484000,-0.872665,3.136111,-0.050000,1,0.172023,Cruise,traj_vel,-0.400000,2.389781,0.150000,0.394222,2.934003,2.237617,0.500000,8.000,2.000,0,0
329,1645,right_shoulder_pitch,1.316579,0.287584,0.822623,0.500000,1.266579,1.484000,1.484000,-0.872665,3.136111,-0.050000,1,0.167421,Cruise,traj_vel,-0.400000,2.392667,0.150000,0.401875,2.944542,2.722861,0.500000,8.000,2.000,0,0
330,1650,right_shoulder_pitch,1.320414,0.239662,0.825123,0.500000,1.270414,1.484000,1.484000,-0.872665,3.136111,-0.050000,1,0.163586,Cruise,traj_vel,-0.400000,2.395034,0.150000,0.431575,2.976609,2.530596,0.500000,8.000,2.000,0,0
331,1655,right_shoulder_pitch,1.325400,0.311743,0.827623,0.500000,1.275400,1.484000,1.484000,-0.872665,3.136111,-0.050000,1,0.158600,Cruise,traj_vel,-0.400000,2.398058,0.150000,0.417810,2.965868,2.482985,0.500000,8.000,2.000,0,0
332,1660,right_shoulder_pitch,1.330769,0.335523,0.830123,0.500000,1.280769,1.484000,1.484000,-0.872665,3.136111,-0.050000,1,0.153231,Cruise,traj_vel,-0.400000,2.401248,0.150000,0.395596,2.946844,2.600176,0.500000,8.000,2.000,0,0
333,1665,right_shoulder_pitch,1.335371,0.287628,0.832623,0.500000,1.285371,1.484000,1.484000,-0.872665,3.136111,-0.050000,1,0.148629,Cruise,traj_vel,-0.400000,2.403927,0.150000,0.402883,2.956810,2.697226,0.500000,8.000,2.000,0,0
334,1670,right_shoulder_pitch,1.338823,0.215685,0.835123,0.500000,1.288823,1.484000,1.484000,-0.872665,3.136111,-0.050000,1,0.145177,Cruise,traj_vel,-0.400000,2.405903,0.150000,0.444320,3.000223,2.426223,0.500000,8.000,2.000,0,0
335,1675,right_shoulder_pitch,1.342658,0.239710,0.837623,0.500000,1.292658,1.484000,1.484000,-0.872665,3.136111,-0.050000,1,0.141342,Cruise,traj_vel,-0.400000,2.408065,0.150000,0.463385,3.021450,2.378612,0.500000,8.000,2.000,0,0
336,1680,right_shoulder_pitch,1.346876,0.263744,0.840123,0.500000,1.296876,1.484000,1.484000,-0.872665,3.136111,-0.050000,1,0.137124,Cruise,traj_vel,-0.400000,2.410402,0.150000,0.465667,3.026069,2.321849,0.500000,8.000,2.000,0,0
337,1685,right_shoulder_pitch,1.351862,0.311554,0.842623,0.500000,1.301862,1.484000,1.484000,-0.872665,3.136111,-0.050000,1,0.132138,Cruise,traj_vel,-0.400000,2.413109,0.150000,0.443473,3.006582,2.525103,0.500000,8.000,2.000,0,0
338,1690,right_shoulder_pitch,1.356464,0.287629,0.845123,0.500000,1.306464,1.484000,1.484000,-0.872665,3.136111,-0.050000,1,0.127536,Cruise,traj_vel,-0.400000,2.415554,0.150000,0.438790,3.004345,2.675253,0.500000,8.000,2.000,0,0
339,1695,right_shoulder_pitch,1.361449,0.311514,0.847623,0.500000,1.311449,1.484000,1.484000,-0.872665,3.136111,-0.050000,1,0.122551,Cruise,traj_vel,-0.400000,2.418146,0.150000,0.423336,2.991481,2.602007,0.500000,8.000,2.000,0,0
340,1700,right_shoulder_pitch,1.366819,0.335552,0.850123,0.500000,1.316819,1.484000,1.484000,-0.872665,3.136111,-0.050000,1,0.117181,Cruise,traj_vel,-0.400000,2.420870,0.150000,0.399726,2.970595,2.732016,0.500000,8.000,2.000,0,0
341,1705,right_shoulder_pitch,1.372188,0.335647,0.852623,0.500000,1.322188,1.484000,1.484000,-0.872665,3.136111,-0.050000,1,0.111812,Cruise,traj_vel,-0.400000,2.423523,0.150000,0.381971,2.955494,2.418898,0.500000,8.000,2.000,0,0
342,1710,right_shoulder_pitch,1.377173,0.311620,0.855123,0.500000,1.327173,1.484000,1.484000,-0.872665,3.136111,-0.050000,1,0.106827,Cruise,traj_vel,-0.400000,2.425925,0.150000,0.380668,2.956593,2.422560,0.500000,8.000,2.000,0,0
343,1715,right_shoulder_pitch,1.382159,0.311596,0.857623,0.500000,1.332159,1.484000,1.484000,-0.872665,3.136111,-0.050000,1,0.101841,Cruise,traj_vel,-0.400000,2.428266,0.150000,0.379703,2.957969,2.298045,0.500000,8.000,2.000,0,0
344,1720,right_shoulder_pitch,1.387528,0.335541,0.860123,0.500000,1.337528,1.484000,1.484000,-0.872665,3.136111,-0.050000,1,0.096472,Cruise,traj_vel,-0.400000,2.430720,0.150000,0.367007,2.947727,2.569048,0.500000,8.000,2.000,0,0
345,1725,right_shoulder_pitch,1.393281,0.359458,0.862623,0.500000,1.343281,1.484000,1.484000,-0.872665,3.136111,-0.050000,1,0.090719,Cruise,traj_vel,-0.400000,2.433272,0.150000,0.345526,2.928798,2.636801,0.500000,8.000,2.000,0,0
346,1730,right_shoulder_pitch,1.398266,0.311740,0.865123,0.500000,1.348266,1.484000,1.484000,-0.872665,3.136111,-0.050000,1,0.085734,Cruise,traj_vel,-0.400000,2.435418,0.150000,0.353275,2.938692,2.614825,0.500000,8.000,2.000,0,0
347,1735,right_shoulder_pitch,1.402868,0.287580,0.867623,0.500000,1.352868,1.484000,1.484000,-0.872665,3.136111,-0.050000,1,0.081132,Cruise,traj_vel,-0.400000,2.437345,0.150000,0.371166,2.958511,2.625811,0.500000,8.000,2.000,0,0
348,1740,right_shoulder_pitch,1.407470,0.287640,0.870123,0.500000,1.357470,1.484000,1.484000,-0.872665,3.136111,-0.050000,1,0.076530,Cruise,traj_vel,-0.400000,2.439221,0.150000,0.384555,2.973775,2.349315,0.500000,8.000,2.000,0,0
349,1745,right_shoulder_pitch,1.412840,0.335517,0.872623,0.500000,1.362840,1.484000,1.484000,-0.872665,3.136111,-0.050000,1,0.071160,Cruise,traj_vel,-0.400000,2.441344,0.150000,0.370657,2.962001,2.365794,0.500000,8.000,2.000,0,0
350,1750,right_shoulder_pitch,1.417058,0.263616,0.875123,0.500000,1.367058,1.484000,1.484000,-0.872665,3.136111,-0.050000,1,0.066942,Cruise,traj_vel,-0.400000,2.442963,0.150000,0.396185,2.989147,2.442702,0.500000,8.000,2.000,0,0
351,1755,right_shoulder_pitch,1.421277,0.263780,0.877623,0.500000,1.371277,1.484000,1.484000,-0.872665,3.136111,-0.050000,1,0.062723,Cruise,traj_vel,-0.400000,2.444538,0.150000,0.415249,3.009787,2.521441,0.500000,8.000,2.000,0,0
352,1760,right_shoulder_pitch,1.426262,0.311549,0.878373,0.150000,1.376262,1.484000,1.484000,-0.872665,3.141593,-0.050000,1,0.057738,Cruise,traj_vel,-0.400000,2.446343,0.000000,-0.040000,2.406343,2.453688,0.150000,8.000,2.000,0,0
353,1765,right_shoulder_pitch,1.432015,0.359546,0.879123,0.150000,1.382015,1.484000,1.484000,-0.872665,3.141593,-0.050000,1,0.051985,Cruise,traj_vel,-0.400000,2.448351,0.000000,-0.040000,2.408351,2.636801,0.150000,8.000,2.000,0,0
354,1770,right_shoulder_pitch,1.436234,0.263660,0.879873,0.150000,1.386234,1.484000,1.484000,-0.872665,3.141593,-0.050000,1,0.047766,Cruise,traj_vel,-0.400000,2.449772,0.000000,-0.040000,2.409772,2.490309,0.150000,8.000,2.000,0,0
355,1775,right_shoulder_pitch,1.438918,0.167732,0.880623,0.150000,1.388918,1.484000,1.484000,-0.872665,3.141593,-0.050000,1,0.045082,Cruise,traj_vel,-0.400000,2.450654,0.150000,-0.040000,2.560654,2.021545,0.150000,8.000,2.000,0,0
356,1780,right_shoulder_pitch,1.441219,0.143886,0.881373,0.150000,1.391219,1.484000,1.484000,-0.872665,3.141593,-0.050000,1,0.042781,Cruise,traj_vel,-0.400000,2.451395,0.150000,-0.040000,2.561395,2.083805,0.150000,8.000,2.000,0,0
357,1785,right_shoulder_pitch,1.441986,0.047931,0.882123,0.150000,1.391986,1.484000,1.484000,-0.872665,3.141593,-0.050000,1,0.042014,Cruise,traj_vel,-0.400000,2.451640,0.150000,-0.040880,2.560760,2.393260,0.150000,8.000,2.000,0,0
358,1790,right_shoulder_pitch,1.441603,-0.023969,0.882873,0.150000,1.391603,1.484000,1.484000,-0.872665,3.141593,-0.050000,1,0.042397,Cruise,traj_vel,-0.400000,2.451518,0.150000,0.028009,2.629527,2.365794,0.150000,8.000,2.000,0,0
359,1795,right_shoulder_pitch,1.440069,-0.095841,0.883623,0.150000,1.390069,1.484000,1.484000,-0.872665,3.141593,-0.050000,1,0.043931,Cruise,traj_vel,-0.400000,2.451026,0.150000,0.143927,2.744954,2.329173,0.150000,8.000,2.000,0,0
360,1800,right_shoulder_pitch,1.438151,-0.119864,0.884373,0.150000,1.388151,1.484000,1.484000,-0.872665,3.141593,-0.050000,1,0.045849,Cruise,traj_vel,-0.400000,2.450404,0.150000,0.242877,2.843281,2.261420,0.150000,8.000,2.000,0,0
361,1805,right_shoulder_pitch,1.436617,-0.095900,1.436730,0.022500,1.436730,1.484000,1.484000,-0.872665,3.141593,0.000112,0,0.047383,Accelerate,traj_vel,0.000900,2.449899,0.150000,0.050108,2.650008,2.347484,0.022500,8.000,2.000,0,0
362,1810,right_shoulder_pitch,1.435466,-0.071916,1.436955,0.045000,1.436955,1.484000,1.484000,-0.872665,3.141593,0.001489,0,0.048534,Accelerate,traj_vel,0.011910,2.449517,0.150000,0.129789,2.729306,2.455519,0.045000,8.000,2.000,0,0
363,1815,right_shoulder_pitch,1.434699,-0.047954,1.437292,0.067500,1.437292,1.484000,1.484000,-0.872665,3.141593,0.002593,0,0.049301,Accelerate,traj_vel,0.020746,2.449260,0.150000,0.188819,2.788079,2.488478,0.067500,8.000,2.000,0,0
364,1820,right_shoulder_pitch,1.434699,0.000000,1.437742,0.090000,1.437742,1.484000,1.484000,-0.872665,3.141593,0.003043,0,0.049301,Accelerate,traj_vel,0.024346,2.449260,0.150000,0.220364,2.819625,2.656943,0.000000,8.000,2.000,0,0
365,1825,right_shoulder_pitch,1.435083,0.023964,1.438305,0.112500,1.438305,1.484000,1.484000,-0.872665,3.141593,0.003222,0,0.048917,Accelerate,traj_vel,0.025778,2.449389,0.150000,0.243291,2.842680,2.774134,0.112500,8.000,2.000,0,0
366,1830,right_shoulder_pitch,1.435466,0.023981,1.438980,0.135000,1.438980,1.484000,1.484000,-0.872665,3.141593,0.003514,0,0.048534,Accelerate,traj_vel,0.028110,2.449517,0.150000,0.271728,2.871245,2.838221,0.135000,8.000,2.000,0,0
367,1835,right_shoulder_pitch,1.437001,0.095906,1.439730,0.150000,1.439730,1.484000,1.484000,-0.872665,3.141593,0.002729,0,0.046999,Cruise,traj_vel,0.021832,2.450026,0.150000,0.253342,2.853368,2.851038,0.150000,8.000,2.000,0,0
368,1840,right_shoulder_pitch,1.437768,0.047939,1.440480,0.150000,1.440480,1.484000,1.484000,-0.872665,3.141593,0.002712,0,0.046232,Cruise,traj_vel,0.021696,2.450278,0.150000,0.241038,2.841316,2.902311,0.150000,8.000,2.000,0,0
369,1845,right_shoulder_pitch,1.438151,0.023960,1.441230,0.150000,1.441230,1.484000,1.484000,-0.872665,3.141593,0.003079,0,0.045849,Cruise,traj_vel,0.024628,2.450404,0.150000,0.243798,2.844202,2.938932,0.150000,8.000,2.000,0,0
370,1850,right_shoulder_pitch,1.438151,0.000000,1.441980,0.150000,1.441980,1.484000,1.484000,-0.872665,3.141593,0.003829,0,0.045849,Cruise,traj_vel,0.030628,2.450404,0.150000,0.257849,2.858252,2.874845,0.000000,8.000,2.000,0,0
371,1855,right_shoulder_pitch,1.438151,0.000000,1.442730,0.150000,1.442730,1.484000,1.484000,-0.872665,3.141593,0.004579,0,0.045849,Cruise,traj_vel,0.036628,2.450404,0.150000,0.268386,2.868790,2.984709,0.000000,8.000,2.000,0,0
372,1860,right_shoulder_pitch,1.438151,0.000000,1.443480,0.150000,1.443480,1.484000,1.484000,-0.872665,3.141593,0.005329,0,0.045849,Cruise,traj_vel,0.042628,2.450404,0.150000,0.276290,2.876694,2.944425,0.000000,8.000,2.000,0,0
373,1865,right_shoulder_pitch,1.437768,-0.023981,1.444230,0.150000,1.444230,1.484000,1.484000,-0.872665,3.141593,0.006462,0,0.046232,Cruise,traj_vel,0.051696,2.450278,0.150000,0.294208,2.894486,2.867517,0.150000,8.000,2.000,0,0
374,1870,right_shoulder_pitch,1.437768,0.000000,1.444980,0.150000,1.444980,1.484000,1.484000,-0.872665,3.141593,0.007212,0,0.046232,Cruise,traj_vel,0.057696,2.450278,0.150000,0.295656,2.895934,2.898649,0.000000,8.000,2.000,0,0
375,1875,right_shoulder_pitch,1.437768,0.000000,1.445730,0.150000,1.445730,1.484000,1.484000,-0.872665,3.141593,0.007962,0,0.046232,Cruise,traj_vel,0.063696,2.450278,0.150000,0.296742,2.897020,2.893156,0.000000,8.000,2.000,0,0
376,1880,right_shoulder_pitch,1.438151,0.023971,1.446480,0.150000,1.446480,1.484000,1.484000,-0.872665,3.141593,0.008329,0,0.045849,Cruise,traj_vel,0.066628,2.450404,0.150000,0.285571,2.885975,2.922453,0.150000,8.000,2.000,0,0
377,1885,right_shoulder_pitch,1.438151,0.000000,1.447230,0.150000,1.447230,1.484000,1.484000,-0.872665,3.141593,0.009079,0,0.045849,Cruise,traj_vel,0.072628,2.450404,0.150000,0.289178,2.889582,2.993867,0.000000,8.000,2.000,0,0
378,1890,right_shoulder_pitch,1.438151,0.000000,1.447980,0.150000,1.447980,1.484000,1.484000,-0.872665,3.141593,0.009829,0,0.045849,Cruise,traj_vel,0.078628,2.450404,0.150000,0.291884,2.892287,3.024995,0.000000,8.000,2.000,0,0
379,1895,right_shoulder_pitch,1.437768,-0.023977,1.448730,0.150000,1.448730,1.484000,1.484000,-0.872665,3.141593,0.010962,0,0.046232,Cruise,traj_vel,0.087696,2.450278,0.150000,0.305901,2.906180,2.933439,0.150000,8.000,2.000,0,0
380,1900,right_shoulder_pitch,1.438151,0.023966,1.449480,0.150000,1.449480,1.484000,1.484000,-0.872665,3.141593,0.011329,0,0.045849,Cruise,traj_vel,0.090628,2.450404,0.150000,0.292443,2.892847,2.946256,0.150000,8.000,2.000,0,0
381,1905,right_shoulder_pitch,1.438151,0.000000,1.450230,0.150000,1.450230,1.484000,1.484000,-0.872665,3.141593,0.012079,0,0.045849,Cruise,traj_vel,0.096628,2.450404,0.150000,0.294332,2.894736,2.970060,0.000000,8.000,2.000,0,0
382,1910,right_shoulder_pitch,1.438151,0.000000,1.450980,0.150000,1.450980,1.484000,1.484000,-0.872665,3.141593,0.012829,0,0.045849,Cruise,traj_vel,0.102628,2.450404,0.150000,0.295749,2.896153,3.014009,0.000000,8.000,2.000,0,0
383,1915,right_shoulder_pitch,1.438151,0.000000,1.451730,0.150000,1.451730,1.484000,1.484000,-0.872665,3.141593,0.013579,0,0.045849,Cruise,traj_vel,0.108628,2.450404,0.150000,0.296812,2.897216,2.984709,0.000000,8.000,2.000,0,0
384,1920,right_shoulder_pitch,1.438151,0.000000,1.452480,0.150000,1.452480,1.484000,1.484000,-0.872665,3.141593,0.014329,0,0.045849,Cruise,traj_vel,0.114628,2.450404,0.150000,0.297609,2.898013,2.981046,0.000000,8.000,2.000,0,0
385,1925,right_shoulder_pitch,1.437768,-0.023965,1.453230,0.150000,1.453230,1.484000,1.484000,-0.872665,3.141593,0.015462,0,0.046232,Cruise,traj_vel,0.123696,2.450278,0.150000,0.310189,2.910467,3.019502,0.150000,8.000,2.000,0,0
386,1930,right_shoulder_pitch,1.438151,0.023971,1.453980,0.150000,1.453980,1.484000,1.484000,-0.872665,3.141593,0.015829,0,0.045849,Cruise,traj_vel,0.126628,2.450404,0.150000,0.295656,2.896060,3.039644,0.150000,8.000,2.000,0,0
387,1935,right_shoulder_pitch,1.437768,-0.023960,1.454730,0.150000,1.454730,1.484000,1.484000,-0.872665,3.141593,0.016962,0,0.046232,Cruise,traj_vel,0.135696,2.450278,0.150000,0.308722,2.909000,2.992036,0.150000,8.000,2.000,0,0
388,1940,right_shoulder_pitch,1.438151,0.023970,1.455480,0.150000,1.455480,1.484000,1.484000,-0.872665,3.141593,0.017329,0,0.045849,Cruise,traj_vel,0.138628,2.450404,0.150000,0.294556,2.894960,3.079927,0.150000,8.000,2.000,0,0
389,1945,right_shoulder_pitch,1.438151,0.000000,1.456230,0.150000,1.456230,1.484000,1.484000,-0.872665,3.141593,0.018079,0,0.045849,Cruise,traj_vel,0.144628,2.450404,0.150000,0.295917,2.896321,2.988374,0.000000,8.000,2.000,0,0
390,1950,right_shoulder_pitch,1.438151,0.000000,1.456980,0.150000,1.456980,1.484000,1.484000,-0.872665,3.141593,0.018829,0,0.045849,Cruise,traj_vel,0.150628,2.450404,0.150000,0.296938,2.897342,3.067110,0.000000,8.000,2.000,0,0
391,1955,right_shoulder_pitch,1.438151,0.000000,1.457730,0.150000,1.457730,1.484000,1.484000,-0.872665,3.141593,0.019579,0,0.045849,Cruise,traj_vel,0.156628,2.450404,0.150000,0.297704,2.898107,3.087251,0.000000,8.000,2.000,0,0
392,1960,right_shoulder_pitch,1.438151,0.000000,1.458480,0.150000,1.458480,1.484000,1.484000,-0.872665,3.141593,0.020329,0,0.045849,Cruise,traj_vel,0.162628,2.450404,0.150000,0.298278,2.898681,3.078096,0.000000,8.000,2.000,0,0
393,1965,right_shoulder_pitch,1.438151,0.000000,1.459230,0.150000,1.459230,1.484000,1.484000,-0.872665,3.141593,0.021079,0,0.045849,Cruise,traj_vel,0.168628,2.450404,0.150000,0.298708,2.899112,3.072603,0.000000,8.000,2.000,0,0
394,1970,right_shoulder_pitch,1.438151,0.000000,1.459980,0.150000,1.459980,1.484000,1.484000,-0.872665,3.141593,0.021829,0,0.045849,Cruise,traj_vel,0.174628,2.450404,0.150000,0.299031,2.899435,3.070772,0.000000,8.000,2.000,0,0
395,1975,right_shoulder_pitch,1.438151,0.000000,1.460730,0.150000,1.460730,1.484000,1.484000,-0.872665,3.141593,0.022579,0,0.045849,Cruise,traj_vel,0.180628,2.450404,0.150000,0.299273,2.899677,3.112890,0.000000,8.000,2.000,0,0
396,1980,right_shoulder_pitch,1.438151,0.000000,1.461480,0.150000,1.461480,1.484000,1.484000,-0.872665,3.141593,0.023329,0,0.045849,Cruise,traj_vel,0.186628,2.450404,0.150000,0.299455,2.899859,3.024995,0.000000,8.000,2.000,0,0
397,1985,right_shoulder_pitch,1.438151,0.000000,1.462230,0.150000,1.462230,1.484000,1.484000,-0.872665,3.141593,0.024079,0,0.045849,Cruise,traj_vel,0.192628,2.450404,0.150000,0.299591,2.899995,3.074434,0.000000,8.000,2.000,0,0
398,1990,right_shoulder_pitch,1.438151,0.000000,1.462980,0.150000,1.462980,1.484000,1.484000,-0.872665,3.141593,0.024829,0,0.045849,Cruise,traj_vel,0.198628,2.450404,0.150000,0.299693,2.900097,3.081758,0.000000,8.000,2.000,0,0
399,1995,right_shoulder_pitch,1.438151,0.000000,1.463730,0.150000,1.463730,1.484000,1.484000,-0.872665,3.141593,0.025579,0,0.045849,Cruise,traj_vel,0.204628,2.450404,0.150000,0.299770,2.900174,3.056123,0.000000,8.000,2.000,0,0
400,2000,right_shoulder_pitch,1.438151,0.000000,1.464480,0.150000,1.464480,1.484000,1.484000,-0.872665,3.141593,0.026329,0,0.045849,Cruise,traj_vel,0.210628,2.450404,0.150000,0.299828,2.900231,3.111058,0.000000,8.000,2.000,0,0
401,2005,right_shoulder_pitch,1.438151,0.000000,1.465230,0.150000,1.465230,1.484000,1.484000,-0.872665,3.141593,0.027079,0,0.045849,Cruise,traj_vel,0.216628,2.450404,0.150000,0.299871,2.900274,3.072603,0.000000,8.000,2.000,0,0
402,2010,right_shoulder_pitch,1.438151,0.000000,1.465980,0.150000,1.465980,1.484000,1.484000,-0.872665,3.141593,0.027829,0,0.045849,Cruise,traj_vel,0.222628,2.450404,0.150000,0.299903,2.900307,3.134862,0.000000,8.000,2.000,0,0
403,2015,right_shoulder_pitch,1.438535,0.023971,1.466730,0.150000,1.466730,1.484000,1.484000,-0.872665,3.141593,0.028195,0,0.045465,Cruise,traj_vel,0.225560,2.450529,0.150000,0.287942,2.888471,3.127538,0.150000,8.000,2.000,0,0
404,2020,right_shoulder_pitch,1.438151,-0.023980,1.467480,0.150000,1.467480,1.484000,1.484000,-0.872665,3.141593,0.029329,0,0.045849,Cruise,traj_vel,0.234628,2.450404,0.150000,0.302946,2.903350,3.151342,0.150000,8.000,2.000,0,0
405,2025,right_shoulder_pitch,1.438535,0.023958,1.468230,0.150000,1.468230,1.484000,1.484000,-0.872665,3.141593,0.029695,0,0.045465,Cruise,traj_vel,0.237560,2.450529,0.150000,0.290231,2.890760,3.153173,0.150000,8.000,2.000,0,0
406,2030,right_shoulder_pitch,1.438535,0.000000,1.468980,0.150000,1.468980,1.484000,1.484000,-0.872665,3.141593,0.030445,0,0.045465,Cruise,traj_vel,0.243560,2.450529,0.150000,0.292673,2.893202,3.140355,0.000000,8.000,2.000,0,0
407,2035,right_shoulder_pitch,1.438535,0.000000,1.469730,0.150000,1.469730,1.484000,1.484000,-0.872665,3.141593,0.031195,0,0.045465,Cruise,traj_vel,0.249560,2.450529,0.150000,0.294505,2.895034,3.103731,0.000000,8.000,2.000,0,0
408,2040,right_shoulder_pitch,1.438535,0.000000,1.470480,0.150000,1.470480,1.484000,1.484000,-0.872665,3.141593,0.031945,0,0.045465,Cruise,traj_vel,0.255560,2.450529,0.150000,0.295879,2.896408,3.140355,0.000000,8.000,2.000,0,0
409,2045,right_shoulder_pitch,1.438535,0.000000,1.471230,0.150000,1.471230,1.484000,1.484000,-0.872665,3.141593,0.032695,0,0.045465,Cruise,traj_vel,0.261560,2.450529,0.150000,0.296909,2.897438,3.136693,0.000000,8.000,2.000,0,0
410,2050,right_shoulder_pitch,1.438535,0.000000,1.471980,0.150000,1.471980,1.484000,1.484000,-0.872665,3.141593,0.033445,0,0.045465,Cruise,traj_vel,0.267560,2.450529,0.150000,0.297682,2.898211,3.156835,0.000000,8.000,2.000,0,0
411,2055,right_shoulder_pitch,1.438535,0.000000,1.472730,0.150000,1.472730,1.484000,1.484000,-0.872665,3.141593,0.034195,0,0.045465,Cruise,traj_vel,0.273560,2.450529,0.150000,0.298261,2.898790,3.147680,0.000000,8.000,2.000,0,0
412,2060,right_shoulder_pitch,1.438918,0.023966,1.473480,0.150000,1.473480,1.484000,1.484000,-0.872665,3.141593,0.034562,0,0.045082,Cruise,traj_vel,0.276492,2.450654,0.150000,0.286713,2.887367,3.131200,0.150000,8.000,2.000,0,0
413,2065,right_shoulder_pitch,1.439302,0.023969,1.474230,0.150000,1.474230,1.484000,1.484000,-0.872665,3.141593,0.034928,0,0.044698,Cruise,traj_vel,0.279424,2.450778,0.150000,0.278050,2.878829,3.178807,0.150000,8.000,2.000,0,0
414,2070,right_shoulder_pitch,1.439685,0.023979,1.474980,0.150000,1.474980,1.484000,1.484000,-0.872665,3.141593,0.035295,0,0.044315,Cruise,traj_vel,0.282356,2.450902,0.150000,0.271549,2.872451,3.068941,0.150000,8.000,2.000,0,0
415,2075,right_shoulder_pitch,1.440452,0.047930,1.475730,0.150000,1.475730,1.484000,1.484000,-0.872665,3.141593,0.035278,0,0.043548,Cruise,traj_vel,0.282220,2.451150,0.150000,0.254696,2.855846,3.151342,0.150000,8.000,2.000,0,0
416,2080,right_shoulder_pitch,1.441219,0.047939,1.476480,0.150000,1.476480,1.484000,1.484000,-0.872665,3.141593,0.035261,0,0.042781,Cruise,traj_vel,0.282084,2.451395,0.150000,0.242053,2.843448,3.089082,0.150000,8.000,2.000,0,0
417,2085,right_shoulder_pitch,1.442753,0.095837,1.477230,0.150000,1.477230,1.484000,1.484000,-0.872665,3.141593,0.034477,0,0.041247,Cruise,traj_vel,0.275812,2.451882,0.150000,0.208621,2.810504,3.012178,0.150000,8.000,2.000,0,0
418,2090,right_shoulder_pitch,1.444287,0.095886,1.477980,0.150000,1.477980,1.484000,1.484000,-0.872665,3.141593,0.033693,0,0.039713,Cruise,traj_vel,0.269541,2.452364,0.150000,0.183523,2.785887,2.990205,0.150000,8.000,2.000,0,0
419,2095,right_shoulder_pitch,1.446972,0.167842,1.478730,0.150000,1.478730,1.484000,1.484000,-0.872665,3.141593,0.031758,0,0.037028,Cruise,traj_vel,0.254065,2.453192,0.150000,0.128722,2.731914,2.746664,0.150000,8.000,2.000,0,0
420,2100,right_shoulder_pitch,1.451190,0.263608,1.479480,0.150000,1.479480,1.484000,1.484000,-0.872665,3.141593,0.028290,0,0.032810,Cruise,traj_vel,0.226317,2.454458,0.000000,0.039737,2.494195,2.752157,0.150000,8.000,2.000,0,0
421,2105,right_shoulder_pitch,1.455792,0.287636,1.480230,0.150000,1.480230,1.484000,1.484000,-0.872665,3.141593,0.024438,0,0.028208,Cruise,traj_vel,0.195502,2.455790,0.000000,-0.039327,2.416462,2.799768,0.150000,8.000,2.000,0,0
422,2110,right_shoulder_pitch,1.460778,0.311517,1.480980,0.150000,1.480980,1.484000,1.484000,-0.872665,3.141593,0.020202,0,0.023222,Cruise,traj_vel,0.161612,2.457174,0.000000,-0.040000,2.417174,2.693564,0.150000,8.000,2.000,0,0
423,2115,right_shoulder_pitch,1.466531,0.359560,1.481730,0.150000,1.481730,1.484000,1.484000,-0.872665,3.141593,0.015199,0,0.017469,Cruise,traj_vel,0.121594,2.458695,0.000000,-0.040000,2.418695,2.448195,0.150000,8.000,2.000,0,0
424,2120,right_shoulder_pitch,1.472667,0.383651,1.482367,0.127500,1.482367,1.484000,1.484000,-0.872665,3.141593,0.009701,0,0.011333,Decelerate,traj_vel,0.077606,2.460227,0.000000,-0.040000,2.420227,2.900480,0.127500,8.000,2.000,0,0
425,2125,right_shoulder_pitch,1.476885,0.263619,1.482892,0.105000,1.482892,1.484000,1.484000,-0.872665,3.141593,0.006007,0,0.007115,Decelerate,traj_vel,0.048058,2.461227,0.000000,-0.040000,2.421227,2.517775,0.105000,8.000,2.000,0,0
426,2130,right_shoulder_pitch,1.481487,0.287622,1.483305,0.082500,1.483305,1.484000,1.484000,-0.872665,3.141593,0.001818,0,0.002513,Decelerate,traj_vel,0.014543,2.462268,0.000000,-0.040000,2.422268,2.266914,0.082500,8.000,2.000,0,0
427,2135,right_shoulder_pitch,1.486857,0.335571,1.483605,0.060000,1.484000,1.484000,1.484000,-0.872665,3.141593,-0.002857,0,-0.002857,Decelerate,settle,-0.022853,2.463416,-0.008570,-0.464896,1.989950,2.131412,0.060000,8.000,2.000,0,0
428,2140,right_shoulder_pitch,1.491842,0.311569,1.483792,0.037500,1.484000,1.484000,1.484000,-0.872665,3.141593,-0.007842,0,-0.007842,Decelerate,settle,-0.062736,2.464419,-0.023526,-0.519457,1.921436,2.697226,0.037500,8.000,2.000,0,0
429,2145,right_shoulder_pitch,1.494910,0.191808,1.484000,0.000000,1.484000,1.484000,1.484000,-0.872665,3.141593,-0.010910,0,-0.010910,Hold,settle,-0.087280,2.465005,-0.032730,0.000000,2.432275,2.160709,0.000000,8.000,2.000,0,0
430,2150,right_shoulder_pitch,1.498361,0.215695,1.484000,0.000000,1.484000,1.484000,1.484000,-0.872665,3.141593,-0.014361,0,-0.014361,Hold,settle,-0.114892,2.465637,-0.043084,0.000000,2.422553,1.891537,0.000000,8.000,2.000,0,0
431,2155,right_shoulder_pitch,1.502196,0.239330,1.484000,0.000000,1.484000,1.484000,1.484000,-0.872665,3.141593,-0.018196,0,-0.018196,Hold,settle,-0.145571,2.466305,-0.054589,0.000000,2.411716,2.398753,0.000000,8.000,2.000,0,0
432,2160,right_shoulder_pitch,1.504881,0.134209,1.484000,0.000000,1.484000,1.484000,1.484000,-0.872665,3.141593,-0.020881,0,-0.020881,Hold,settle,-0.167047,2.466751,-0.150000,0.000000,2.316751,2.600176,0.000000,8.000,2.000,0,0
433,2165,right_shoulder_pitch,1.505648,0.047924,1.484000,0.000000,1.484000,1.484000,1.484000,-0.872665,3.141593,-0.021648,0,-0.021648,Hold,settle,-0.173183,2.466876,-0.150000,0.000000,2.316876,2.477492,0.000000,8.000,2.000,0,0
434,2170,right_shoulder_pitch,1.505648,0.000000,1.484000,0.000000,1.484000,1.484000,1.484000,-0.872665,3.141593,-0.021648,0,-0.021648,Hold,settle,-0.173183,2.466876,-0.150000,0.000000,2.316876,2.233955,0.000000,8.000,2.000,0,0
435,2175,right_shoulder_pitch,1.505264,-0.019180,1.484000,0.000000,1.484000,1.484000,1.484000,-0.872665,3.141593,-0.021264,0,-0.021264,Hold,settle,-0.170115,2.466814,-0.150000,0.000000,2.316814,2.210151,0.000000,8.000,2.000,0,0
436,2180,right_shoulder_pitch,1.503730,-0.095961,1.484000,0.000000,1.484000,1.484000,1.484000,-0.872665,3.141593,-0.019730,0,-0.019730,Hold,settle,-0.157843,2.466562,-0.059191,0.000000,2.407371,2.197334,0.000000,8.000,2.000,0,0
437,2185,right_shoulder_pitch,1.501813,-0.079889,1.484000,0.000000,1.484000,1.484000,1.484000,-0.872665,3.141593,-0.017813,0,-0.017813,Hold,settle,-0.142503,2.466240,-0.053439,0.000000,2.412801,2.182685,0.000000,8.000,2.000,0,0
438,2190,right_shoulder_pitch,1.500279,-0.076697,1.484000,0.000000,1.484000,1.484000,1.484000,-0.872665,3.141593,-0.016279,0,-0.016279,Hold,settle,-0.130232,2.465976,-0.048837,0.000000,2.417139,2.186347,0.000000,8.000,2.000,0,0
439,2195,right_shoulder_pitch,1.499512,-0.047935,1.484000,0.000000,1.484000,1.484000,1.484000,-0.872665,3.141593,-0.015512,0,-0.015512,Hold,settle,-0.124096,2.465842,-0.046536,0.000000,2.419306,2.279731,0.000000,8.000,2.000,0,0
440,2200,right_shoulder_pitch,1.498745,-0.047931,1.484000,0.000000,1.484000,1.484000,1.484000,-0.872665,3.141593,-0.014745,0,-0.014745,Hold,settle,-0.117960,2.465706,-0.044235,0.000000,2.421471,2.222968,0.000000,8.000,2.000,0,0
441,2205,right_shoulder_pitch,1.498361,-0.023977,1.484000,0.000000,1.484000,1.484000,1.484000,-0.872665,3.141593,-0.014361,0,-0.014361,Hold,settle,-0.114892,2.465637,-0.043084,0.000000,2.422553,2.197334,0.000000,8.000,2.000,0,0
442,2210,right_shoulder_pitch,1.498361,0.000000,1.484000,0.000000,1.484000,1.484000,1.484000,-0.872665,3.141593,-0.014361,0,-0.014361,Hold,settle,-0.114892,2.465637,-0.043084,0.000000,2.422553,2.270576,0.000000,8.000,2.000,0,0
443,2215,right_shoulder_pitch,1.498361,0.000000,1.484000,0.000000,1.484000,1.484000,1.484000,-0.872665,3.141593,-0.014361,0,-0.014361,Hold,settle,-0.114892,2.465637,-0.043084,0.000000,2.422553,2.351146,0.000000,8.000,2.000,0,0
444,2220,right_shoulder_pitch,1.498745,0.023965,1.484000,0.000000,1.484000,1.484000,1.484000,-0.872665,3.141593,-0.014745,0,-0.014745,Hold,settle,-0.117960,2.465706,-0.044235,0.000000,2.421471,2.301707,0.000000,8.000,2.000,0,0
445,2225,right_shoulder_pitch,1.498745,0.000000,1.484000,0.000000,1.484000,1.484000,1.484000,-0.872665,3.141593,-0.014745,0,-0.014745,Hold,settle,-0.117960,2.465706,-0.044235,0.000000,2.421471,2.345653,0.000000,8.000,2.000,0,0
446,2230,right_shoulder_pitch,1.498745,0.000000,1.484000,0.000000,1.484000,1.484000,1.484000,-0.872665,3.141593,-0.014745,0,-0.014745,Hold,settle,-0.117960,2.465706,-0.044235,0.000000,2.421471,2.343822,0.000000,8.000,2.000,0,0
447,2235,right_shoulder_pitch,1.498745,0.000000,1.484000,0.000000,1.484000,1.484000,1.484000,-0.872665,3.141593,-0.014745,0,-0.014745,Hold,settle,-0.117960,2.465706,-0.044235,0.000000,2.421471,2.318187,0.000000,8.000,2.000,0,0
448,2240,right_shoulder_pitch,1.498745,0.000000,1.484000,0.000000,1.484000,1.484000,1.484000,-0.872665,3.141593,-0.014745,0,-0.014745,Hold,settle,-0.117960,2.465706,-0.044235,0.000000,2.421471,2.287059,0.000000,8.000,2.000,0,0
449,2245,right_shoulder_pitch,1.498361,-0.023965,1.484000,0.000000,1.484000,1.484000,1.484000,-0.872665,3.141593,-0.014361,0,-0.014361,Hold,settle,-0.114892,2.465637,-0.043084,0.000000,2.422553,2.312694,0.000000,8.000,2.000,0,0
450,2250,right_shoulder_pitch,1.498745,0.023978,1.484000,0.000000,1.484000,1.484000,1.484000,-0.872665,3.141593,-0.014745,0,-0.014745,Hold,settle,-0.117960,2.465706,-0.044235,0.000000,2.421471,2.277900,0.000000,8.000,2.000,0,0
451,2255,right_shoulder_pitch,1.498745,0.000000,1.484000,0.000000,1.484000,1.484000,1.484000,-0.872665,3.141593,-0.014745,0,-0.014745,Hold,settle,-0.117960,2.465706,-0.044235,0.000000,2.421471,2.309031,0.000000,8.000,2.000,0,0
452,2260,right_shoulder_pitch,1.498745,0.000000,1.484000,0.000000,1.484000,1.484000,1.484000,-0.872665,3.141593,-0.014745,0,-0.014745,Hold,settle,-0.117960,2.465706,-0.044235,0.000000,2.421471,2.340159,0.000000,8.000,2.000,0,0
453,2265,right_shoulder_pitch,1.498745,0.000000,1.484000,0.000000,1.484000,1.484000,1.484000,-0.872665,3.141593,-0.014745,0,-0.014745,Hold,settle,-0.117960,2.465706,-0.044235,0.000000,2.421471,2.274238,0.000000,8.000,2.000,0,0
454,2270,right_shoulder_pitch,1.498745,0.000000,1.484000,0.000000,1.484000,1.484000,1.484000,-0.872665,3.141593,-0.014745,0,-0.014745,Hold,settle,-0.117960,2.465706,-0.044235,0.000000,2.421471,2.305369,0.000000,8.000,2.000,0,0
455,2275,right_shoulder_pitch,1.498745,0.000000,1.484000,0.000000,1.484000,1.484000,1.484000,-0.872665,3.141593,-0.014745,0,-0.014745,Hold,settle,-0.117960,2.465706,-0.044235,0.000000,2.421471,2.321849,0.000000,8.000,2.000,0,0
456,2280,right_shoulder_pitch,1.498361,-0.023964,1.484000,0.000000,1.484000,1.484000,1.484000,-0.872665,3.141593,-0.014361,0,-0.014361,Hold,settle,-0.114892,2.465637,-0.043084,0.000000,2.422553,2.345653,0.000000,8.000,2.000,0,0
457,2285,right_shoulder_pitch,1.498745,0.023969,1.484000,0.000000,1.484000,1.484000,1.484000,-0.872665,3.141593,-0.014745,0,-0.014745,Hold,settle,-0.117960,2.465706,-0.044235,0.000000,2.421471,2.277900,0.000000,8.000,2.000,0,0
458,2290,right_shoulder_pitch,1.498745,0.000000,1.484000,0.000000,1.484000,1.484000,1.484000,-0.872665,3.141593,-0.014745,0,-0.014745,Hold,settle,-0.117960,2.465706,-0.044235,0.000000,2.421471,2.290721,0.000000,8.000,2.000,0,0
459,2295,right_shoulder_pitch,1.498745,0.000000,1.484000,0.000000,1.484000,1.484000,1.484000,-0.872665,3.141593,-0.014745,0,-0.014745,Hold,settle,-0.117960,2.465706,-0.044235,0.000000,2.421471,2.303538,0.000000,8.000,2.000,0,0
460,2300,right_shoulder_pitch,1.498745,0.000000,1.484000,0.000000,1.484000,1.484000,1.484000,-0.872665,3.141593,-0.014745,0,-0.014745,Hold,settle,-0.117960,2.465706,-0.044235,0.000000,2.421471,2.299876,0.000000,8.000,2.000,0,0
461,2305,right_shoulder_pitch,1.498745,0.000000,1.484000,0.000000,1.484000,1.484000,1.484000,-0.872665,3.141593,-0.014745,0,-0.014745,Hold,settle,-0.117960,2.465706,-0.044235,0.000000,2.421471,2.298045,0.000000,8.000,2.000,0,0
462,2310,right_shoulder_pitch,1.498745,0.000000,1.484000,0.000000,1.484000,1.484000,1.484000,-0.872665,3.141593,-0.014745,0,-0.014745,Hold,settle,-0.117960,2.465706,-0.044235,0.000000,2.421471,2.290721,0.000000,8.000,2.000,0,0
463,2315,right_shoulder_pitch,1.498745,0.000000,1.484000,0.000000,1.484000,1.484000,1.484000,-0.872665,3.141593,-0.014745,0,-0.014745,Hold,settle,-0.117960,2.465706,-0.044235,0.000000,2.421471,2.296214,0.000000,8.000,2.000,0,0
464,2320,right_shoulder_pitch,1.498745,0.000000,1.484000,0.000000,1.484000,1.484000,1.484000,-0.872665,3.141593,-0.014745,0,-0.014745,Hold,settle,-0.117960,2.465706,-0.044235,0.000000,2.421471,2.314525,0.000000,8.000,2.000,0,0
465,2325,right_shoulder_pitch,1.498745,0.000000,1.484000,0.000000,1.484000,1.484000,1.484000,-0.872665,3.141593,-0.014745,0,-0.014745,Hold,settle,-0.117960,2.465706,-0.044235,0.000000,2.421471,2.292552,0.000000,8.000,2.000,0,0
466,2330,right_shoulder_pitch,1.498361,-0.023966,1.484000,0.000000,1.484000,1.484000,1.484000,-0.872665,3.141593,-0.014361,0,-0.014361,Hold,settle,-0.114892,2.465637,-0.043084,0.000000,2.422553,2.309031,0.000000,8.000,2.000,0,0
467,2335,right_shoulder_pitch,1.498745,0.023969,1.484000,0.000000,1.484000,1.484000,1.484000,-0.872665,3.141593,-0.014745,0,-0.014745,Hold,settle,-0.117960,2.465706,-0.044235,0.000000,2.421471,2.307200,0.000000,8.000,2.000,0,0
468,2340,right_shoulder_pitch,1.498745,0.000000,1.484000,0.000000,1.484000,1.484000,1.484000,-0.872665,3.141593,-0.014745,0,-0.014745,Hold,settle,-0.117960,2.465706,-0.044235,0.000000,2.421471,2.305369,0.000000,8.000,2.000,0,0
469,2345,right_shoulder_pitch,1.498745,0.000000,1.484000,0.000000,1.484000,1.484000,1.484000,-0.872665,3.141593,-0.014745,0,-0.014745,Hold,settle,-0.117960,2.465706,-0.044235,0.000000,2.421471,2.285228,0.000000,8.000,2.000,0,0
470,2350,right_shoulder_pitch,1.498745,0.000000,1.484000,0.000000,1.484000,1.484000,1.484000,-0.872665,3.141593,-0.014745,0,-0.014745,Hold,settle,-0.117960,2.465706,-0.044235,0.000000,2.421471,2.296214,0.000000,8.000,2.000,0,0
471,2355,right_shoulder_pitch,1.498745,0.000000,1.484000,0.000000,1.484000,1.484000,1.484000,-0.872665,3.141593,-0.014745,0,-0.014745,Hold,settle,-0.117960,2.465706,-0.044235,0.000000,2.421471,2.283393,0.000000,8.000,2.000,0,0
472,2360,right_shoulder_pitch,1.498745,0.000000,1.484000,0.000000,1.484000,1.484000,1.484000,-0.872665,3.141593,-0.014745,0,-0.014745,Hold,settle,-0.117960,2.465706,-0.044235,0.000000,2.421471,2.325511,0.000000,8.000,2.000,0,0
473,2365,right_shoulder_pitch,1.498745,0.000000,1.484000,0.000000,1.484000,1.484000,1.484000,-0.872665,3.141593,-0.014745,0,-0.014745,Hold,settle,-0.117960,2.465706,-0.044235,0.000000,2.421471,2.301707,0.000000,8.000,2.000,0,0
474,2370,right_shoulder_pitch,1.498745,0.000000,1.484000,0.000000,1.484000,1.484000,1.484000,-0.872665,3.141593,-0.014745,0,-0.014745,Hold,settle,-0.117960,2.465706,-0.044235,0.000000,2.421471,2.303538,0.000000,8.000,2.000,0,0
475,2375,right_shoulder_pitch,1.498745,0.000000,1.484000,0.000000,1.484000,1.484000,1.484000,-0.872665,3.141593,-0.014745,0,-0.014745,Hold,settle,-0.117960,2.465706,-0.044235,0.000000,2.421471,2.340159,0.000000,8.000,2.000,0,0
476,2380,right_shoulder_pitch,1.498745,0.000000,1.484000,0.000000,1.484000,1.484000,1.484000,-0.872665,3.141593,-0.014745,0,-0.014745,Hold,settle,-0.117960,2.465706,-0.044235,0.000000,2.421471,2.307200,0.000000,8.000,2.000,0,0
477,2385,right_shoulder_pitch,1.498745,0.000000,1.484000,0.000000,1.484000,1.484000,1.484000,-0.872665,3.141593,-0.014745,0,-0.014745,Hold,settle,-0.117960,2.465706,-0.044235,0.000000,2.421471,2.281562,0.000000,8.000,2.000,0,0
478,2390,right_shoulder_pitch,1.498745,0.000000,1.484000,0.000000,1.484000,1.484000,1.484000,-0.872665,3.141593,-0.014745,0,-0.014745,Hold,settle,-0.117960,2.465706,-0.044235,0.000000,2.421471,2.341990,0.000000,8.000,2.000,0,0
479,2395,right_shoulder_pitch,1.498745,0.000000,1.484000,0.000000,1.484000,1.484000,1.484000,-0.872665,3.141593,-0.014745,0,-0.014745,Hold,settle,-0.117960,2.465706,-0.044235,0.000000,2.421471,2.320018,0.000000,8.000,2.000,0,0
480,2400,right_shoulder_pitch,1.498745,0.000000,1.484000,0.000000,1.484000,1.484000,1.484000,-0.872665,3.141593,-0.014745,0,-0.014745,Hold,settle,-0.117960,2.465706,-0.044235,0.000000,2.421471,2.296214,0.000000,8.000,2.000,0,0
481,2405,right_shoulder_pitch,1.498745,0.000000,1.484000,0.000000,1.484000,1.484000,1.484000,-0.872665,3.141593,-0.014745,0,-0.014745,Hold,settle,-0.117960,2.465706,-0.044235,0.000000,2.421471,2.296214,0.000000,8.000,2.000,0,0
482,2410,right_shoulder_pitch,1.498745,0.000000,1.484000,0.000000,1.484000,1.484000,1.484000,-0.872665,3.141593,-0.014745,0,-0.014745,Hold,settle,-0.117960,2.465706,-0.044235,0.000000,2.421471,2.290721,0.000000,8.000,2.000,0,0
483,2415,right_shoulder_pitch,1.498745,0.000000,1.484000,0.000000,1.484000,1.484000,1.484000,-0.872665,3.141593,-0.014745,0,-0.014745,Hold,settle,-0.117960,2.465706,-0.044235,0.000000,2.421471,2.321849,0.000000,8.000,2.000,0,0
484,2420,right_shoulder_pitch,1.498745,0.000000,1.484000,0.000000,1.484000,1.484000,1.484000,-0.872665,3.141593,-0.014745,0,-0.014745,Hold,settle,-0.117960,2.465706,-0.044235,0.000000,2.421471,2.277900,0.000000,8.000,2.000,0,0
485,2425,right_shoulder_pitch,1.498745,0.000000,1.484000,0.000000,1.484000,1.484000,1.484000,-0.872665,3.141593,-0.014745,0,-0.014745,Hold,settle,-0.117960,2.465706,-0.044235,0.000000,2.421471,2.305369,0.000000,8.000,2.000,0,0
486,2430,right_shoulder_pitch,1.498745,0.000000,1.484000,0.000000,1.484000,1.484000,1.484000,-0.872665,3.141593,-0.014745,0,-0.014745,Hold,settle,-0.117960,2.465706,-0.044235,0.000000,2.421471,2.283393,0.000000,8.000,2.000,0,0
487,2435,right_shoulder_pitch,1.498745,0.000000,1.484000,0.000000,1.484000,1.484000,1.484000,-0.872665,3.141593,-0.014745,0,-0.014745,Hold,settle,-0.117960,2.465706,-0.044235,0.000000,2.421471,2.307200,0.000000,8.000,2.000,0,0
488,2440,right_shoulder_pitch,1.498745,0.000000,1.484000,0.000000,1.484000,1.484000,1.484000,-0.872665,3.141593,-0.014745,0,-0.014745,Hold,settle,-0.117960,2.465706,-0.044235,0.000000,2.421471,2.312694,0.000000,8.000,2.000,0,0
489,2445,right_shoulder_pitch,1.498361,-0.023967,1.484000,0.000000,1.484000,1.484000,1.484000,-0.872665,3.141593,-0.014361,0,-0.014361,Hold,settle,-0.114892,2.465637,-0.043084,0.000000,2.422553,2.321849,0.000000,8.000,2.000,0,0
490,2450,right_shoulder_pitch,1.498745,0.023979,1.484000,0.000000,1.484000,1.484000,1.484000,-0.872665,3.141593,-0.014745,0,-0.014745,Hold,settle,-0.117960,2.465706,-0.044235,0.000000,2.421471,2.309031,0.000000,8.000,2.000,0,0
491,2455,right_shoulder_pitch,1.498745,0.000000,1.484000,0.000000,1.484000,1.484000,1.484000,-0.872665,3.141593,-0.014745,0,-0.014745,Hold,settle,-0.117960,2.465706,-0.044235,0.000000,2.421471,2.325511,0.000000,8.000,2.000,0,0
492,2460,right_shoulder_pitch,1.498745,0.000000,1.484000,0.000000,1.484000,1.484000,1.484000,-0.872665,3.141593,-0.014745,0,-0.014745,Hold,settle,-0.117960,2.465706,-0.044235,0.000000,2.421471,2.345653,0.000000,8.000,2.000,0,0
493,2465,right_shoulder_pitch,1.498745,0.000000,1.497882,-0.172500,1.468745,0.000000,0.000000,-0.872665,3.141593,-0.030000,0,-1.498745,Accelerate,traj_vel,-0.240000,2.465706,-0.150000,-0.345000,1.970706,2.320018,-0.172500,8.000,2.000,1,0
494,2470,right_shoulder_pitch,1.498745,0.000000,1.496907,-0.195000,1.468745,0.000000,0.000000,-0.872665,3.141593,-0.030000,0,-1.498745,Accelerate,traj_vel,-0.240000,2.465706,-0.150000,-0.390000,1.925706,2.272407,-0.195000,8.000,2.000,1,0
495,2475,right_shoulder_pitch,1.497978,-0.048025,1.495820,-0.217500,1.467978,0.000000,0.000000,-0.872665,3.141593,-0.030000,0,-1.497978,Accelerate,traj_vel,-0.240000,2.465569,-0.150000,-0.410988,1.904581,1.832943,-0.217500,8.000,2.000,1,0
496,2480,right_shoulder_pitch,1.496827,-0.071911,1.494620,-0.240000,1.494620,0.000000,0.000000,-0.872665,3.141593,-0.002208,0,-1.496827,Accelerate,traj_vel,-0.017660,2.465360,-0.150000,-0.426035,1.889325,1.666310,-0.240000,8.000,2.000,0,0
497,2485,right_shoulder_pitch,1.495677,-0.057516,1.493307,-0.262500,1.493307,0.000000,0.000000,-0.872665,3.141593,-0.002370,0,-1.495677,Accelerate,traj_vel,-0.018956,2.465148,-0.150000,-0.455769,1.859380,1.737725,-0.262500,8.000,2.000,0,0
498,2490,right_shoulder_pitch,1.493760,-0.119833,1.491882,-0.285000,1.491882,0.000000,0.000000,-0.872665,3.141593,-0.001877,0,-1.493760,Accelerate,traj_vel,-0.015016,2.464788,-0.150000,-0.458160,1.856628,1.876888,-0.285000,8.000,2.000,0,0
499,2495,right_shoulder_pitch,1.492226,-0.095864,1.490345,-0.307500,1.490345,0.000000,0.000000,-0.872665,3.141593,-0.001881,0,-1.492226,Accelerate,traj_vel,-0.015045,2.464493,-0.150000,-0.483188,1.831305,1.788994,-0.307500,8.000,2.000,0,0
500,2500,right_shoulder_pitch,1.491075,-0.071898,1.488695,-0.330000,1.488695,0.000000,0.000000,-0.872665,3.141593,-0.002380,0,-1.491075,Accelerate,traj_vel,-0.019041,2.464268,-0.150000,-0.525192,1.789077,1.853085,-0.330000,8.000,2.000,0,0
501,2505,right_shoulder_pitch,1.489925,-0.071934,1.486932,-0.352500,1.486932,0.000000,0.000000,-0.872665,3.141593,-0.002992,0,-1.489925,Accelerate,traj_vel,-0.023937,2.464040,-0.150000,-0.567927,1.746113,1.754204,-0.352500,8.000,2.000,0,0
502,2510,right_shoulder_pitch,1.489541,-0.023968,1.485057,-0.375000,1.485057,0.000000,0.000000,-0.872665,3.141593,-0.004484,0,-1.489541,Accelerate,traj_vel,-0.035869,2.463964,-0.150000,-0.635211,1.678752,1.726738,-0.375000,8.000,2.000,0,0
503,2515,right_shoulder_pitch,1.489158,-0.023962,1.483070,-0.397500,1.483070,0.000000,0.000000,-0.872665,3.141593,-0.006088,0,-1.489158,Accelerate,traj_vel,-0.048701,2.463886,-0.150000,-0.696928,1.616959,1.627858,-0.397500,8.000,2.000,0,0
504,2520,right_shoulder_pitch,1.489158,0.000000,1.480970,-0.420000,1.480970,0.000000,0.000000,-0.871800,3.141593,-0.008188,0,-1.489158,Accelerate,traj_vel,-0.065501,2.463886,-0.150000,-0.766446,1.547441,1.627858,-0.420000,8.000,2.000,0,0
505,2525,right_shoulder_pitch,1.489158,0.000000,1.478757,-0.442500,1.478757,0.000000,0.000000,-0.870272,3.141593,-0.010400,0,-1.489158,Accelerate,traj_vel,-0.083201,2.463886,-0.150000,-0.829834,1.484052,1.604054,-0.442500,8.000,2.000,0,0
506,2530,right_shoulder_pitch,1.489158,0.000000,1.476432,-0.465000,1.476432,0.000000,0.000000,-0.868688,3.141593,-0.012725,0,-1.489158,Accelerate,traj_vel,-0.101801,2.463886,-0.150000,-0.888626,1.425261,1.517991,-0.465000,8.000,2.000,0,0
507,2535,right_shoulder_pitch,1.489158,0.000000,1.473995,-0.487500,1.473995,0.000000,0.000000,-0.867047,3.141593,-0.015163,0,-1.489158,Accelerate,traj_vel,-0.121301,2.463886,-0.150000,-0.943969,1.369917,1.395307,-0.487500,8.000,2.000,0,0
508,2540,right_shoulder_pitch,1.489158,0.000000,1.471495,-0.500000,1.471495,0.000000,0.000000,-0.866111,3.141593,-0.017663,0,-1.489158,Cruise,traj_vel,-0.141301,2.463886,-0.150000,-0.976727,1.337159,1.351361,-0.500000,8.000,2.000,0,0
509,2545,right_shoulder_pitch,1.488391,-0.047926,1.468995,-0.500000,1.468995,0.000000,0.000000,-0.866111,3.141593,-0.019396,0,-1.488391,Cruise,traj_vel,-0.155165,2.463731,-0.150000,-0.958582,1.355149,1.230508,-0.500000,8.000,2.000,0,0
510,2550,right_shoulder_pitch,1.488007,-0.023966,1.466495,-0.500000,1.466495,0.000000,0.000000,-0.866111,3.141593,-0.021512,0,-1.488007,Cruise,traj_vel,-0.172097,2.463653,-0.150000,-0.956954,1.356699,1.219518,-0.500000,8.000,2.000,0,0
511,2555,right_shoulder_pitch,1.487624,-0.023963,1.463995,-0.500000,1.463995,0.000000,0.000000,-0.866111,3.141593,-0.023629,0,-1.487624,Cruise,traj_vel,-0.189029,2.463574,-0.150000,-0.955734,1.357841,1.215856,-0.500000,8.000,2.000,0,0
512,2560,right_shoulder_pitch,1.487240,-0.023984,1.461495,-0.500000,1.461495,0.000000,0.000000,-0.866111,3.141593,-0.025745,0,-1.487240,Cruise,traj_vel,-0.205961,2.463495,-0.150000,-0.954808,1.358687,1.236001,-0.500000,8.000,2.000,0,0
513,2565,right_shoulder_pitch,1.486857,-0.023967,1.458995,-0.500000,1.458995,0.000000,0.000000,-0.866111,3.141593,-0.027862,0,-1.486857,Cruise,traj_vel,-0.222893,2.463416,-0.150000,-0.954123,1.359293,1.133459,-0.500000,8.000,2.000,0,0
514,2570,right_shoulder_pitch,1.486473,-0.023964,1.456495,-0.500000,1.456495,0.000000,0.000000,-0.866111,3.141593,-0.029978,0,-1.486473,Cruise,traj_vel,-0.239825,2.463336,-0.150000,-0.953610,1.359726,1.230508,-0.500000,8.000,2.000,0,0
515,2575,right_shoulder_pitch,1.486090,-0.023965,1.453995,-0.500000,1.453995,0.000000,0.000000,-0.866111,3.141593,-0.032095,0,-1.486090,Cruise,traj_vel,-0.256757,2.463256,-0.150000,-0.953225,1.360031,1.127965,-0.500000,8.000,2.000,0,0
516,2580,right_shoulder_pitch,1.486090,0.000000,1.451495,-0.500000,1.451495,0.000000,0.000000,-0.866111,3.141593,-0.034595,0,-1.486090,Cruise,traj_vel,-0.276757,2.463256,-0.150000,-0.964919,1.348338,1.138952,-0.500000,8.000,2.000,0,0
517,2585,right_shoulder_pitch,1.485323,-0.047933,1.448995,-0.500000,1.448995,0.000000,0.000000,-0.866111,3.141593,-0.036328,0,-1.485323,Cruise,traj_vel,-0.290621,2.463095,-0.150000,-0.949722,1.363373,1.113317,-0.500000,8.000,2.000,0,0
518,2590,right_shoulder_pitch,1.484555,-0.047980,1.446495,-0.500000,1.446495,0.000000,0.000000,-0.866111,3.141593,-0.038060,0,-1.484555,Cruise,traj_vel,-0.304479,2.462932,-0.150000,-0.938302,1.374630,1.171911,-0.500000,8.000,2.000,0,0
519,2595,right_shoulder_pitch,1.483404,-0.071887,1.443995,-0.500000,1.443995,0.000000,0.000000,-0.866111,3.141593,-0.039409,0,-1.483404,Cruise,traj_vel,-0.315275,2.462686,-0.150000,-0.917783,1.394903,1.303750,-0.500000,8.000,2.000,0,0
520,2600,right_shoulder_pitch,1.480720,-0.167764,1.441495,-0.500000,1.441495,0.000000,0.000000,-0.866111,3.141593,-0.039225,0,-1.480720,Cruise,traj_vel,-0.313800,2.462098,-0.150000,-0.854455,1.457642,1.311074,-0.500000,8.000,2.000,0,0
521,2605,right_shoulder_pitch,1.476885,-0.239797,1.438995,-0.500000,1.438995,0.000000,0.000000,-0.866111,3.141593,-0.037890,0,-1.476885,Cruise,traj_vel,-0.303120,2.461227,-0.150000,-0.770943,1.540284,1.534470,-0.500000,8.000,2.000,0,0
522,2610,right_shoulder_pitch,1.471900,-0.311490,1.436495,-0.500000,1.436495,0.000000,0.000000,-0.866111,3.141593,-0.035405,0,-1.471900,Cruise,traj_vel,-0.283236,2.460040,-0.150000,-0.672462,1.637578,1.446576,-0.500000,8.000,2.000,0,0
523,2615,right_shoulder_pitch,1.466147,-0.359598,1.433995,-0.500000,1.433995,0.000000,0.000000,-0.866111,3.141593,-0.032152,0,-1.466147,Cruise,traj_vel,-0.257217,2.458596,-0.150000,-0.574548,1.734048,1.422772,-0.500000,8.000,2.000,0,0
524,2620,right_shoulder_pitch,1.458476,-0.479331,1.431495,-0.500000,1.431495,0.000000,0.000000,-0.866111,3.141593,-0.026981,0,-1.458476,Cruise,traj_vel,-0.215852,2.456543,-0.150000,-0.441245,1.865297,1.486863,-0.500000,8.000,2.000,0,0
525,2625,right_shoulder_pitch,1.450807,-0.479281,1.428995,-0.500000,1.428995,0.000000,0.000000,-0.866111,3.141593,-0.021812,0,-1.450807,Cruise,traj_vel,-0.174493,2.454345,-0.150000,-0.341293,1.963052,1.325723,-0.500000,8.000,2.000,0,0
526,2630,right_shoulder_pitch,1.443520,-0.455586,1.426495,-0.500000,1.426495,0.000000,0.000000,-0.866111,3.141593,-0.017025,0,-1.443520,Cruise,traj_vel,-0.136202,2.452124,-0.150000,-0.278177,2.023947,2.193671,-0.500000,8.000,2.000,0,0
527,2635,right_shoulder_pitch,1.433549,-0.623213,1.423995,-0.500000,1.423995,0.000000,0.000000,-0.866111,3.141593,-0.009554,0,-1.433549,Cruise,traj_vel,-0.076429,2.448873,0.000000,-0.147026,2.301847,1.975769,-0.500000,8.000,2.000,0,0
528,2640,right_shoulder_pitch,1.426262,-0.455404,1.421495,-0.500000,1.421495,0.000000,0.000000,-0.866111,3.141593,-0.004767,0,-1.426262,Cruise,traj_vel,-0.038137,2.446343,-0.150000,-0.132568,2.163776,1.517991,-0.500000,8.000,2.000,0,0
529,2645,right_shoulder_pitch,1.419359,-0.431222,1.418995,-0.500000,1.418995,0.000000,0.000000,-0.866111,3.141593,-0.000364,0,-1.419359,Cruise,traj_vel,-0.002914,2.443827,-0.150000,-0.133815,2.160013,2.098453,-0.500000,8.000,2.000,0,0
530,2650,right_shoulder_pitch,1.412840,-0.407526,1.416495,-0.500000,1.412840,0.000000,0.000000,-0.866111,3.141593,0.000000,0,-1.412840,Cruise,traj_vel,0.000000,2.441344,-0.150000,-0.146598,2.144746,2.420729,-0.500000,8.000,2.000,0,0
531,2655,right_shoulder_pitch,1.406320,-0.407680,1.413995,-0.500000,1.406320,0.000000,0.000000,-0.866111,3.141593,0.000000,0,-1.406320,Cruise,traj_vel,0.000000,2.438757,-0.150000,-0.156109,2.132648,2.418898,-0.500000,8.000,2.000,0,0
532,2660,right_shoulder_pitch,1.400184,-0.383468,1.411495,-0.500000,1.400184,0.000000,0.000000,-0.866111,3.141593,0.000000,0,-1.400184,Cruise,traj_vel,0.000000,2.436227,-0.150000,-0.175347,2.110880,2.160709,-0.500000,8.000,2.000,0,0
533,2665,right_shoulder_pitch,1.395965,-0.263644,1.408995,-0.500000,1.395965,0.000000,0.000000,-0.866111,3.141593,0.000000,0,-1.395965,Cruise,traj_vel,0.000000,2.434435,-0.150000,-0.249688,2.034747,1.924496,-0.500000,8.000,2.000,0,0
534,2670,right_shoulder_pitch,1.391747,-0.263542,1.406495,-0.500000,1.391747,0.000000,0.000000,-0.866111,3.141593,0.000000,0,-1.391747,Cruise,traj_vel,0.000000,2.432599,-0.150000,-0.305495,1.977104,1.953796,-0.500000,8.000,2.000,0,0
535,2675,right_shoulder_pitch,1.387912,-0.239402,1.403995,-0.500000,1.387912,0.000000,0.000000,-0.866111,3.141593,0.000000,0,-1.387912,Cruise,traj_vel,0.000000,2.430893,-0.150000,-0.359420,1.921472,1.933655,-0.500000,8.000,2.000,0,0
536,2680,right_shoulder_pitch,1.384076,-0.240144,1.401495,-0.500000,1.384076,0.000000,0.000000,-0.866111,3.141593,0.000000,0,-1.384076,Cruise,traj_vel,0.000000,2.429151,-0.150000,-0.399493,1.879657,1.827450,-0.500000,8.000,2.000,0,0
537,2685,right_shoulder_pitch,1.382542,-0.095865,1.398995,-0.500000,1.382542,0.000000,0.000000,-0.866111,3.141593,0.000000,0,-1.382542,Cruise,traj_vel,0.000000,2.428444,-0.150000,-0.501687,1.776756,1.721245,-0.500000,8.000,2.000,0,0
538,2690,right_shoulder_pitch,1.382159,-0.023968,1.396495,-0.500000,1.382159,0.000000,0.000000,-0.866111,3.141593,0.000000,0,-1.382159,Cruise,traj_vel,0.000000,2.428266,-0.150000,-0.614281,1.663985,1.801811,-0.500000,8.000,2.000,0,0
539,2695,right_shoulder_pitch,1.381775,-0.023953,1.393995,-0.500000,1.381775,0.000000,0.000000,-0.866111,3.141593,0.000000,0,-1.381775,Cruise,traj_vel,0.000000,2.428088,-0.150000,-0.698734,1.579354,1.695607,-0.500000,8.000,2.000,0,0
540,2700,right_shoulder_pitch,1.382159,0.023966,1.391495,-0.500000,1.382159,0.000000,0.000000,-0.866111,3.141593,0.000000,0,-1.382159,Cruise,traj_vel,0.000000,2.428266,-0.150000,-0.786034,1.492232,1.660817,-0.500000,8.000,2.000,0,0
541,2705,right_shoulder_pitch,1.382159,0.000000,1.388995,-0.500000,1.382159,0.000000,0.000000,-0.866111,3.141593,0.000000,0,-1.382159,Cruise,traj_vel,0.000000,2.428266,-0.150000,-0.839525,1.438741,1.552781,-0.500000,8.000,2.000,0,0
542,2710,right_shoulder_pitch,1.382542,0.023974,1.386495,-0.500000,1.382542,0.000000,0.000000,-0.866111,3.141593,0.000000,0,-1.382542,Cruise,traj_vel,0.000000,2.428444,-0.150000,-0.891631,1.386813,1.578416,-0.500000,8.000,2.000,0,0
543,2715,right_shoulder_pitch,1.382159,-0.023970,1.383995,-0.500000,1.382159,0.000000,0.000000,-0.866111,3.141593,0.000000,0,-1.382159,Cruise,traj_vel,0.000000,2.428266,-0.150000,-0.906738,1.371528,1.508836,-0.500000,8.000,2.000,0,0
544,2720,right_shoulder_pitch,1.382159,0.000000,1.381495,-0.500000,1.381495,0.000000,0.000000,-0.866111,3.141593,-0.000664,0,-1.382159,Cruise,traj_vel,-0.005309,2.428266,-0.150000,-0.930053,1.348213,1.417279,-0.500000,8.000,2.000,0,0
545,2725,right_shoulder_pitch,1.381392,-0.047952,1.378995,-0.500000,1.378995,0.000000,0.000000,-0.866111,3.141593,-0.002397,0,-1.381392,Cruise,traj_vel,-0.019173,2.427910,-0.150000,-0.923564,1.354345,1.459394,-0.500000,8.000,2.000,0,0
546,2730,right_shoulder_pitch,1.380241,-0.071900,1.376495,-0.500000,1.376495,0.000000,0.000000,-0.866111,3.141593,-0.003746,0,-1.380241,Cruise,traj_vel,-0.029970,2.427373,-0.150000,-0.906723,1.370650,1.419110,-0.500000,8.000,2.000,0,0
547,2735,right_shoulder_pitch,1.379474,-0.047925,1.373995,-0.500000,1.373995,0.000000,0.000000,-0.866111,3.141593,-0.005479,0,-1.379474,Cruise,traj_vel,-0.043834,2.427013,-0.150000,-0.906080,1.370933,1.411786,-0.500000,8.000,2.000,0,0
548,2740,right_shoulder_pitch,1.378324,-0.071918,1.371495,-0.500000,1.371495,0.000000,0.000000,-0.866111,3.141593,-0.006829,0,-1.378324,Cruise,traj_vel,-0.054630,2.426470,-0.150000,-0.893601,1.382870,1.439252,-0.500000,8.000,2.000,0,0
549,2745,right_shoulder_pitch,1.376790,-0.095885,1.368995,-0.500000,1.368995,0.000000,0.000000,-0.866111,3.141593,-0.007795,0,-1.376790,Cruise,traj_vel,-0.062358,2.425742,-0.150000,-0.872258,1.403484,1.530808,-0.500000,8.000,2.000,0,0
550,2750,right_shoulder_pitch,1.374489,-0.143783,1.366495,-0.500000,1.366495,0.000000,0.000000,-0.866111,3.141593,-0.007994,0,-1.374489,Cruise,traj_vel,-0.063950,2.424639,-0.150000,-0.832302,1.442337,1.635182,-0.500000,8.000,2.000,0,0
551,2755,right_shoulder_pitch,1.371037,-0.215757,1.363995,-0.500000,1.363995,0.000000,0.000000,-0.866111,3.141593,-0.007042,0,-1.371037,Cruise,traj_vel,-0.056339,2.422960,-0.150000,-0.766348,1.506613,1.519822,-0.500000,8.000,2.000,0,0
552,2760,right_shoulder_pitch,1.367202,-0.239624,1.361495,-0.500000,1.361495,0.000000,0.000000,-0.866111,3.141593,-0.005707,0,-1.367202,Cruise,traj_vel,-0.045659,2.421061,-0.150000,-0.704949,1.566112,1.737725,-0.500000,8.000,2.000,0,0
553,2765,right_shoulder_pitch,1.361449,-0.358889,1.358995,-0.500000,1.358995,0.000000,0.000000,-0.866111,3.141593,-0.002454,0,-1.361449,Cruise,traj_vel,-0.019634,2.418146,-0.150000,-0.599267,1.668878,1.580247,-0.500000,8.000,2.000,0,0
554,2770,right_shoulder_pitch,1.355697,-0.359672,1.356495,-0.500000,1.355697,0.000000,0.000000,-0.866111,3.141593,0.000000,0,-1.355697,Cruise,traj_vel,0.000000,2.415150,-0.150000,-0.519614,1.745536,1.435590,-0.500000,8.000,2.000,0,0
555,2775,right_shoulder_pitch,1.350328,-0.335323,1.353995,-0.500000,1.350328,0.000000,0.000000,-0.866111,3.141593,0.000000,0,-1.350328,Cruise,traj_vel,0.000000,2.412283,-0.150000,-0.472049,1.790234,1.545457,-0.500000,8.000,2.000,0,0
556,2780,right_shoulder_pitch,1.344192,-0.384136,1.351495,-0.500000,1.344192,0.000000,0.000000,-0.866111,3.141593,0.000000,0,-1.344192,Cruise,traj_vel,0.000000,2.408920,-0.150000,-0.411969,1.846951,1.995910,-0.500000,8.000,2.000,0,0
557,2785,right_shoulder_pitch,1.337672,-0.407228,1.348995,-0.500000,1.337672,0.000000,0.000000,-0.866111,3.141593,0.000000,0,-1.337672,Cruise,traj_vel,0.000000,2.405248,-0.150000,-0.355363,1.899885,2.032531,-0.500000,8.000,2.000,0,0
558,2790,right_shoulder_pitch,1.331919,-0.360031,1.346495,-0.500000,1.331919,0.000000,0.000000,-0.866111,3.141593,0.000000,0,-1.331919,Cruise,traj_vel,0.000000,2.401922,-0.150000,-0.336506,1.915416,1.865902,-0.500000,8.000,2.000,0,0
559,2795,right_shoulder_pitch,1.326934,-0.311499,1.343995,-0.500000,1.326934,0.000000,0.000000,-0.866111,3.141593,0.000000,0,-1.326934,Cruise,traj_vel,0.000000,2.398976,-0.150000,-0.346630,1.902346,2.034363,-0.500000,8.000,2.000,0,0
560,2800,right_shoulder_pitch,1.320798,-0.383600,1.341495,-0.500000,1.320798,0.000000,0.000000,-0.866111,3.141593,0.000000,0,-1.320798,Cruise,traj_vel,0.000000,2.395269,-0.150000,-0.318173,1.927096,1.864071,-0.500000,8.000,2.000,0,0
561,2805,right_shoulder_pitch,1.315812,-0.311623,1.338995,-0.500000,1.315812,0.000000,0.000000,-0.866111,3.141593,0.000000,0,-1.315812,Cruise,traj_vel,0.000000,2.392190,-0.150000,-0.332818,1.909372,1.715752,-0.500000,8.000,2.000,0,0
562,2810,right_shoulder_pitch,1.312360,-0.215704,1.336495,-0.500000,1.312360,0.000000,0.000000,-0.866111,3.141593,0.000000,0,-1.312360,Cruise,traj_vel,0.000000,2.390023,-0.150000,-0.391762,1.848261,1.772515,-0.500000,8.000,2.000,0,0
563,2815,right_shoulder_pitch,1.309676,-0.167782,1.333995,-0.500000,1.309676,0.000000,0.000000,-0.866111,3.141593,0.000000,0,-1.309676,Cruise,traj_vel,0.000000,2.388318,-0.150000,-0.459930,1.778388,2.025207,-0.500000,8.000,2.000,0,0
564,2820,right_shoulder_pitch,1.306608,-0.191799,1.331495,-0.500000,1.306608,0.000000,0.000000,-0.866111,3.141593,0.000000,0,-1.306608,Cruise,traj_vel,0.000000,2.386349,-0.150000,-0.499048,1.737301,1.865902,-0.500000,8.000,2.000,0,0
565,2825,right_shoulder_pitch,1.305074,-0.095855,1.328995,-0.500000,1.305074,0.000000,0.000000,-0.866111,3.141593,0.000000,0,-1.305074,Cruise,traj_vel,0.000000,2.385356,-0.150000,-0.576359,1.658997,1.767021,-0.500000,8.000,2.000,0,0
566,2830,right_shoulder_pitch,1.303540,-0.095895,1.326495,-0.500000,1.303540,0.000000,0.000000,-0.866111,3.141593,0.000000,0,-1.303540,Cruise,traj_vel,0.000000,2.384357,-0.150000,-0.634322,1.600036,1.867733,-0.500000,8.000,2.000,0,0
567,2835,right_shoulder_pitch,1.300855,-0.167711,1.323995,-0.500000,1.300855,0.000000,0.000000,-0.866111,3.141593,0.000000,0,-1.300855,Cruise,traj_vel,0.000000,2.382596,-0.150000,-0.641886,1.590711,1.983093,-0.500000,8.000,2.000,0,0
568,2840,right_shoulder_pitch,1.297787,-0.191817,1.321495,-0.500000,1.297787,0.000000,0.000000,-0.866111,3.141593,0.000000,0,-1.297787,Cruise,traj_vel,0.000000,2.380562,-0.150000,-0.635506,1.595057,1.842098,-0.500000,8.000,2.000,0,0
569,2845,right_shoulder_pitch,1.293953,-0.239698,1.318995,-0.500000,1.293953,0.000000,0.000000,-0.866111,3.141593,0.000000,0,-1.293953,Cruise,traj_vel,0.000000,2.377989,-0.150000,-0.606780,1.621208,1.640675,-0.500000,8.000,2.000,0,0
570,2850,right_shoulder_pitch,1.290118,-0.239627,1.316495,-0.500000,1.290118,0.000000,0.000000,-0.866111,3.141593,0.000000,0,-1.290118,Cruise,traj_vel,0.000000,2.375380,-0.150000,-0.585272,1.640108,1.713921,-0.500000,8.000,2.000,0,0
571,2855,right_shoulder_pitch,1.284748,-0.335485,1.313995,-0.500000,1.284748,0.000000,0.000000,-0.866111,3.141593,0.000000,0,-1.284748,Cruise,traj_vel,0.000000,2.371669,-0.150000,-0.521211,1.700457,1.690114,-0.500000,8.000,2.000,0,0
572,2860,right_shoulder_pitch,1.280146,-0.230096,1.311495,-0.500000,1.311495,0.000000,0.000000,-0.866111,3.141593,0.031349,0,-1.280146,Cruise,traj_vel,0.250792,2.368434,-0.150000,-0.525860,1.692573,1.488694,-0.500000,8.000,2.000,0,0
573,2865,right_shoulder_pitch,1.275928,-0.263705,1.308995,-0.500000,1.308995,0.000000,0.000000,-0.866111,3.141593,0.033067,0,-1.275928,Cruise,traj_vel,0.264539,2.365424,-0.150000,-0.512543,1.702881,1.743218,-0.500000,8.000,2.000,0,0
574,2870,right_shoulder_pitch,1.272476,-0.215782,1.306495,-0.500000,1.306495,0.000000,0.000000,-0.866111,3.141593,0.034019,0,-1.272476,Cruise,traj_vel,0.272151,2.362930,-0.150000,-0.526516,1.686414,2.028869,-0.500000,8.000,2.000,0,0
575,2875,right_shoulder_pitch,1.269408,-0.191681,1.303995,-0.500000,1.303995,0.000000,0.000000,-0.866111,3.141593,0.034587,0,-1.269408,Cruise,traj_vel,0.276695,2.360690,-0.150000,-0.549047,1.661643,2.147892,-0.500000,8.000,2.000,0,0
576,2880,right_shoulder_pitch,1.266340,-0.191820,1.301495,-0.500000,1.301495,0.000000,0.000000,-0.866111,3.141593,0.035155,0,-1.266340,Cruise,traj_vel,0.281239,2.358427,-0.150000,-0.565875,1.642552,1.992248,-0.500000,8.000,2.000,0,0
577,2885,right_shoulder_pitch,1.263655,-0.167764,1.298995,-0.500000,1.298995,0.000000,0.000000,-0.866111,3.141593,0.035340,0,-1.263655,Cruise,traj_vel,0.282720,2.356429,-0.150000,-0.590524,1.615905,2.069156,-0.500000,8.000,2.000,0,0
578,2890,right_shoulder_pitch,1.260203,-0.215725,1.296495,-0.500000,1.296495,0.000000,0.000000,-0.866111,3.141593,0.036291,0,-1.260203,Cruise,traj_vel,0.290332,2.353835,-0.150000,-0.585031,1.618805,2.017883,-0.500000,8.000,2.000,0,0
579,2895,right_shoulder_pitch,1.257136,-0.191812,1.293995,-0.500000,1.293995,0.000000,0.000000,-0.866111,3.141593,0.036859,0,-1.257136,Cruise,traj_vel,0.294876,2.351506,-0.150000,-0.592867,1.608639,1.928158,-0.500000,8.000,2.000,0,0
580,2900,right_shoulder_pitch,1.254068,-0.191680,1.291495,-0.500000,1.291495,0.000000,0.000000,-0.866111,3.141593,0.037427,0,-1.254068,Cruise,traj_vel,0.299419,2.349155,-0.150000,-0.598810,1.600345,1.765190,-0.500000,8.000,2.000,0,0
581,2905,right_shoulder_pitch,1.251383,-0.167837,1.288995,-0.500000,1.288995,0.000000,0.000000,-0.866111,3.141593,0.037612,0,-1.251383,Cruise,traj_vel,0.300895,2.347080,-0.150000,-0.615189,1.581891,1.875057,-0.500000,8.000,2.000,0,0
582,2910,right_shoulder_pitch,1.249082,-0.143749,1.286495,-0.500000,1.286495,0.000000,0.000000,-0.866111,3.141593,0.037413,0,-1.249082,Cruise,traj_vel,0.299303,2.345287,-0.150000,-0.639518,1.555770,1.743218,-0.500000,8.000,2.000,0,0
583,2915,right_shoulder_pitch,1.247548,-0.095887,1.283995,-0.500000,1.283995,0.000000,0.000000,-0.866111,3.141593,0.036447,0,-1.247548,Cruise,traj_vel,0.291575,2.344086,-0.150000,-0.681695,1.512391,1.770684,-0.500000,8.000,2.000,0,0
584,2920,right_shoulder_pitch,1.246781,-0.047946,1.281495,-0.500000,1.281495,0.000000,0.000000,-0.866111,3.141593,0.034714,0,-1.246781,Cruise,traj_vel,0.277711,2.343483,-0.150000,-0.737298,1.456185,1.770684,-0.500000,8.000,2.000,0,0
585,2925,right_shoulder_pitch,1.246014,-0.047926,1.278995,-0.500000,1.278995,0.000000,0.000000,-0.866111,3.141593,0.032981,0,-1.246014,Cruise,traj_vel,0.263847,2.342878,-0.150000,-0.779010,1.413868,1.741387,-0.500000,8.000,2.000,0,0
586,2930,right_shoulder_pitch,1.246014,0.000000,1.276495,-0.500000,1.276495,0.000000,0.000000,-0.866111,3.141593,0.030481,0,-1.246014,Cruise,traj_vel,0.243847,2.342878,-0.150000,-0.834258,1.358620,1.677296,0.000000,8.000,2.000,0,0
587,2935,right_shoulder_pitch,1.246014,0.000000,1.273995,-0.500000,1.246014,0.000000,0.000000,-0.866111,3.141593,0.000000,0,-1.246014,Cruise,traj_vel,0.000000,2.342878,-0.150000,-0.875693,1.317185,1.679127,0.000000,8.000,2.000,0,0
588,2940,right_shoulder_pitch,1.246014,0.000000,1.271495,-0.500000,1.246014,0.000000,0.000000,-0.866111,3.141593,0.000000,0,-1.246014,Cruise,traj_vel,0.000000,2.342878,-0.150000,-0.906770,1.286108,1.633351,0.000000,8.000,2.000,0,0
589,2945,right_shoulder_pitch,1.246014,0.000000,1.268995,-0.500000,1.246014,0.000000,0.000000,-0.866111,3.141593,0.000000,0,-1.246014,Cruise,traj_vel,0.000000,2.342878,-0.150000,-0.930077,1.262801,1.395307,0.000000,8.000,2.000,0,0
590,2950,right_shoulder_pitch,1.245631,-0.023965,1.266495,-0.500000,1.245631,0.000000,0.000000,-0.866111,3.141593,0.000000,0,-1.245631,Cruise,traj_vel,0.000000,2.342575,-0.150000,-0.935576,1.257000,1.380658,-0.500000,8.000,2.000,0,0
591,2955,right_shoulder_pitch,1.245247,-0.023977,1.263995,-0.500000,1.245247,0.000000,0.000000,-0.866111,3.141593,0.000000,0,-1.245247,Cruise,traj_vel,0.000000,2.342272,-0.150000,-0.939694,1.252579,1.333047,-0.500000,8.000,2.000,0,0
592,2960,right_shoulder_pitch,1.244097,-0.071892,1.261495,-0.500000,1.244097,0.000000,0.000000,-0.866111,3.141593,0.000000,0,-1.244097,Cruise,traj_vel,0.000000,2.341361,-0.150000,-0.918824,1.272537,1.254312,-0.500000,8.000,2.000,0,0
593,2965,right_shoulder_pitch,1.243330,-0.047939,1.258995,-0.500000,1.243330,0.000000,0.000000,-0.866111,3.141593,0.000000,0,-1.243330,Cruise,traj_vel,0.000000,2.340752,-0.150000,-0.915149,1.275603,1.265298,-0.500000,8.000,2.000,0,0
594,2970,right_shoulder_pitch,1.242946,-0.023973,1.256495,-0.500000,1.242946,0.000000,0.000000,-0.866111,3.141593,0.000000,0,-1.242946,Cruise,traj_vel,0.000000,2.340447,-0.150000,-0.924375,1.266072,1.316568,-0.500000,8.000,2.000,0,0
595,2975,right_shoulder_pitch,1.242179,-0.047926,1.253995,-0.500000,1.242179,0.000000,0.000000,-0.866111,3.141593,0.000000,0,-1.242179,Cruise,traj_vel,0.000000,2.339836,-0.150000,-0.919318,1.270517,1.296426,-0.500000,8.000,2.000,0,0
596,2980,right_shoulder_pitch,1.241796,-0.023977,1.251495,-0.500000,1.241796,0.000000,0.000000,-0.866111,3.141593,0.000000,0,-1.241796,Cruise,traj_vel,0.000000,2.339530,-0.150000,-0.927500,1.262029,1.250650,-0.500000,8.000,2.000,0,0
597,2985,right_shoulder_pitch,1.241029,-0.047922,1.248995,-0.500000,1.241029,0.000000,0.000000,-0.866111,3.141593,0.000000,0,-1.241029,Cruise,traj_vel,0.000000,2.338916,-0.150000,-0.921664,1.267252,1.267129,-0.500000,8.000,2.000,0,0
598,2990,right_shoulder_pitch,1.241029,0.000000,1.246495,-0.500000,1.241029,0.000000,0.000000,-0.866111,3.141593,0.000000,0,-1.241029,Cruise,traj_vel,0.000000,2.338916,-0.150000,-0.941248,1.247668,1.263467,0.000000,8.000,2.000,0,0
599,2995,right_shoulder_pitch,1.240645,-0.023973,1.243995,-0.500000,1.240645,0.000000,0.000000,-0.866111,3.141593,0.000000,0,-1.240645,Cruise,traj_vel,0.000000,2.338609,-0.150000,-0.943950,1.244659,1.281778,-0.500000,8.000,2.000,0,0
600,3000,right_shoulder_pitch,1.240645,0.000000,1.241495,-0.500000,1.240645,0.000000,0.000000,-0.866111,3.141593,0.000000,0,-1.240645,Cruise,traj_vel,0.000000,2.338609,-0.150000,-0.957962,1.230647,1.265298,0.000000,8.000,2.000,0,0
601,3005,right_shoulder_pitch,1.240262,-0.023977,1.238995,-0.500000,1.238995,0.000000,0.000000,-0.866111,3.141593,-0.001267,0,-1.240262,Cruise,traj_vel,-0.010134,2.338302,-0.150000,-0.956483,1.231818,1.305581,-0.500000,8.000,2.000,0,0
602,3010,right_shoulder_pitch,1.239110,-0.071925,1.236495,-0.500000,1.236495,0.000000,0.000000,-0.866111,3.141593,-0.002616,0,-1.239110,Cruise,traj_vel,-0.020924,2.337376,-0.150000,-0.931400,1.255977,1.301919,-0.500000,8.000,2.000,0,0
603,3015,right_shoulder_pitch,1.238343,-0.047950,1.233995,-0.500000,1.233995,0.000000,0.000000,-0.866111,3.141593,-0.004349,0,-1.238343,Cruise,traj_vel,-0.034788,2.336758,-0.150000,-0.924575,1.262183,1.333047,-0.500000,8.000,2.000,0,0
604,3020,right_shoulder_pitch,1.236809,-0.095882,1.231495,-0.500000,1.231495,0.000000,0.000000,-0.866111,3.141593,-0.005315,0,-1.236809,Cruise,traj_vel,-0.042516,2.335518,-0.150000,-0.895490,1.290028,1.351361,-0.500000,8.000,2.000,0,0
605,3025,right_shoulder_pitch,1.234892,-0.119817,1.228995,-0.500000,1.228995,0.000000,0.000000,-0.866111,3.141593,-0.005897,0,-1.234892,Cruise,traj_vel,-0.047176,2.333960,-0.150000,-0.861709,1.322250,1.400800,-0.500000,8.000,2.000,0,0
606,3030,right_shoulder_pitch,1.232208,-0.167810,1.226495,-0.500000,1.226495,0.000000,0.000000,-0.866111,3.141593,-0.005713,0,-1.232208,Cruise,traj_vel,-0.045701,2.331764,-0.150000,-0.812377,1.369387,1.545457,-0.500000,8.000,2.000,0,0
607,3035,right_shoulder_pitch,1.227989,-0.263583,1.223995,-0.500000,1.223995,0.000000,0.000000,-0.866111,3.141593,-0.003994,0,-1.227989,Cruise,traj_vel,-0.031953,2.328279,-0.150000,-0.727491,1.450788,1.507004,-0.500000,8.000,2.000,0,0
608,3040,right_shoulder_pitch,1.223771,-0.263645,1.221495,-0.500000,1.221495,0.000000,0.000000,-0.866111,3.141593,-0.002276,0,-1.223771,Cruise,traj_vel,-0.018205,2.324753,-0.150000,-0.663796,1.510957,1.492356,-0.500000,8.000,2.000,0,0
609,3045,right_shoulder_pitch,1.218402,-0.335623,1.218995,-0.500000,1.218402,0.000000,0.000000,-0.866111,3.141593,0.000000,0,-1.218402,Cruise,traj_vel,0.000000,2.320206,-0.150000,-0.580036,1.590170,1.437421,-0.500000,8.000,2.000,0,0
610,3050,right_shoulder_pitch,1.212649,-0.359528,1.216495,-0.500000,1.212649,0.000000,0.000000,-0.866111,3.141593,0.000000,0,-1.212649,Cruise,traj_vel,0.000000,2.315258,-0.150000,-0.505263,1.659996,1.512498,-0.500000,8.000,2.000,0,0
611,3055,right_shoulder_pitch,1.206513,-0.383553,1.213995,-0.500000,1.206513,0.000000,0.000000,-0.866111,3.141593,0.000000,0,-1.206513,Cruise,traj_vel,0.000000,2.309897,-0.150000,-0.437171,1.722727,1.611378,-0.500000,8.000,2.000,0,0
612,3060,right_shoulder_pitch,1.200760,-0.359253,1.211495,-0.500000,1.200760,0.000000,0.000000,-0.866111,3.141593,0.000000,0,-1.200760,Cruise,traj_vel,0.000000,2.304793,-0.150000,-0.398251,1.756541,1.869564,-0.500000,8.000,2.000,0,0
613,3065,right_shoulder_pitch,1.194624,-0.383699,1.208995,-0.500000,1.194624,0.000000,0.000000,-0.866111,3.141593,0.000000,0,-1.194624,Cruise,traj_vel,0.000000,2.299264,-0.150000,-0.356839,1.792425,1.832943,-0.500000,8.000,2.000,0,0
614,3070,right_shoulder_pitch,1.188871,-0.359647,1.206495,-0.500000,1.188871,0.000000,0.000000,-0.866111,3.141593,0.000000,0,-1.188871,Cruise,traj_vel,0.000000,2.294001,-0.150000,-0.337805,1.806195,1.831112,-0.500000,8.000,2.000,0,0
615,3075,right_shoulder_pitch,1.183119,-0.359019,1.203995,-0.500000,1.183119,0.000000,0.000000,-0.866111,3.141593,0.000000,0,-1.183119,Cruise,traj_vel,0.000000,2.288663,-0.150000,-0.323845,1.814818,1.574754,-0.500000,8.000,2.000,0,0
616,3080,right_shoulder_pitch,1.177750,-0.335096,1.201495,-0.500000,1.177750,0.000000,0.000000,-0.866111,3.141593,0.000000,0,-1.177750,Cruise,traj_vel,0.000000,2.283612,-0.150000,-0.325335,1.808277,1.609547,-0.500000,8.000,2.000,0,0
617,3085,right_shoulder_pitch,1.173531,-0.211120,1.198995,-0.500000,1.173531,0.000000,0.000000,-0.866111,3.141593,0.000000,0,-1.173531,Cruise,traj_vel,0.000000,2.279598,-0.150000,-0.388442,1.741156,1.756035,-0.500000,8.000,2.000,0,0
618,3090,right_shoulder_pitch,1.168162,-0.335937,1.196495,-0.500000,1.168162,0.000000,0.000000,-0.866111,3.141593,0.000000,0,-1.168162,Cruise,traj_vel,0.000000,2.274430,-0.150000,-0.373363,1.751067,1.931820,-0.500000,8.000,2.000,0,0
619,3095,right_shoulder_pitch,1.164710,-0.215782,1.193995,-0.500000,1.164710,0.000000,0.000000,-0.866111,3.141593,0.000000,0,-1.164710,Cruise,traj_vel,0.000000,2.271072,-0.150000,-0.422131,1.698941,1.761528,-0.500000,8.000,2.000,0,0
620,3100,right_shoulder_pitch,1.161642,-0.191818,1.191495,-0.500000,1.161642,0.000000,0.000000,-0.866111,3.141593,0.000000,0,-1.161642,Cruise,traj_vel,0.000000,2.268065,-0.150000,-0.470689,1.647376,1.814629,-0.500000,8.000,2.000,0,0
621,3105,right_shoulder_pitch,1.158574,-0.191750,1.188995,-0.500000,1.188995,0.000000,0.000000,-0.866111,3.141593,0.030421,0,-1.158574,Cruise,traj_vel,0.243366,2.265037,-0.150000,-0.507142,1.607896,1.756035,-0.500000,8.000,2.000,0,0
622,3110,right_shoulder_pitch,1.155506,-0.191711,1.186495,-0.500000,1.186495,0.000000,0.000000,-0.866111,3.141593,0.030989,0,-1.155506,Cruise,traj_vel,0.247910,2.261988,-0.150000,-0.534501,1.577487,1.821957,-0.500000,8.000,2.000,0,0
623,3115,right_shoulder_pitch,1.151671,-0.239777,1.183995,-0.500000,1.183995,0.000000,0.000000,-0.866111,3.141593,0.032324,0,-1.151671,Cruise,traj_vel,0.258589,2.258147,-0.150000,-0.530987,1.577159,1.818295,-0.500000,8.000,2.000,0,0
624,3120,right_shoulder_pitch,1.148220,-0.215632,1.181495,-0.500000,1.181495,0.000000,0.000000,-0.866111,3.141593,0.033275,0,-1.148220,Cruise,traj_vel,0.266201,2.254661,-0.150000,-0.540424,1.564236,1.680958,-0.500000,8.000,2.000,0,0
625,3125,right_shoulder_pitch,1.145152,-0.191797,1.178995,-0.500000,1.178995,0.000000,0.000000,-0.866111,3.141593,0.033843,0,-1.145152,Cruise,traj_vel,0.270745,2.251540,-0.150000,-0.559420,1.542120,1.658986,-0.500000,8.000,2.000,0,0
626,3130,right_shoulder_pitch,1.142467,-0.167694,1.176495,-0.500000,1.176495,0.000000,0.000000,-0.866111,3.141593,0.034028,0,-1.142467,Cruise,traj_vel,0.272221,2.248791,-0.150000,-0.585718,1.513074,1.761528,-0.500000,8.000,2.000,0,0
627,3135,right_shoulder_pitch,1.140166,-0.143920,1.173995,-0.500000,1.173995,0.000000,0.000000,-0.866111,3.141593,0.033829,0,-1.140166,Cruise,traj_vel,0.270634,2.246422,-0.150000,-0.617329,1.479094,1.635182,-0.500000,8.000,2.000,0,0
628,3140,right_shoulder_pitch,1.139399,-0.047948,1.171495,-0.500000,1.171495,0.000000,0.000000,-0.866111,3.141593,0.032096,0,-1.139399,Cruise,traj_vel,0.256770,2.245630,-0.150000,-0.689022,1.406608,1.569260,-0.500000,8.000,2.000,0,0
629,3145,right_shoulder_pitch,1.139782,0.023962,1.168995,-0.500000,1.139782,0.000000,0.000000,-0.866111,3.141593,0.000000,0,-1.139782,Cruise,traj_vel,0.000000,2.246026,-0.150000,-0.778748,1.317279,1.572922,-0.500000,8.000,2.000,0,0
630,3150,right_shoulder_pitch,1.140166,0.023969,1.166495,-0.500000,1.140166,0.000000,0.000000,-0.866111,3.141593,0.000000,0,-1.140166,Cruise,traj_vel,0.000000,2.246422,-0.150000,-0.846045,1.250377,1.583912,-0.500000,8.000,2.000,0,0
631,3155,right_shoulder_pitch,1.140166,0.000000,1.163995,-0.500000,1.140166,0.000000,0.000000,-0.866111,3.141593,0.000000,0,-1.140166,Cruise,traj_vel,0.000000,2.246422,-0.150000,-0.884534,1.211888,1.366010,0.000000,8.000,2.000,0,0
632,3160,right_shoulder_pitch,1.140933,0.047924,1.161495,-0.500000,1.140933,0.000000,0.000000,-0.866111,3.141593,0.000000,0,-1.140933,Cruise,traj_vel,0.000000,2.247213,-0.150000,-0.937363,1.159850,1.305581,-0.500000,8.000,2.000,0,0
633,3165,right_shoulder_pitch,1.140549,-0.023973,1.158995,-0.500000,1.140549,0.000000,0.000000,-0.866111,3.141593,0.000000,0,-1.140549,Cruise,traj_vel,0.000000,2.246818,-0.150000,-0.941036,1.155782,1.234170,-0.500000,8.000,2.000,0,0
634,3170,right_shoulder_pitch,1.140166,-0.023971,1.156495,-0.500000,1.140166,0.000000,0.000000,-0.866111,3.141593,0.000000,0,-1.140166,Cruise,traj_vel,0.000000,2.246422,-0.150000,-0.943791,1.152631,1.236001,-0.500000,8.000,2.000,0,0
635,3175,right_shoulder_pitch,1.139399,-0.047931,1.153995,-0.500000,1.139399,0.000000,0.000000,-0.866111,3.141593,0.000000,0,-1.139399,Cruise,traj_vel,0.000000,2.245630,-0.150000,-0.933878,1.161752,1.124303,-0.500000,8.000,2.000,0,0
636,3180,right_shoulder_pitch,1.138632,-0.047938,1.151495,-0.500000,1.138632,0.000000,0.000000,-0.866111,3.141593,0.000000,0,-1.138632,Cruise,traj_vel,0.000000,2.244836,-0.150000,-0.926439,1.168397,1.162755,-0.500000,8.000,2.000,0,0
637,3185,right_shoulder_pitch,1.138248,-0.023964,1.148995,-0.500000,1.138248,0.000000,0.000000,-0.866111,3.141593,0.000000,0,-1.138248,Cruise,traj_vel,0.000000,2.244439,-0.150000,-0.932848,1.161592,1.093172,-0.500000,8.000,2.000,0,0
638,3190,right_shoulder_pitch,1.138632,0.023971,1.146495,-0.500000,1.138632,0.000000,0.000000,-0.866111,3.141593,0.000000,0,-1.138632,Cruise,traj_vel,0.000000,2.244836,-0.150000,-0.961621,1.133215,1.173742,-0.500000,8.000,2.000,0,0
639,3195,right_shoulder_pitch,1.138632,0.000000,1.143995,-0.500000,1.138632,0.000000,0.000000,-0.866111,3.141593,0.000000,0,-1.138632,Cruise,traj_vel,0.000000,2.244836,-0.150000,-0.971216,1.123620,1.135290,0.000000,8.000,2.000,0,0
640,3200,right_shoulder_pitch,1.139015,0.023970,1.141495,-0.500000,1.139015,0.000000,0.000000,-0.866111,3.141593,0.000000,0,-1.139015,Cruise,traj_vel,0.000000,2.245233,-0.150000,-0.990397,1.104836,1.129797,-0.500000,8.000,2.000,0,0
641,3205,right_shoulder_pitch,1.138632,-0.023971,1.138995,-0.500000,1.138632,0.000000,0.000000,-0.866111,3.141593,0.000000,0,-1.138632,Cruise,traj_vel,0.000000,2.244836,-0.150000,-0.980812,1.114024,1.113317,-0.500000,8.000,2.000,0,0
642,3210,right_shoulder_pitch,1.139015,0.023960,1.136495,-0.500000,1.136495,0.000000,0.000000,-0.866111,3.141593,-0.002520,0,-1.139015,Cruise,traj_vel,-0.020162,2.245233,-0.150000,-0.997589,1.097644,1.144445,-0.500000,8.000,2.000,0,0
643,3215,right_shoulder_pitch,1.138632,-0.023977,1.133995,-0.500000,1.133995,0.000000,0.000000,-0.866111,3.141593,-0.004637,0,-1.138632,Cruise,traj_vel,-0.037094,2.244836,-0.150000,-0.986203,1.108633,1.140783,-0.500000,8.000,2.000,0,0
644,3220,right_shoulder_pitch,1.138632,0.000000,1.131495,-0.500000,1.131495,0.000000,0.000000,-0.866111,3.141593,-0.007137,0,-1.138632,Cruise,traj_vel,-0.057094,2.244836,-0.150000,-0.989652,1.105184,1.069368,0.000000,8.000,2.000,0,0
645,3225,right_shoulder_pitch,1.138632,0.000000,1.128995,-0.500000,1.128995,0.000000,0.000000,-0.866111,3.141593,-0.009637,0,-1.138632,Cruise,traj_vel,-0.077094,2.244836,-0.150000,-0.992239,1.102597,1.060213,0.000000,8.000,2.000,0,0
646,3230,right_shoulder_pitch,1.138632,0.000000,1.126495,-0.500000,1.126495,0.000000,0.000000,-0.866111,3.141593,-0.012137,0,-1.138632,Cruise,traj_vel,-0.097094,2.244836,-0.150000,-0.994179,1.100657,1.051058,0.000000,8.000,2.000,0,0
647,3235,right_shoulder_pitch,1.138632,0.000000,1.123995,-0.500000,1.123995,0.000000,0.000000,-0.866111,3.141593,-0.014637,0,-1.138632,Cruise,traj_vel,-0.117094,2.244836,-0.150000,-0.995635,1.099202,1.045564,0.000000,8.000,2.000,0,0
648,3240,right_shoulder_pitch,1.138632,0.000000,1.121495,-0.500000,1.121495,0.000000,0.000000,-0.866111,3.141593,-0.017137,0,-1.138632,Cruise,traj_vel,-0.137094,2.244836,-0.150000,-0.996726,1.098110,1.019930,0.000000,8.000,2.000,0,0
649,3245,right_shoulder_pitch,1.138632,0.000000,1.118995,-0.500000,1.118995,0.000000,0.000000,-0.866111,3.141593,-0.019637,0,-1.138632,Cruise,traj_vel,-0.157094,2.244836,-0.150000,-0.997544,1.097292,0.970488,0.000000,8.000,2.000,0,0
650,3250,right_shoulder_pitch,1.138248,-0.023970,1.116495,-0.500000,1.116495,0.000000,0.000000,-0.866111,3.141593,-0.021753,0,-1.138248,Cruise,traj_vel,-0.174026,2.244439,-0.150000,-0.986173,1.108266,0.983305,-0.500000,8.000,2.000,0,0
651,3255,right_shoulder_pitch,1.138248,0.000000,1.113995,-0.500000,1.113995,0.000000,0.000000,-0.866111,3.141593,-0.024253,0,-1.138248,Cruise,traj_vel,-0.194026,2.244439,-0.150000,-0.989630,1.104809,0.988798,0.000000,8.000,2.000,0,0
652,3260,right_shoulder_pitch,1.137865,-0.023957,1.111495,-0.500000,1.111495,0.000000,0.000000,-0.866111,3.141593,-0.026370,0,-1.137865,Cruise,traj_vel,-0.210958,2.244042,-0.150000,-0.980244,1.113797,0.954008,-0.500000,8.000,2.000,0,0
653,3265,right_shoulder_pitch,1.137865,0.000000,1.108995,-0.500000,1.108995,0.000000,0.000000,-0.866111,3.141593,-0.028870,0,-1.137865,Cruise,traj_vel,-0.230958,2.244042,-0.150000,-0.985183,1.108858,0.900908,0.000000,8.000,2.000,0,0
654,3270,right_shoulder_pitch,1.137865,0.000000,1.106495,-0.500000,1.106495,0.000000,0.000000,-0.866111,3.141593,-0.031370,0,-1.137865,Cruise,traj_vel,-0.250958,2.244042,-0.150000,-0.988887,1.105154,0.932035,0.000000,8.000,2.000,0,0
655,3275,right_shoulder_pitch,1.137481,-0.023982,1.103995,-0.500000,1.103995,0.000000,0.000000,-0.866111,3.141593,-0.033486,0,-1.137481,Cruise,traj_vel,-0.267890,2.243644,-0.150000,-0.979675,1.113969,0.922880,-0.500000,8.000,2.000,0,0
656,3280,right_shoulder_pitch,1.137098,-0.023971,1.101495,-0.500000,1.101495,0.000000,0.000000,-0.866111,3.141593,-0.035603,0,-1.137098,Cruise,traj_vel,-0.284822,2.243245,-0.150000,-0.972771,1.120475,0.867945,-0.500000,8.000,2.000,0,0
657,3285,right_shoulder_pitch,1.136331,-0.047914,1.098995,-0.500000,1.098995,0.000000,0.000000,-0.866111,3.141593,-0.037336,0,-1.136331,Cruise,traj_vel,-0.298686,2.242448,-0.150000,-0.955621,1.136827,0.893583,-0.500000,8.000,2.000,0,0
658,3290,right_shoulder_pitch,1.135180,-0.071940,1.096495,-0.500000,1.096495,0.000000,0.000000,-0.866111,3.141593,-0.038685,0,-1.135180,Cruise,traj_vel,-0.309482,2.241249,-0.150000,-0.930746,1.160504,0.981474,-0.500000,8.000,2.000,0,0
659,3295,right_shoulder_pitch,1.132879,-0.143759,1.093995,-0.500000,1.093995,0.000000,0.000000,-0.866111,3.141593,-0.038884,0,-1.132879,Cruise,traj_vel,-0.311074,2.238843,-0.150000,-0.876180,1.212663,1.113317,-0.500000,8.000,2.000,0,0
660,3300,right_shoulder_pitch,1.129811,-0.191802,1.091495,-0.500000,1.091495,0.000000,0.000000,-0.866111,3.141593,-0.038316,0,-1.129811,Cruise,traj_vel,-0.306531,2.235616,-0.150000,-0.811234,1.274383,1.259805,-0.500000,8.000,2.000,0,0
661,3305,right_shoulder_pitch,1.124826,-0.311609,1.088995,-0.500000,1.088995,0.000000,0.000000,-0.866111,3.141593,-0.035831,0,-1.124826,Cruise,traj_vel,-0.286648,2.230328,-0.150000,-0.702621,1.377707,1.320230,-0.500000,8.000,2.000,0,0
662,3310,right_shoulder_pitch,1.119074,-0.359328,1.086495,-0.500000,1.086495,0.000000,0.000000,-0.866111,3.141593,-0.032579,0,-1.119074,Cruise,traj_vel,-0.260628,2.224157,-0.150000,-0.597302,1.476856,1.014436,-0.500000,8.000,2.000,0,0
663,3315,right_shoulder_pitch,1.112170,-0.431698,1.083995,-0.500000,1.083995,0.000000,0.000000,-0.866111,3.141593,-0.028175,0,-1.112170,Cruise,traj_vel,-0.225399,2.216655,-0.150000,-0.482127,1.584528,1.355023,-0.500000,8.000,2.000,0,0
664,3320,right_shoulder_pitch,1.103349,-0.551092,1.081495,-0.500000,1.081495,0.000000,0.000000,-0.866111,3.141593,-0.021854,0,-1.103349,Cruise,traj_vel,-0.174836,2.206915,0.000000,-0.336049,1.870866,1.078523,-0.500000,8.000,2.000,0,0
665,3325,right_shoulder_pitch,1.096063,-0.455514,1.078995,-0.500000,1.078995,0.000000,0.000000,-0.866111,3.141593,-0.017068,0,-1.096063,Cruise,traj_vel,-0.136544,2.198740,-0.150000,-0.274280,1.774460,1.642506,-0.500000,8.000,2.000,0,0
666,3330,right_shoulder_pitch,1.087242,-0.551405,1.076495,-0.500000,1.076495,0.000000,0.000000,-0.866111,3.141593,-0.010747,0,-1.087242,Cruise,traj_vel,-0.085975,2.188686,0.000000,-0.180008,2.008679,2.142398,-0.500000,8.000,2.000,0,0
667,3335,right_shoulder_pitch,1.079188,-0.503144,1.073995,-0.500000,1.073995,0.000000,0.000000,-0.866111,3.141593,-0.005194,0,-1.079188,Cruise,traj_vel,-0.041548,2.179359,-0.150000,-0.133434,1.895926,1.344033,-0.500000,8.000,2.000,0,0
668,3340,right_shoulder_pitch,1.072286,-0.431590,1.071495,-0.500000,1.071495,0.000000,0.000000,-0.866111,3.141593,-0.000791,0,-1.072286,Cruise,traj_vel,-0.006325,2.171252,-0.150000,-0.134280,1.886972,1.715752,-0.500000,8.000,2.000,0,0
669,3345,right_shoulder_pitch,1.065765,-0.407349,1.068995,-0.500000,1.065765,0.000000,0.000000,-0.866111,3.141593,0.000000,0,-1.065765,Cruise,traj_vel,0.000000,2.163499,-0.150000,-0.147036,1.866464,1.834774,-0.500000,8.000,2.000,0,0
670,3350,right_shoulder_pitch,1.059629,-0.383597,1.066495,-0.500000,1.059629,0.000000,0.000000,-0.866111,3.141593,0.000000,0,-1.059629,Cruise,traj_vel,0.000000,2.156119,-0.150000,-0.168478,1.837641,1.979431,-0.500000,8.000,2.000,0,0
671,3355,right_shoulder_pitch,1.053493,-0.383552,1.063995,-0.500000,1.053493,0.000000,0.000000,-0.866111,3.141593,0.000000,0,-1.053493,Cruise,traj_vel,0.000000,2.148658,-0.150000,-0.184583,1.814076,2.061832,-0.500000,8.000,2.000,0,0
672,3360,right_shoulder_pitch,1.048508,-0.311475,1.061495,-0.500000,1.048508,0.000000,0.000000,-0.866111,3.141593,0.000000,0,-1.048508,Cruise,traj_vel,0.000000,2.142537,-0.150000,-0.232699,1.759837,1.680958,-0.500000,8.000,2.000,0,0
673,3365,right_shoulder_pitch,1.044290,-0.263759,1.058995,-0.500000,1.044290,0.000000,0.000000,-0.866111,3.141593,0.000000,0,-1.044290,Cruise,traj_vel,0.000000,2.137315,-0.150000,-0.292645,1.694670,1.746880,-0.500000,8.000,2.000,0,0
674,3370,right_shoulder_pitch,1.040070,-0.263623,1.056495,-0.500000,1.040070,0.000000,0.000000,-0.866111,3.141593,0.000000,0,-1.040070,Cruise,traj_vel,0.000000,2.132055,-0.150000,-0.337672,1.644382,1.704766,-0.500000,8.000,2.000,0,0
675,3375,right_shoulder_pitch,1.035852,-0.263725,1.053995,-0.500000,1.035852,0.000000,0.000000,-0.866111,3.141593,0.000000,0,-1.035852,Cruise,traj_vel,0.000000,2.126757,-0.150000,-0.371392,1.605366,1.647999,-0.500000,8.000,2.000,0,0
676,3380,right_shoulder_pitch,1.033168,-0.167780,1.051495,-0.500000,1.033168,0.000000,0.000000,-0.866111,3.141593,0.000000,0,-1.033168,Cruise,traj_vel,0.000000,2.123367,-0.150000,-0.444654,1.528713,1.519822,-0.500000,8.000,2.000,0,0
677,3385,right_shoulder_pitch,1.031250,-0.119652,1.048995,-0.500000,1.031250,0.000000,0.000000,-0.866111,3.141593,0.000000,0,-1.031250,Cruise,traj_vel,0.000000,2.120935,-0.150000,-0.523664,1.447271,1.593068,-0.500000,8.000,2.000,0,0
678,3390,right_shoulder_pitch,1.029716,-0.095860,1.046495,-0.500000,1.029716,0.000000,0.000000,-0.866111,3.141593,0.000000,0,-1.029716,Cruise,traj_vel,0.000000,2.118985,-0.150000,-0.594818,1.374167,1.503342,-0.500000,8.000,2.000,0,0
679,3395,right_shoulder_pitch,1.028566,-0.071899,1.043995,-0.500000,1.028566,0.000000,0.000000,-0.866111,3.141593,0.000000,0,-1.028566,Cruise,traj_vel,0.000000,2.117518,-0.150000,-0.660164,1.307354,1.428266,-0.500000,8.000,2.000,0,0
680,3400,right_shoulder_pitch,1.028182,-0.023980,1.041495,-0.500000,1.028182,0.000000,0.000000,-0.866111,3.141593,0.000000,0,-1.028182,Cruise,traj_vel,0.000000,2.117029,-0.150000,-0.733133,1.233896,1.373334,-0.500000,8.000,2.000,0,0
681,3405,right_shoulder_pitch,1.027415,-0.031982,1.038995,-0.500000,1.027415,0.000000,0.000000,-0.866111,3.141593,0.000000,0,-1.027415,Cruise,traj_vel,0.000000,2.116049,-0.150000,-0.783859,1.182190,1.373334,-0.500000,8.000,2.000,0,0
682,3410,right_shoulder_pitch,1.025114,-0.143838,1.036495,-0.500000,1.025114,0.000000,0.000000,-0.866111,3.141593,0.000000,0,-1.025114,Cruise,traj_vel,0.000000,2.113103,-0.150000,-0.765975,1.197127,1.398969,-0.500000,8.000,2.000,0,0
683,3415,right_shoulder_pitch,1.023580,-0.076686,1.033995,-0.500000,1.023580,0.000000,0.000000,-0.866111,3.141593,0.000000,0,-1.023580,Cruise,traj_vel,0.000000,2.111132,-0.150000,-0.786138,1.174994,1.329385,-0.500000,8.000,2.000,0,0
684,3420,right_shoulder_pitch,1.020129,-0.172596,1.031495,-0.500000,1.020129,0.000000,0.000000,-0.866111,3.141593,0.000000,0,-1.020129,Cruise,traj_vel,0.000000,2.106680,-0.150000,-0.753306,1.203374,1.452069,-0.500000,8.000,2.000,0,0
685,3425,right_shoulder_pitch,1.014759,-0.335653,1.028995,-0.500000,1.014759,0.000000,0.000000,-0.866111,3.141593,0.000000,0,-1.014759,Cruise,traj_vel,0.000000,2.099704,-0.150000,-0.647153,1.302551,1.453900,-0.500000,8.000,2.000,0,0
686,3430,right_shoulder_pitch,1.010157,-0.287439,1.026495,-0.500000,1.010157,0.000000,0.000000,-0.866111,3.141593,0.000000,0,-1.010157,Cruise,traj_vel,0.000000,2.093676,-0.150000,-0.591645,1.352032,1.195714,-0.500000,8.000,2.000,0,0
687,3435,right_shoulder_pitch,1.005172,-0.311703,1.023995,-0.500000,1.005172,0.000000,0.000000,-0.866111,3.141593,0.000000,0,-1.005172,Cruise,traj_vel,0.000000,2.087097,-0.150000,-0.537882,1.399215,1.290933,-0.500000,8.000,2.000,0,0
688,3440,right_shoulder_pitch,1.000570,-0.287558,1.021495,-0.500000,1.000570,0.000000,0.000000,-0.866111,3.141593,0.000000,0,-1.000570,Cruise,traj_vel,0.000000,2.080978,-0.150000,-0.509633,1.421345,1.228673,-0.500000,8.000,2.000,0,0
689,3445,right_shoulder_pitch,0.995584,-0.311632,1.018995,-0.500000,0.995584,0.000000,0.000000,-0.866111,3.141593,0.000000,0,-0.995584,Cruise,traj_vel,0.000000,2.074299,-0.150000,-0.476409,1.447890,1.583912,-0.500000,8.000,2.000,0,0
690,3450,right_shoulder_pitch,0.990215,-0.335664,1.016495,-0.500000,0.990215,0.000000,0.000000,-0.866111,3.141593,0.000000,0,-0.990215,Cruise,traj_vel,0.000000,2.067048,-0.150000,-0.439474,1.477573,1.618702,-0.500000,8.000,2.000,0,0
691,3455,right_shoulder_pitch,0.985229,-0.311589,1.013995,-0.500000,0.985229,0.000000,0.000000,-0.866111,3.141593,0.000000,0,-0.985229,Cruise,traj_vel,0.000000,2.060262,-0.150000,-0.423811,1.486450,1.556443,-0.500000,8.000,2.000,0,0
692,3460,right_shoulder_pitch,0.981011,-0.263667,1.011495,-0.500000,1.011495,0.000000,0.000000,-0.866111,3.141593,0.030484,0,-0.981011,Cruise,traj_vel,0.243874,2.054480,-0.150000,-0.436025,1.468455,1.640675,-0.500000,8.000,2.000,0,0
693,3465,right_shoulder_pitch,0.974875,-0.383362,1.008995,-0.500000,1.008995,0.000000,0.000000,-0.866111,3.141593,0.034120,0,-0.974875,Cruise,traj_vel,0.272961,2.046005,-0.150000,-0.385338,1.510667,1.547288,-0.500000,8.000,2.000,0,0
694,3470,right_shoulder_pitch,0.969506,-0.335632,1.006495,-0.500000,1.006495,0.000000,0.000000,-0.866111,3.141593,0.036989,0,-0.969506,Cruise,traj_vel,0.295913,2.038526,-0.150000,-0.371187,1.517338,1.470383,-0.500000,8.000,2.000,0,0
695,3475,right_shoulder_pitch,0.965670,-0.239765,1.003995,-0.500000,1.003995,0.000000,0.000000,-0.866111,3.141593,0.038325,0,-0.965670,Cruise,traj_vel,0.306598,2.033146,-0.150000,-0.408508,1.474638,1.613209,-0.500000,8.000,2.000,0,0
696,3480,right_shoulder_pitch,0.962602,-0.191694,1.001495,-0.500000,1.001495,0.000000,0.000000,-0.866111,3.141593,0.038893,0,-0.962602,Cruise,traj_vel,0.311142,2.028822,-0.150000,-0.460534,1.418288,1.708428,-0.500000,8.000,2.000,0,0
697,3485,right_shoulder_pitch,0.960301,-0.143850,0.998995,-0.500000,0.998995,0.000000,0.000000,-0.866111,3.141593,0.038694,0,-0.960301,Cruise,traj_vel,0.309550,2.025567,-0.150000,-0.523475,1.352092,1.776177,-0.500000,8.000,2.000,0,0
698,3490,right_shoulder_pitch,0.959151,-0.071881,0.996495,-0.500000,0.996495,0.000000,0.000000,-0.866111,3.141593,0.037344,0,-0.959151,Cruise,traj_vel,0.298754,2.023935,-0.150000,-0.606666,1.267269,1.576585,-0.500000,8.000,2.000,0,0
699,3495,right_shoulder_pitch,0.959534,0.023970,0.993995,-0.500000,0.993995,0.000000,0.000000,-0.866111,3.141593,0.034461,0,-0.959534,Cruise,traj_vel,0.275686,2.024479,-0.150000,-0.716985,1.157495,1.587574,-0.500000,8.000,2.000,0,0
700,3500,right_shoulder_pitch,0.959534,0.000000,0.991495,-0.500000,0.991495,0.000000,0.000000,-0.866111,3.141593,0.031961,0,-0.959534,Cruise,traj_vel,0.255686,2.024479,-0.150000,-0.787738,1.086741,1.583912,0.000000,8.000,2.000,0,0
701,3505,right_shoulder_pitch,0.959151,-0.023971,0.988995,-0.500000,0.959151,0.000000,0.000000,-0.866111,3.141593,0.000000,0,-0.959151,Cruise,traj_vel,0.000000,2.023935,-0.150000,-0.828819,1.045116,1.479539,-0.500000,8.000,2.000,0,0
702,3510,right_shoulder_pitch,0.959151,0.000000,0.986495,-0.500000,0.959151,0.000000,0.000000,-0.866111,3.141593,0.000000,0,-0.959151,Cruise,traj_vel,0.000000,2.023935,-0.150000,-0.871614,1.002321,1.375165,0.000000,8.000,2.000,0,0
703,3515,right_shoulder_pitch,0.958384,-0.047923,0.983995,-0.500000,0.958384,0.000000,0.000000,-0.866111,3.141593,0.000000,0,-0.958384,Cruise,traj_vel,0.000000,2.022846,-0.150000,-0.879749,0.993097,1.263467,-0.500000,8.000,2.000,0,0
704,3520,right_shoulder_pitch,0.957233,-0.071907,0.981495,-0.500000,0.957233,0.000000,0.000000,-0.866111,3.141593,0.000000,0,-0.957233,Cruise,traj_vel,0.000000,2.021209,-0.150000,-0.873858,0.997351,1.166418,-0.500000,8.000,2.000,0,0
705,3525,right_shoulder_pitch,0.954932,-0.143792,0.978995,-0.500000,0.954932,0.000000,0.000000,-0.866111,3.141593,0.000000,0,-0.954932,Cruise,traj_vel,0.000000,2.017929,-0.150000,-0.833498,1.034431,1.294595,-0.500000,8.000,2.000,0,0
706,3530,right_shoulder_pitch,0.951864,-0.191777,0.976495,-0.500000,0.951864,0.000000,0.000000,-0.866111,3.141593,0.000000,0,-0.951864,Cruise,traj_vel,0.000000,2.013538,-0.150000,-0.779235,1.084303,1.303750,-0.500000,8.000,2.000,0,0
707,3535,right_shoulder_pitch,0.948029,-0.239681,0.973995,-0.500000,0.948029,0.000000,0.000000,-0.866111,3.141593,0.000000,0,-0.948029,Cruise,traj_vel,0.000000,2.008023,-0.150000,-0.714585,1.143438,1.300088,-0.500000,8.000,2.000,0,0
708,3540,right_shoulder_pitch,0.943427,-0.287632,0.971495,-0.500000,0.943427,0.000000,0.000000,-0.866111,3.141593,0.000000,0,-0.943427,Cruise,traj_vel,0.000000,2.001365,-0.150000,-0.642123,1.209242,1.182897,-0.500000,8.000,2.000,0,0
709,3545,right_shoulder_pitch,0.937291,-0.383556,0.968995,-0.500000,0.968995,0.000000,0.000000,-0.866111,3.141593,0.031704,0,-0.937291,Cruise,traj_vel,0.253634,1.992423,-0.150000,-0.539814,1.302609,1.245157,-0.500000,8.000,2.000,0,0
710,3550,right_shoulder_pitch,0.931155,-0.383414,0.966495,-0.500000,0.966495,0.000000,0.000000,-0.866111,3.141593,0.035340,0,-0.931155,Cruise,traj_vel,0.282721,1.983406,-0.150000,-0.463154,1.370253,1.069368,-0.500000,8.000,2.000,0,0
711,3555,right_shoulder_pitch,0.926553,-0.287653,0.963995,-0.500000,0.963995,0.000000,0.000000,-0.866111,3.141593,0.037442,0,-0.926553,Cruise,traj_vel,0.299537,1.976594,-0.150000,-0.453539,1.373056,1.437421,-0.500000,8.000,2.000,0,0
712,3560,right_shoulder_pitch,0.922334,-0.263668,0.961495,-0.500000,0.961495,0.000000,0.000000,-0.866111,3.141593,0.039161,0,-0.922334,Cruise,traj_vel,0.313284,1.970314,-0.150000,-0.458320,1.361993,1.851254,-0.500000,8.000,2.000,0,0
713,3565,right_shoulder_pitch,0.916965,-0.335658,0.958995,-0.500000,0.958995,0.000000,0.000000,-0.866111,3.141593,0.042030,0,-0.916965,Cruise,traj_vel,0.336242,1.962268,-0.150000,-0.425911,1.386357,1.886044,-0.500000,8.000,2.000,0,0
714,3570,right_shoulder_pitch,0.912746,-0.263591,0.956495,-0.500000,0.956495,0.000000,0.000000,-0.866111,3.141593,0.043749,0,-0.912746,Cruise,traj_vel,0.349989,1.955907,-0.150000,-0.437637,1.368270,1.565598,-0.500000,8.000,2.000,0,0
715,3575,right_shoulder_pitch,0.909678,-0.191818,0.953995,-0.500000,0.953995,0.000000,0.000000,-0.866111,3.141593,0.044317,0,-0.909678,Cruise,traj_vel,0.354533,1.951260,-0.150000,-0.482319,1.318941,1.732231,-0.500000,8.000,2.000,0,0
716,3580,right_shoulder_pitch,0.905843,-0.239628,0.951495,-0.500000,0.951495,0.000000,0.000000,-0.866111,3.141593,0.045652,0,-0.905843,Cruise,traj_vel,0.365213,1.945424,-0.150000,-0.491925,1.303499,1.657155,-0.500000,8.000,2.000,0,0
717,3585,right_shoulder_pitch,0.902775,-0.191778,0.948995,-0.500000,0.948995,0.000000,0.000000,-0.866111,3.141593,0.046220,0,-0.902775,Cruise,traj_vel,0.369756,1.940736,-0.150000,-0.523055,1.267681,1.587574,-0.500000,8.000,2.000,0,0
718,3590,right_shoulder_pitch,0.900091,-0.167709,0.946495,-0.500000,0.946495,0.000000,0.000000,-0.866111,3.141593,0.046404,0,-0.900091,Cruise,traj_vel,0.371232,1.936618,-0.150000,-0.558437,1.228181,1.503342,-0.500000,8.000,2.000,0,0
719,3595,right_shoulder_pitch,0.898174,-0.119852,0.943995,-0.500000,0.943995,0.000000,0.000000,-0.866111,3.141593,0.045821,0,-0.898174,Cruise,traj_vel,0.366572,1.933668,-0.150000,-0.608902,1.174766,1.463056,-0.500000,8.000,2.000,0,0
720,3600,right_shoulder_pitch,0.897023,-0.071934,0.941495,-0.500000,0.941495,0.000000,0.000000,-0.866111,3.141593,0.044472,0,-0.897023,Cruise,traj_vel,0.355776,1.931895,-0.150000,-0.670709,1.111186,1.530808,-0.500000,8.000,2.000,0,0
721,3605,right_shoulder_pitch,0.896256,-0.047933,0.938995,-0.500000,0.938995,0.000000,0.000000,-0.866111,3.141593,0.042739,0,-0.896256,Cruise,traj_vel,0.341911,1.930711,-0.150000,-0.729065,1.051646,1.428266,-0.500000,8.000,2.000,0,0
722,3610,right_shoulder_pitch,0.896256,0.000000,0.936495,-0.500000,0.936495,0.000000,0.000000,-0.866111,3.141593,0.040239,0,-0.896256,Cruise,traj_vel,0.321911,1.930711,-0.150000,-0.796799,0.983912,1.431928,0.000000,8.000,2.000,0,0
723,3615,right_shoulder_pitch,0.896256,0.000000,0.933995,-0.500000,0.933995,0.000000,0.000000,-0.866111,3.141593,0.037739,0,-0.896256,Cruise,traj_vel,0.301911,1.930711,-0.150000,-0.847599,0.933112,1.373334,0.000000,8.000,2.000,0,0
724,3620,right_shoulder_pitch,0.896640,0.023966,0.931495,-0.500000,0.931495,0.000000,0.000000,-0.866111,3.141593,0.034855,0,-0.896640,Cruise,traj_vel,0.278844,1.931303,-0.150000,-0.897682,0.883621,1.366010,-0.500000,8.000,2.000,0,0
725,3625,right_shoulder_pitch,0.896640,0.000000,0.928995,-0.500000,0.928995,0.000000,0.000000,-0.866111,3.141593,0.032355,0,-0.896640,Cruise,traj_vel,0.258844,1.931303,-0.150000,-0.923262,0.858042,1.298257,0.000000,8.000,2.000,0,0
726,3630,right_shoulder_pitch,0.896640,0.000000,0.926495,-0.500000,0.896640,0.000000,0.000000,-0.866111,3.141593,0.000000,0,-0.896640,Cruise,traj_vel,0.000000,1.931303,-0.150000,-0.942446,0.838857,1.252481,0.000000,8.000,2.000,0,0
727,3635,right_shoulder_pitch,0.895873,-0.047945,0.923995,-0.500000,0.895873,0.000000,0.000000,-0.866111,3.141593,0.000000,0,-0.895873,Cruise,traj_vel,0.000000,1.930119,-0.150000,-0.932862,0.847257,1.124303,-0.500000,8.000,2.000,0,0
728,3640,right_shoulder_pitch,0.895488,-0.024007,0.921495,-0.500000,0.895488,0.000000,0.000000,-0.866111,3.141593,0.000000,0,-0.895488,Cruise,traj_vel,0.000000,1.929525,-0.150000,-0.937643,0.841882,0.974150,-0.500000,8.000,2.000,0,0
729,3645,right_shoulder_pitch,0.894721,-0.047936,0.918995,-0.500000,0.894721,0.000000,0.000000,-0.866111,3.141593,0.000000,0,-0.894721,Cruise,traj_vel,0.000000,1.928339,-0.150000,-0.929264,0.849075,0.774561,-0.500000,8.000,2.000,0,0
730,3650,right_shoulder_pitch,0.893954,-0.047959,0.916495,-0.500000,0.893954,0.000000,0.000000,-0.866111,3.141593,0.000000,0,-0.893954,Cruise,traj_vel,0.000000,1.927152,-0.150000,-0.922969,0.854184,0.880766,-0.500000,8.000,2.000,0,0
731,3655,right_shoulder_pitch,0.893187,-0.047931,0.913995,-0.500000,0.893187,0.000000,0.000000,-0.866111,3.141593,0.000000,0,-0.893187,Cruise,traj_vel,0.000000,1.925964,-0.150000,-0.918261,0.857703,0.946684,-0.500000,8.000,2.000,0,0
732,3660,right_shoulder_pitch,0.892037,-0.071880,0.911495,-0.500000,0.892037,0.000000,0.000000,-0.866111,3.141593,0.000000,0,-0.892037,Cruise,traj_vel,0.000000,1.924180,-0.150000,-0.902756,0.871424,0.880766,-0.500000,8.000,2.000,0,0
733,3665,right_shoulder_pitch,0.891270,-0.038362,0.908995,-0.500000,0.891270,0.000000,0.000000,-0.866111,3.141593,0.000000,0,-0.891270,Cruise,traj_vel,0.000000,1.922989,-0.150000,-0.907886,0.865103,0.933867,-0.500000,8.000,2.000,0,0
734,3670,right_shoulder_pitch,0.889352,-0.119830,0.906495,-0.500000,0.889352,0.000000,0.000000,-0.866111,3.141593,0.000000,0,-0.889352,Cruise,traj_vel,0.000000,1.920006,-0.150000,-0.870999,0.899007,1.049227,-0.500000,8.000,2.000,0,0
735,3675,right_shoulder_pitch,0.887818,-0.095866,0.903995,-0.500000,0.887818,0.000000,0.000000,-0.866111,3.141593,0.000000,0,-0.887818,Cruise,traj_vel,0.000000,1.917616,-0.150000,-0.855316,0.912299,0.968657,-0.500000,8.000,2.000,0,0
736,3680,right_shoulder_pitch,0.885901,-0.119858,0.901495,-0.500000,0.885901,0.000000,0.000000,-0.866111,3.141593,0.000000,0,-0.885901,Cruise,traj_vel,0.000000,1.914620,-0.150000,-0.831559,0.933062,1.105989,-0.500000,8.000,2.000,0,0
737,3685,right_shoulder_pitch,0.882449,-0.215715,0.898995,-0.500000,0.882449,0.000000,0.000000,-0.866111,3.141593,0.000000,0,-0.882449,Cruise,traj_vel,0.000000,1.909211,-0.150000,-0.765811,0.993400,1.279947,-0.500000,8.000,2.000,0,0
738,3690,right_shoulder_pitch,0.877847,-0.287528,0.896495,-0.500000,0.877847,0.000000,0.000000,-0.866111,3.141593,0.000000,0,-0.877847,Cruise,traj_vel,0.000000,1.901964,-0.150000,-0.680595,1.071370,1.140783,-0.500000,8.000,2.000,0,0
739,3695,right_shoulder_pitch,0.873246,-0.287275,0.893995,-0.500000,0.873246,0.000000,0.000000,-0.866111,3.141593,0.000000,0,-0.873246,Cruise,traj_vel,0.000000,1.894677,-0.150000,-0.616808,1.127868,0.968657,-0.500000,8.000,2.000,0,0
740,3700,right_shoulder_pitch,0.867876,-0.335479,0.891495,-0.500000,0.867876,0.000000,0.000000,-0.866111,3.141593,0.000000,0,-0.867876,Cruise,traj_vel,0.000000,1.886123,-0.150000,-0.544867,1.191256,1.124303,-0.500000,8.000,2.000,0,0
741,3705,right_shoulder_pitch,0.862123,-0.360032,0.888995,-0.500000,0.862123,0.000000,0.000000,-0.866111,3.141593,0.000000,0,-0.862123,Cruise,traj_vel,0.000000,1.876898,-0.150000,-0.478634,1.248264,1.193883,-0.500000,8.000,2.000,0,0
742,3710,right_shoulder_pitch,0.856371,-0.287266,0.886495,-0.500000,0.886495,0.000000,0.000000,-0.866111,3.141593,0.030124,0,-0.856371,Cruise,traj_vel,0.240992,1.867612,-0.150000,-0.465343,1.252269,1.259805,-0.500000,8.000,2.000,0,0
743,3715,right_shoulder_pitch,0.849085,-0.364933,0.883995,-0.500000,0.883995,0.000000,0.000000,-0.866111,3.141593,0.034910,0,-0.849085,Cruise,traj_vel,0.279283,1.855761,-0.150000,-0.416541,1.289220,1.554612,-0.500000,8.000,2.000,0,0
744,3720,right_shoulder_pitch,0.842564,-0.407518,0.881495,-0.500000,0.881495,0.000000,0.000000,-0.866111,3.141593,0.038931,0,-0.842564,Cruise,traj_vel,0.311444,1.845073,-0.150000,-0.358647,1.336426,1.637013,-0.500000,8.000,2.000,0,0
745,3725,right_shoulder_pitch,0.837196,-0.335573,0.878995,-0.500000,0.878995,0.000000,0.000000,-0.866111,3.141593,0.041799,0,-0.837196,Cruise,traj_vel,0.334396,1.836212,-0.150000,-0.351199,1.335014,1.547288,-0.500000,8.000,2.000,0,0
746,3730,right_shoulder_pitch,0.832210,-0.311534,0.876495,-0.500000,0.876495,0.000000,0.000000,-0.866111,3.141593,0.044285,0,-0.832210,Cruise,traj_vel,0.354279,1.827938,-0.150000,-0.357632,1.320306,1.446576,-0.500000,8.000,2.000,0,0
747,3735,right_shoulder_pitch,0.828375,-0.239643,0.873995,-0.500000,0.873995,0.000000,0.000000,-0.866111,3.141593,0.045620,0,-0.828375,Cruise,traj_vel,0.364959,1.821542,-0.150000,-0.398402,1.273139,1.503342,-0.500000,8.000,2.000,0,0
748,3740,right_shoulder_pitch,0.825691,-0.167850,0.871495,-0.500000,0.871495,0.000000,0.000000,-0.866111,3.141593,0.045804,0,-0.825691,Cruise,traj_vel,0.366435,1.817048,-0.150000,-0.464877,1.202171,1.395307,-0.500000,8.000,2.000,0,0
749,3745,right_shoulder_pitch,0.823773,-0.119834,0.868995,-0.500000,0.868995,0.000000,0.000000,-0.866111,3.141593,0.045222,0,-0.823773,Cruise,traj_vel,0.361775,1.813831,-0.150000,-0.538741,1.125090,1.510667,-0.500000,8.000,2.000,0,0
750,3750,right_shoulder_pitch,0.823390,-0.023959,0.866495,-0.500000,0.866495,0.000000,0.000000,-0.866111,3.141593,0.043105,0,-0.823390,Cruise,traj_vel,0.344843,1.813187,-0.150000,-0.642076,1.021111,1.446576,-0.500000,8.000,2.000,0,0
751,3755,right_shoulder_pitch,0.823773,0.023977,0.863995,-0.500000,0.863995,0.000000,0.000000,-0.866111,3.141593,0.040222,0,-0.823773,Cruise,traj_vel,0.321775,1.813831,-0.150000,-0.743545,0.920285,1.382489,-0.500000,8.000,2.000,0,0
752,3760,right_shoulder_pitch,0.824540,0.047934,0.861495,-0.500000,0.861495,0.000000,0.000000,-0.866111,3.141593,0.036955,0,-0.824540,Cruise,traj_vel,0.295639,1.815119,-0.150000,-0.831626,0.833493,1.265298,-0.500000,8.000,2.000,0,0
753,3765,right_shoulder_pitch,0.826074,0.095876,0.858995,-0.500000,0.858995,0.000000,0.000000,-0.866111,3.141593,0.032921,0,-0.826074,Cruise,traj_vel,0.263367,1.817691,-0.150000,-0.921658,0.746034,1.212194,-0.500000,8.000,2.000,0,0
754,3770,right_shoulder_pitch,0.826841,0.047940,0.856495,-0.500000,0.826841,0.000000,0.000000,-0.866111,3.141593,0.000000,0,-0.826841,Cruise,traj_vel,0.000000,1.818976,-0.150000,-0.965213,0.703762,1.225011,-0.500000,8.000,2.000,0,0
755,3775,right_shoulder_pitch,0.826841,0.000000,0.853995,-0.500000,0.826841,0.000000,0.000000,-0.866111,3.141593,0.000000,0,-0.826841,Cruise,traj_vel,0.000000,1.818976,-0.150000,-0.973910,0.695066,1.107820,0.000000,8.000,2.000,0,0
756,3780,right_shoulder_pitch,0.826458,-0.023968,0.851495,-0.500000,0.826458,0.000000,0.000000,-0.866111,3.141593,0.000000,0,-0.826458,Cruise,traj_vel,0.000000,1.818333,-0.150000,-0.968449,0.699885,0.772730,-0.500000,8.000,2.000,0,0
757,3785,right_shoulder_pitch,0.826458,0.000000,0.848995,-0.500000,0.826458,0.000000,0.000000,-0.866111,3.141593,0.000000,0,-0.826458,Cruise,traj_vel,0.000000,1.818333,-0.150000,-0.976336,0.691997,0.833155,0.000000,8.000,2.000,0,0
758,3790,right_shoulder_pitch,0.825691,-0.047959,0.846495,-0.500000,0.825691,0.000000,0.000000,-0.866111,3.141593,0.000000,0,-0.825691,Cruise,traj_vel,0.000000,1.817048,-0.150000,-0.958273,0.708776,0.693991,-0.500000,8.000,2.000,0,0
759,3795,right_shoulder_pitch,0.824157,-0.095866,0.843995,-0.500000,0.824157,0.000000,0.000000,-0.866111,3.141593,0.000000,0,-0.824157,Cruise,traj_vel,0.000000,1.814475,-0.150000,-0.920772,0.743703,0.792872,-0.500000,8.000,2.000,0,0
760,3800,right_shoulder_pitch,0.823390,-0.047930,0.841495,-0.500000,0.823390,0.000000,0.000000,-0.866111,3.141593,0.000000,0,-0.823390,Cruise,traj_vel,0.000000,1.813187,-0.150000,-0.916614,0.746573,0.781885,-0.500000,8.000,2.000,0,0
761,3805,right_shoulder_pitch,0.822239,-0.071905,0.838995,-0.500000,0.822239,0.000000,0.000000,-0.866111,3.141593,0.000000,0,-0.822239,Cruise,traj_vel,0.000000,1.811252,-0.150000,-0.901508,0.759744,0.794703,-0.500000,8.000,2.000,0,0
762,3810,right_shoulder_pitch,0.821088,-0.071941,0.836495,-0.500000,0.821088,0.000000,0.000000,-0.866111,3.141593,0.000000,0,-0.821088,Cruise,traj_vel,0.000000,1.809314,-0.150000,-0.890160,0.769154,0.864283,-0.500000,8.000,2.000,0,0
763,3815,right_shoulder_pitch,0.818787,-0.143845,0.833995,-0.500000,0.818787,0.000000,0.000000,-0.866111,3.141593,0.000000,0,-0.818787,Cruise,traj_vel,0.000000,1.805433,-0.150000,-0.845698,0.809735,1.003450,-0.500000,8.000,2.000,0,0
764,3820,right_shoulder_pitch,0.816103,-0.167785,0.831495,-0.500000,0.816103,0.000000,0.000000,-0.866111,3.141593,0.000000,0,-0.816103,Cruise,traj_vel,0.000000,1.800893,-0.150000,-0.800381,0.850512,1.019930,-0.500000,8.000,2.000,0,0
765,3825,right_shoulder_pitch,0.812651,-0.215689,0.828995,-0.500000,0.812651,0.000000,0.000000,-0.866111,3.141593,0.000000,0,-0.812651,Cruise,traj_vel,0.000000,1.795037,-0.150000,-0.742441,0.902596,1.131628,-0.500000,8.000,2.000,0,0
766,3830,right_shoulder_pitch,0.808049,-0.287610,0.826495,-0.500000,0.808049,0.000000,0.000000,-0.866111,3.141593,0.000000,0,-0.808049,Cruise,traj_vel,0.000000,1.787196,-0.150000,-0.663026,0.974170,1.003450,-0.500000,8.000,2.000,0,0
767,3835,right_shoulder_pitch,0.803064,-0.311534,0.823995,-0.500000,0.803064,0.000000,0.000000,-0.866111,3.141593,0.000000,0,-0.803064,Cruise,traj_vel,0.000000,1.778659,-0.150000,-0.591502,1.037156,1.089510,-0.500000,8.000,2.000,0,0
768,3840,right_shoulder_pitch,0.796544,-0.407661,0.821495,-0.500000,0.796544,0.000000,0.000000,-0.866111,3.141593,0.000000,0,-0.796544,Cruise,traj_vel,0.000000,1.767427,-0.150000,-0.489796,1.127630,0.937529,-0.500000,8.000,2.000,0,0
769,3845,right_shoulder_pitch,0.790408,-0.383492,0.818995,-0.500000,0.790408,0.000000,0.000000,-0.866111,3.141593,0.000000,0,-0.790408,Cruise,traj_vel,0.000000,1.756788,-0.150000,-0.425601,1.181187,0.792872,-0.500000,8.000,2.000,0,0
770,3850,right_shoulder_pitch,0.785806,-0.287514,0.816495,-0.500000,0.816495,0.000000,0.000000,-0.866111,3.141593,0.030689,0,-0.785806,Cruise,traj_vel,0.245515,1.748765,-0.150000,-0.425444,1.173321,1.307412,-0.500000,8.000,2.000,0,0
771,3855,right_shoulder_pitch,0.779286,-0.407598,0.813995,-0.500000,0.813995,0.000000,0.000000,-0.866111,3.141593,0.034709,0,-0.779286,Cruise,traj_vel,0.277670,1.737336,-0.150000,-0.365284,1.222052,1.649830,-0.500000,8.000,2.000,0,0
772,3860,right_shoulder_pitch,0.773150,-0.383375,0.811495,-0.500000,0.811495,0.000000,0.000000,-0.866111,3.141593,0.038345,0,-0.773150,Cruise,traj_vel,0.306757,1.726512,-0.150000,-0.332275,1.244237,1.389813,-0.500000,8.000,2.000,0,0
773,3865,right_shoulder_pitch,0.769315,-0.239825,0.808995,-0.500000,0.808995,0.000000,0.000000,-0.866111,3.141593,0.039680,0,-0.769315,Cruise,traj_vel,0.317443,1.719713,-0.150000,-0.379294,1.190419,1.395307,-0.500000,8.000,2.000,0,0
774,3870,right_shoulder_pitch,0.764713,-0.287605,0.806495,-0.500000,0.806495,0.000000,0.000000,-0.866111,3.141593,0.041782,0,-0.764713,Cruise,traj_vel,0.334258,1.711522,-0.150000,-0.390668,1.170854,1.490525,-0.500000,8.000,2.000,0,0
775,3875,right_shoulder_pitch,0.759727,-0.311489,0.803995,-0.500000,0.803995,0.000000,0.000000,-0.866111,3.141593,0.044268,0,-0.759727,Cruise,traj_vel,0.354142,1.702608,-0.150000,-0.387257,1.165351,1.246988,-0.500000,8.000,2.000,0,0
776,3880,right_shoulder_pitch,0.756659,-0.191787,0.801495,-0.500000,0.801495,0.000000,0.000000,-0.866111,3.141593,0.044836,0,-0.756659,Cruise,traj_vel,0.358686,1.697101,-0.150000,-0.444549,1.102552,1.160924,-0.500000,8.000,2.000,0,0
777,3885,right_shoulder_pitch,0.755125,-0.095874,0.798995,-0.500000,0.798995,0.000000,0.000000,-0.866111,3.141593,0.043870,0,-0.755125,Cruise,traj_vel,0.350957,1.694341,-0.150000,-0.535475,1.008866,1.340371,-0.500000,8.000,2.000,0,0
778,3890,right_shoulder_pitch,0.754358,-0.047945,0.796495,-0.500000,0.796495,0.000000,0.000000,-0.866111,3.141593,0.042137,0,-0.754358,Cruise,traj_vel,0.337093,1.692960,-0.150000,-0.627634,0.915326,1.285440,-0.500000,8.000,2.000,0,0
779,3895,right_shoulder_pitch,0.754742,0.023969,0.793995,-0.500000,0.793995,0.000000,0.000000,-0.866111,3.141593,0.039253,0,-0.754742,Cruise,traj_vel,0.314025,1.693651,-0.150000,-0.732710,0.810941,1.223180,-0.500000,8.000,2.000,0,0
780,3900,right_shoulder_pitch,0.755509,0.047923,0.791495,-0.500000,0.791495,0.000000,0.000000,-0.866111,3.141593,0.035986,0,-0.755509,Cruise,traj_vel,0.287889,1.695032,-0.150000,-0.823494,0.721538,1.170080,-0.500000,8.000,2.000,0,0
781,3905,right_shoulder_pitch,0.757043,0.095877,0.788995,-0.500000,0.788995,0.000000,0.000000,-0.866111,3.141593,0.031952,0,-0.757043,Cruise,traj_vel,0.255618,1.697790,-0.150000,-0.915559,0.632232,1.157262,-0.500000,8.000,2.000,0,0
782,3910,right_shoulder_pitch,0.757810,0.047933,0.786495,-0.500000,0.757810,0.000000,0.000000,-0.866111,3.141593,0.000000,0,-0.757810,Cruise,traj_vel,0.000000,1.699168,-0.150000,-0.960635,0.588533,1.115148,-0.500000,8.000,2.000,0,0
783,3915,right_shoulder_pitch,0.757810,0.000000,0.783995,-0.500000,0.757810,0.000000,0.000000,-0.866111,3.141593,0.000000,0,-0.757810,Cruise,traj_vel,0.000000,1.699168,-0.150000,-0.970476,0.578691,0.988798,0.000000,8.000,2.000,0,0
784,3920,right_shoulder_pitch,0.757426,-0.023968,0.781495,-0.500000,0.757426,0.000000,0.000000,-0.866111,3.141593,0.000000,0,-0.757426,Cruise,traj_vel,0.000000,1.698479,-0.150000,-0.965874,0.582605,0.763575,-0.500000,8.000,2.000,0,0
785,3925,right_shoulder_pitch,0.756659,-0.047942,0.778995,-0.500000,0.756659,0.000000,0.000000,-0.866111,3.141593,0.000000,0,-0.756659,Cruise,traj_vel,0.000000,1.697101,-0.150000,-0.950434,0.596667,0.677512,-0.500000,8.000,2.000,0,0
786,3930,right_shoulder_pitch,0.755509,-0.071890,0.776495,-0.500000,0.755509,0.000000,0.000000,-0.866111,3.141593,0.000000,0,-0.755509,Cruise,traj_vel,0.000000,1.695032,-0.150000,-0.926881,0.618151,0.655539,-0.500000,8.000,2.000,0,0
787,3935,right_shoulder_pitch,0.754358,-0.071890,0.773995,-0.500000,0.754358,0.000000,0.000000,-0.866111,3.141593,0.000000,0,-0.754358,Cruise,traj_vel,0.000000,1.692960,-0.150000,-0.909216,0.633745,0.670187,-0.500000,8.000,2.000,0,0
788,3940,right_shoulder_pitch,0.753208,-0.071937,0.771495,-0.500000,0.753208,0.000000,0.000000,-0.866111,3.141593,0.000000,0,-0.753208,Cruise,traj_vel,0.000000,1.690886,-0.150000,-0.895943,0.644943,0.668356,-0.500000,8.000,2.000,0,0
789,3945,right_shoulder_pitch,0.752441,-0.047937,0.768995,-0.500000,0.752441,0.000000,0.000000,-0.866111,3.141593,0.000000,0,-0.752441,Cruise,traj_vel,0.000000,1.689503,-0.150000,-0.897989,0.641514,0.708640,-0.500000,8.000,2.000,0,0
790,3950,right_shoulder_pitch,0.751290,-0.071899,0.766495,-0.500000,0.751290,0.000000,0.000000,-0.866111,3.141593,0.000000,0,-0.751290,Cruise,traj_vel,0.000000,1.687425,-0.150000,-0.887542,0.649883,0.747092,-0.500000,8.000,2.000,0,0
791,3955,right_shoulder_pitch,0.750140,-0.071889,0.763995,-0.500000,0.750140,0.000000,0.000000,-0.866111,3.141593,0.000000,0,-0.750140,Cruise,traj_vel,0.000000,1.685346,-0.150000,-0.879712,0.655633,0.732443,-0.500000,8.000,2.000,0,0
792,3960,right_shoulder_pitch,0.748989,-0.071933,0.761495,-0.500000,0.748989,0.000000,0.000000,-0.866111,3.141593,0.000000,0,-0.748989,Cruise,traj_vel,0.000000,1.683264,-0.150000,-0.873818,0.659446,0.750754,-0.500000,8.000,2.000,0,0
793,3965,right_shoulder_pitch,0.747071,-0.119894,0.758995,-0.500000,0.747071,0.000000,0.000000,-0.866111,3.141593,0.000000,0,-0.747071,Cruise,traj_vel,0.000000,1.679788,-0.150000,-0.845416,0.684372,0.924711,-0.500000,8.000,2.000,0,0
794,3970,right_shoulder_pitch,0.743620,-0.215704,0.756495,-0.500000,0.743620,0.000000,0.000000,-0.866111,3.141593,0.000000,0,-0.743620,Cruise,traj_vel,0.000000,1.673518,-0.150000,-0.776210,0.747308,0.977812,-0.500000,8.000,2.000,0,0
795,3975,right_shoulder_pitch,0.739401,-0.263590,0.753995,-0.500000,0.739401,0.000000,0.000000,-0.866111,3.141593,0.000000,0,-0.739401,Cruise,traj_vel,0.000000,1.665827,-0.150000,-0.700362,0.815465,0.979643,-0.500000,8.000,2.000,0,0
796,3980,right_shoulder_pitch,0.734799,-0.287579,0.751495,-0.500000,0.734799,0.000000,0.000000,-0.866111,3.141593,0.000000,0,-0.734799,Cruise,traj_vel,0.000000,1.657404,-0.150000,-0.631482,0.875922,0.833155,-0.500000,8.000,2.000,0,0
797,3985,right_shoulder_pitch,0.729047,-0.359694,0.748995,-0.500000,0.729047,0.000000,0.000000,-0.866111,3.141593,0.000000,0,-0.729047,Cruise,traj_vel,0.000000,1.646825,-0.150000,-0.543765,0.953060,0.875269,-0.500000,8.000,2.000,0,0
798,3990,right_shoulder_pitch,0.722527,-0.407482,0.746495,-0.500000,0.722527,0.000000,0.000000,-0.866111,3.141593,0.000000,0,-0.722527,Cruise,traj_vel,0.000000,1.634769,-0.150000,-0.454083,1.030686,0.858790,-0.500000,8.000,2.000,0,0
799,3995,right_shoulder_pitch,0.716774,-0.359520,0.743995,-0.500000,0.716774,0.000000,0.000000,-0.866111,3.141593,0.000000,0,-0.716774,Cruise,traj_vel,0.000000,1.624074,-0.150000,-0.410802,1.063272,0.869776,-0.500000,8.000,2.000,0,0
800,4000,right_shoulder_pitch,0.711405,-0.335499,0.741495,-0.500000,0.741495,0.000000,0.000000,-0.866111,3.141593,0.030090,0,-0.711405,Cruise,traj_vel,0.240717,1.614044,-0.150000,-0.390352,1.073693,1.278116,-0.500000,8.000,2.000,0,0
801,4005,right_shoulder_pitch,0.704886,-0.406413,0.738995,-0.500000,0.738995,0.000000,0.000000,-0.866111,3.141593,0.034109,0,-0.704886,Cruise,traj_vel,0.272873,1.601803,-0.150000,-0.339558,1.112245,1.406293,-0.500000,8.000,2.000,0,0
802,4010,right_shoulder_pitch,0.699133,-0.288032,0.736495,-0.500000,0.736495,0.000000,0.000000,-0.866111,3.141593,0.037362,0,-0.699133,Cruise,traj_vel,0.298898,1.590943,-0.150000,-0.360652,1.080291,1.021761,-0.500000,8.000,2.000,0,0
803,4015,right_shoulder_pitch,0.693380,-0.358437,0.733995,-0.500000,0.733995,0.000000,0.000000,-0.866111,3.141593,0.040615,0,-0.693380,Cruise,traj_vel,0.324917,1.580032,-0.150000,-0.341271,1.088761,1.203039,-0.500000,8.000,2.000,0,0
804,4020,right_shoulder_pitch,0.688778,-0.288719,0.731495,-0.500000,0.731495,0.000000,0.000000,-0.866111,3.141593,0.042717,0,-0.688778,Cruise,traj_vel,0.341733,1.571266,-0.150000,-0.361594,1.059672,1.312906,-0.500000,8.000,2.000,0,0
805,4025,right_shoulder_pitch,0.685327,-0.215786,0.728995,-0.500000,0.728995,0.000000,0.000000,-0.866111,3.141593,0.043668,0,-0.685327,Cruise,traj_vel,0.349344,1.564669,-0.150000,-0.413302,1.001367,1.179235,-0.500000,8.000,2.000,0,0
806,4030,right_shoulder_pitch,0.683409,-0.119838,0.726495,-0.500000,0.726495,0.000000,0.000000,-0.866111,3.141593,0.043086,0,-0.683409,Cruise,traj_vel,0.344684,1.560997,-0.150000,-0.500057,0.910939,1.236001,-0.500000,8.000,2.000,0,0
807,4035,right_shoulder_pitch,0.683026,-0.023965,0.723995,-0.500000,0.723995,0.000000,0.000000,-0.866111,3.141593,0.040969,0,-0.683026,Cruise,traj_vel,0.327752,1.560261,-0.150000,-0.613061,0.797201,1.160924,-0.500000,8.000,2.000,0,0
808,4040,right_shoulder_pitch,0.683026,0.000000,0.721495,-0.500000,0.721495,0.000000,0.000000,-0.866111,3.141593,0.038469,0,-0.683026,Cruise,traj_vel,0.307752,1.560261,-0.150000,-0.709795,0.700466,1.195714,0.000000,8.000,2.000,0,0
809,4045,right_shoulder_pitch,0.683409,0.023968,0.718995,-0.500000,0.718995,0.000000,0.000000,-0.866111,3.141593,0.035586,0,-0.683409,Cruise,traj_vel,0.284684,1.560997,-0.150000,-0.794331,0.616666,1.104158,-0.500000,8.000,2.000,0,0
810,4050,right_shoulder_pitch,0.683793,0.023964,0.716495,-0.500000,0.716495,0.000000,0.000000,-0.866111,3.141593,0.032702,0,-0.683793,Cruise,traj_vel,0.261616,1.561732,-0.150000,-0.857730,0.554002,1.041902,-0.500000,8.000,2.000,0,0
811,4055,right_shoulder_pitch,0.684176,0.023972,0.713995,-0.500000,0.684176,0.000000,0.000000,-0.866111,3.141593,0.000000,0,-0.684176,Cruise,traj_vel,0.000000,1.562466,-0.150000,-0.905283,0.507183,0.932035,-0.500000,8.000,2.000,0,0
812,4060,right_shoulder_pitch,0.684176,0.000000,0.711495,-0.500000,0.684176,0.000000,0.000000,-0.866111,3.141593,0.000000,0,-0.684176,Cruise,traj_vel,0.000000,1.562466,-0.150000,-0.928963,0.483504,0.862452,0.000000,8.000,2.000,0,0
813,4065,right_shoulder_pitch,0.683409,-0.047950,0.708995,-0.500000,0.683409,0.000000,0.000000,-0.866111,3.141593,0.000000,0,-0.683409,Cruise,traj_vel,0.000000,1.560997,-0.150000,-0.922747,0.488250,0.672019,-0.500000,8.000,2.000,0,0
814,4070,right_shoulder_pitch,0.682259,-0.071898,0.706495,-0.500000,0.682259,0.000000,0.000000,-0.866111,3.141593,0.000000,0,-0.682259,Cruise,traj_vel,0.000000,1.558790,-0.150000,-0.906111,0.502679,0.712302,-0.500000,8.000,2.000,0,0
815,4075,right_shoulder_pitch,0.680725,-0.095874,0.703995,-0.500000,0.680725,0.000000,0.000000,-0.866111,3.141593,0.000000,0,-0.680725,Cruise,traj_vel,0.000000,1.555845,-0.150000,-0.881646,0.524199,0.677512,-0.500000,8.000,2.000,0,0
816,4080,right_shoulder_pitch,0.678807,-0.119835,0.701495,-0.500000,0.678807,0.000000,0.000000,-0.866111,3.141593,0.000000,0,-0.678807,Cruise,traj_vel,0.000000,1.552158,-0.150000,-0.851317,0.550841,0.706809,-0.500000,8.000,2.000,0,0
817,4085,right_shoulder_pitch,0.676123,-0.167756,0.698995,-0.500000,0.676123,0.000000,0.000000,-0.866111,3.141593,0.000000,0,-0.676123,Cruise,traj_vel,0.000000,1.546988,-0.150000,-0.804610,0.592378,0.834986,-0.500000,8.000,2.000,0,0
818,4090,right_shoulder_pitch,0.672671,-0.215831,0.696495,-0.500000,0.672671,0.000000,0.000000,-0.866111,3.141593,0.000000,0,-0.672671,Cruise,traj_vel,0.000000,1.540322,-0.150000,-0.745542,0.644780,0.834986,-0.500000,8.000,2.000,0,0
819,4095,right_shoulder_pitch,0.668452,-0.263609,0.693995,-0.500000,0.668452,0.000000,0.000000,-0.866111,3.141593,0.000000,0,-0.668452,Cruise,traj_vel,0.000000,1.532151,-0.150000,-0.677352,0.704800,0.930204,-0.500000,8.000,2.000,0,0
820,4100,right_shoulder_pitch,0.662700,-0.359570,0.691495,-0.500000,0.662700,0.000000,0.000000,-0.866111,3.141593,0.000000,0,-0.662700,Cruise,traj_vel,0.000000,1.520966,-0.150000,-0.578229,0.792737,0.699484,-0.500000,8.000,2.000,0,0
821,4105,right_shoulder_pitch,0.656564,-0.383441,0.688995,-0.500000,0.688995,0.000000,0.000000,-0.866111,3.141593,0.032431,0,-0.656564,Cruise,traj_vel,0.259448,1.508979,-0.150000,-0.491951,0.867028,0.587786,-0.500000,8.000,2.000,0,0
822,4110,right_shoulder_pitch,0.650812,-0.359500,0.686495,-0.500000,0.686495,0.000000,0.000000,-0.866111,3.141593,0.035683,0,-0.650812,Cruise,traj_vel,0.285467,1.497690,-0.150000,-0.439213,0.908477,0.639056,-0.500000,8.000,2.000,0,0
823,4115,right_shoulder_pitch,0.645058,-0.359665,0.683995,-0.500000,0.683995,0.000000,0.000000,-0.866111,3.141593,0.038937,0,-0.645058,Cruise,traj_vel,0.311493,1.486350,-0.150000,-0.399578,0.936772,1.316568,-0.500000,8.000,2.000,0,0
824,4120,right_shoulder_pitch,0.638923,-0.383470,0.681495,-0.500000,0.681495,0.000000,0.000000,-0.866111,3.141593,0.042572,0,-0.638923,Cruise,traj_vel,0.340580,1.474201,-0.150000,-0.357948,0.966253,1.433759,-0.500000,8.000,2.000,0,0
825,4125,right_shoulder_pitch,0.633937,-0.311579,0.678995,-0.500000,0.678995,0.000000,0.000000,-0.866111,3.141593,0.045058,0,-0.633937,Cruise,traj_vel,0.360463,1.464290,-0.150000,-0.362672,0.951618,1.170080,-0.500000,8.000,2.000,0,0
826,4130,right_shoulder_pitch,0.629719,-0.263637,0.676495,-0.500000,0.676495,0.000000,0.000000,-0.866111,3.141593,0.046776,0,-0.629719,Cruise,traj_vel,0.374211,1.455874,-0.150000,-0.390185,0.915689,1.426435,-0.500000,8.000,2.000,0,0
827,4135,right_shoulder_pitch,0.625116,-0.287627,0.673995,-0.500000,0.673995,0.000000,0.000000,-0.866111,3.141593,0.048879,0,-0.625116,Cruise,traj_vel,0.391032,1.446663,-0.150000,-0.398826,0.897838,1.153600,-0.500000,8.000,2.000,0,0
828,4140,right_shoulder_pitch,0.621281,-0.239755,0.671495,-0.500000,0.671281,0.000000,0.000000,-0.866111,3.141593,0.050000,1,-0.621281,Cruise,traj_vel,0.400000,1.438965,-0.150000,-0.429242,0.859723,1.030916,-0.500000,8.000,2.000,0,0
829,4145,right_shoulder_pitch,0.618596,-0.167772,0.668995,-0.500000,0.668596,0.000000,0.000000,-0.866111,3.141593,0.050000,1,-0.618596,Cruise,traj_vel,0.400000,1.433563,-0.150000,-0.488045,0.795518,1.060213,-0.500000,8.000,2.000,0,0
830,4150,right_shoulder_pitch,0.617063,-0.095877,0.666495,-0.500000,0.666495,0.000000,0.000000,-0.866111,3.141593,0.049432,0,-0.617063,Cruise,traj_vel,0.395460,1.430472,-0.150000,-0.568095,0.712377,0.996126,-0.500000,8.000,2.000,0,0
831,4155,right_shoulder_pitch,0.616679,-0.023966,0.663995,-0.500000,0.663995,0.000000,0.000000,-0.866111,3.141593,0.047316,0,-0.616679,Cruise,traj_vel,0.378528,1.429699,-0.150000,-0.664089,0.615610,1.065706,-0.500000,8.000,2.000,0,0
832,4160,right_shoulder_pitch,0.617063,0.023964,0.661495,-0.500000,0.661495,0.000000,0.000000,-0.866111,3.141593,0.044432,0,-0.617063,Cruise,traj_vel,0.355460,1.430472,-0.150000,-0.760049,0.520424,1.076692,-0.500000,8.000,2.000,0,0
833,4165,right_shoulder_pitch,0.617830,0.047952,0.658995,-0.500000,0.658995,0.000000,0.000000,-0.866111,3.141593,0.041165,0,-0.617830,Cruise,traj_vel,0.329324,1.432018,-0.150000,-0.844012,0.438006,0.946684,-0.500000,8.000,2.000,0,0
834,4170,right_shoulder_pitch,0.618596,0.047929,0.656495,-0.500000,0.656495,0.000000,0.000000,-0.866111,3.141593,0.037898,0,-0.618596,Cruise,traj_vel,0.303188,1.433563,-0.150000,-0.906974,0.376590,0.915556,-0.500000,8.000,2.000,0,0
835,4175,right_shoulder_pitch,0.619363,0.047941,0.653995,-0.500000,0.653995,0.000000,0.000000,-0.866111,3.141593,0.034631,0,-0.619363,Cruise,traj_vel,0.277052,1.435108,-0.150000,-0.954201,0.330907,0.853297,-0.500000,8.000,2.000,0,0
836,4180,right_shoulder_pitch,0.619363,0.000000,0.651495,-0.500000,0.651495,0.000000,0.000000,-0.866111,3.141593,0.032131,0,-0.619363,Cruise,traj_vel,0.257052,1.435108,-0.150000,-0.965651,0.319457,0.770899,0.000000,8.000,2.000,0,0
837,4185,right_shoulder_pitch,0.618596,-0.047937,0.648995,-0.500000,0.648995,0.000000,0.000000,-0.866111,3.141593,0.030398,0,-0.618596,Cruise,traj_vel,0.243188,1.433563,-0.150000,-0.950269,0.333294,0.714133,-0.500000,8.000,2.000,0,0
838,4190,right_shoulder_pitch,0.617830,-0.047956,0.646495,-0.500000,0.617830,0.000000,0.000000,-0.866111,3.141593,0.000000,0,-0.617830,Cruise,traj_vel,0.000000,1.432018,-0.150000,-0.938724,0.343294,0.512710,-0.500000,8.000,2.000,0,0
839,4195,right_shoulder_pitch,0.617063,-0.047932,0.643995,-0.500000,0.617063,0.000000,0.000000,-0.866111,3.141593,0.000000,0,-0.617063,Cruise,traj_vel,0.000000,1.430472,-0.150000,-0.930077,0.350395,0.567645,-0.500000,8.000,2.000,0,0
840,4200,right_shoulder_pitch,0.616679,-0.023971,0.641495,-0.500000,0.616679,0.000000,0.000000,-0.866111,3.141593,0.000000,0,-0.616679,Cruise,traj_vel,0.000000,1.429699,-0.150000,-0.935572,0.344126,0.369884,-0.500000,8.000,2.000,0,0
841,4205,right_shoulder_pitch,0.616679,0.000000,0.638995,-0.500000,0.616679,0.000000,0.000000,-0.866111,3.141593,0.000000,0,-0.616679,Cruise,traj_vel,0.000000,1.429699,-0.150000,-0.951679,0.328020,0.294811,0.000000,8.000,2.000,0,0
842,4210,right_shoulder_pitch,0.616679,0.000000,0.636495,-0.500000,0.616679,0.000000,0.000000,-0.866111,3.141593,0.000000,0,-0.616679,Cruise,traj_vel,0.000000,1.429699,-0.150000,-0.963760,0.315939,0.335094,0.000000,8.000,2.000,0,0
843,4215,right_shoulder_pitch,0.616679,0.000000,0.633995,-0.500000,0.616679,0.000000,0.000000,-0.866111,3.141593,0.000000,0,-0.616679,Cruise,traj_vel,0.000000,1.429699,-0.150000,-0.972820,0.306879,0.307628,0.000000,8.000,2.000,0,0
844,4220,right_shoulder_pitch,0.616679,0.000000,0.631495,-0.500000,0.616679,0.000000,0.000000,-0.866111,3.141593,0.000000,0,-0.616679,Cruise,traj_vel,0.000000,1.429699,-0.150000,-0.979615,0.300084,0.291145,0.000000,8.000,2.000,0,0
845,4225,right_shoulder_pitch,0.616679,0.000000,0.628995,-0.500000,0.616679,0.000000,0.000000,-0.866111,3.141593,0.000000,0,-0.616679,Cruise,traj_vel,0.000000,1.429699,-0.150000,-0.984711,0.294988,0.303966,0.000000,8.000,2.000,0,0
846,4230,right_shoulder_pitch,0.616679,0.000000,0.626495,-0.500000,0.616679,0.000000,0.000000,-0.866111,3.141593,0.000000,0,-0.616679,Cruise,traj_vel,0.000000,1.429699,-0.150000,-0.988533,0.291166,0.338756,0.000000,8.000,2.000,0,0
847,4235,right_shoulder_pitch,0.616679,0.000000,0.623995,-0.500000,0.616679,0.000000,0.000000,-0.866111,3.141593,0.000000,0,-0.616679,Cruise,traj_vel,0.000000,1.429699,-0.150000,-0.991400,0.288299,0.353404,0.000000,8.000,2.000,0,0
848,4240,right_shoulder_pitch,0.616679,0.000000,0.621495,-0.500000,0.616679,0.000000,0.000000,-0.866111,3.141593,0.000000,0,-0.616679,Cruise,traj_vel,0.000000,1.429699,-0.150000,-0.993550,0.286149,0.311290,0.000000,8.000,2.000,0,0
849,4245,right_shoulder_pitch,0.616679,0.000000,0.618995,-0.500000,0.616679,0.000000,0.000000,-0.866111,3.141593,0.000000,0,-0.616679,Cruise,traj_vel,0.000000,1.429699,-0.150000,-0.995162,0.284536,0.252693,0.000000,8.000,2.000,0,0
850,4250,right_shoulder_pitch,0.616679,0.000000,0.616495,-0.500000,0.616495,0.000000,0.000000,-0.866111,3.141593,-0.000184,0,-0.616679,Cruise,traj_vel,-0.001472,1.429699,-0.150000,-0.996372,0.283327,0.256355,0.000000,8.000,2.000,0,0
851,4255,right_shoulder_pitch,0.616679,0.000000,0.613995,-0.500000,0.613995,0.000000,0.000000,-0.866111,3.141593,-0.002684,0,-0.616679,Cruise,traj_vel,-0.021472,1.429699,-0.150000,-0.997279,0.282420,0.283821,0.000000,8.000,2.000,0,0
852,4260,right_shoulder_pitch,0.616679,0.000000,0.611495,-0.500000,0.611495,0.000000,0.000000,-0.866111,3.141593,-0.005184,0,-0.616679,Cruise,traj_vel,-0.041472,1.429699,-0.150000,-0.997959,0.281740,0.272834,0.000000,8.000,2.000,0,0
853,4265,right_shoulder_pitch,0.616679,0.000000,0.608995,-0.500000,0.608995,0.000000,0.000000,-0.866111,3.141593,-0.007684,0,-0.616679,Cruise,traj_vel,-0.061472,1.429699,-0.150000,-0.998469,0.281230,0.252693,0.000000,8.000,2.000,0,0
854,4270,right_shoulder_pitch,0.616296,-0.023967,0.606495,-0.500000,0.606495,0.000000,0.000000,-0.866111,3.141593,-0.009801,0,-0.616296,Cruise,traj_vel,-0.078404,1.428925,-0.150000,-0.986869,0.292057,0.234382,-0.500000,8.000,2.000,0,0
855,4275,right_shoulder_pitch,0.616679,0.023970,0.603995,-0.500000,0.603995,0.000000,0.000000,-0.866111,3.141593,-0.012684,0,-0.616679,Cruise,traj_vel,-0.101472,1.429699,-0.150000,-1.002136,0.277562,0.307628,-0.500000,8.000,2.000,0,0
856,4280,right_shoulder_pitch,0.616679,0.000000,0.601495,-0.500000,0.601495,0.000000,0.000000,-0.866111,3.141593,-0.015184,0,-0.616679,Cruise,traj_vel,-0.121472,1.429699,-0.150000,-1.001602,0.278097,0.208747,0.000000,8.000,2.000,0,0
857,4285,right_shoulder_pitch,0.616296,-0.023955,0.598995,-0.500000,0.598995,0.000000,0.000000,-0.866111,3.141593,-0.017301,0,-0.616296,Cruise,traj_vel,-0.138404,1.428925,-0.150000,-0.989224,0.289701,0.214241,-0.500000,8.000,2.000,0,0
858,4290,right_shoulder_pitch,0.616296,0.000000,0.596495,-0.500000,0.596495,0.000000,0.000000,-0.866111,3.141593,-0.019801,0,-0.616296,Cruise,traj_vel,-0.158404,1.428925,-0.150000,-0.991918,0.287007,0.175788,0.000000,8.000,2.000,0,0
859,4295,right_shoulder_pitch,0.616296,0.000000,0.593995,-0.500000,0.593995,0.000000,0.000000,-0.866111,3.141593,-0.022301,0,-0.616296,Cruise,traj_vel,-0.178404,1.428925,-0.150000,-0.993939,0.284987,0.164798,0.000000,8.000,2.000,0,0
860,4300,right_shoulder_pitch,0.616296,0.000000,0.591495,-0.500000,0.591495,0.000000,0.000000,-0.866111,3.141593,-0.024801,0,-0.616296,Cruise,traj_vel,-0.198404,1.428925,-0.150000,-0.995454,0.283471,0.164798,0.000000,8.000,2.000,0,0
861,4305,right_shoulder_pitch,0.615912,-0.023966,0.588995,-0.500000,0.588995,0.000000,0.000000,-0.866111,3.141593,-0.026917,0,-0.615912,Cruise,traj_vel,-0.215336,1.428152,-0.150000,-0.984608,0.293544,0.131840,-0.500000,8.000,2.000,0,0
862,4310,right_shoulder_pitch,0.615912,0.000000,0.586495,-0.500000,0.586495,0.000000,0.000000,-0.866111,3.141593,-0.029417,0,-0.615912,Cruise,traj_vel,-0.235336,1.428152,-0.150000,-0.988456,0.289696,0.111698,0.000000,8.000,2.000,0,0
863,4315,right_shoulder_pitch,0.615145,-0.047872,0.583995,-0.500000,0.583995,0.000000,0.000000,-0.866111,3.141593,-0.031150,0,-0.615145,Cruise,traj_vel,-0.249201,1.426604,-0.150000,-0.967406,0.309198,0.115360,-0.500000,8.000,2.000,0,0
864,4320,right_shoulder_pitch,0.614762,-0.019162,0.581495,-0.500000,0.581495,0.000000,0.000000,-0.866111,3.141593,-0.033267,0,-0.614762,Cruise,traj_vel,-0.266133,1.425829,-0.150000,-0.965973,0.309856,0.128177,0.000000,8.000,2.000,0,0
865,4325,right_shoulder_pitch,0.613995,-0.047919,0.578995,-0.500000,0.578995,0.000000,0.000000,-0.866111,3.141593,-0.035000,0,-0.613995,Cruise,traj_vel,-0.279997,1.424280,-0.150000,-0.950521,0.323759,0.140995,-0.500000,8.000,2.000,0,0
866,4330,right_shoulder_pitch,0.612844,-0.072086,0.576495,-0.500000,0.576495,0.000000,0.000000,-0.866111,3.141593,-0.036349,0,-0.612844,Cruise,traj_vel,-0.290793,1.421954,-0.150000,-0.926848,0.345107,0.157474,-0.500000,8.000,2.000,0,0
867,4335,right_shoulder_pitch,0.611310,-0.095864,0.573995,-0.500000,0.573995,0.000000,0.000000,-0.866111,3.141593,-0.037315,0,-0.611310,Cruise,traj_vel,-0.298521,1.418850,-0.150000,-0.897203,0.371647,0.325938,-0.500000,8.000,2.000,0,0
868,4340,right_shoulder_pitch,0.608626,-0.167744,0.571495,-0.500000,0.571495,0.000000,0.000000,-0.866111,3.141593,-0.037131,0,-0.608626,Cruise,traj_vel,-0.297045,1.413411,-0.150000,-0.839030,0.424380,0.410171,-0.500000,8.000,2.000,0,0
869,4345,right_shoulder_pitch,0.604024,-0.287746,0.568995,-0.500000,0.568995,0.000000,0.000000,-0.866111,3.141593,-0.035029,0,-0.604024,Cruise,traj_vel,-0.280230,1.404062,-0.150000,-0.735400,0.518663,0.558490,-0.500000,8.000,2.000,0,0
870,4350,right_shoulder_pitch,0.597887,-0.383547,0.566495,-0.500000,0.566495,0.000000,0.000000,-0.866111,3.141593,-0.031392,0,-0.597887,Cruise,traj_vel,-0.251136,1.391550,-0.150000,-0.609776,0.631774,0.413833,-0.500000,8.000,2.000,0,0
871,4355,right_shoulder_pitch,0.591751,-0.383525,0.563995,-0.500000,0.563995,0.000000,0.000000,-0.866111,3.141593,-0.027756,0,-0.591751,Cruise,traj_vel,-0.222049,1.378986,-0.150000,-0.515569,0.713417,0.362560,-0.500000,8.000,2.000,0,0
872,4360,right_shoulder_pitch,0.582931,-0.551080,0.561495,-0.500000,0.561495,0.000000,0.000000,-0.866111,3.141593,-0.021436,0,-0.582931,Cruise,traj_vel,-0.171486,1.360835,0.000000,-0.361137,0.999698,0.217903,-0.500000,8.000,2.000,0,0
873,4365,right_shoulder_pitch,0.575260,-0.479590,0.558995,-0.500000,0.558995,0.000000,0.000000,-0.866111,3.141593,-0.016265,0,-0.575260,Cruise,traj_vel,-0.130121,1.344964,-0.150000,-0.281058,0.913906,0.584124,-0.500000,8.000,2.000,0,0
874,4370,right_shoulder_pitch,0.566440,-0.551307,0.556495,-0.500000,0.556495,0.000000,0.000000,-0.866111,3.141593,-0.009945,0,-0.566440,Cruise,traj_vel,-0.079557,1.326617,0.000000,-0.185140,1.141477,1.380658,-0.500000,8.000,2.000,0,0
875,4375,right_shoulder_pitch,0.557236,-0.575120,0.553995,-0.500000,0.553995,0.000000,0.000000,-0.866111,3.141593,-0.003241,0,-0.557236,Cruise,traj_vel,-0.025927,1.307361,0.000000,-0.101295,1.206067,0.589617,-0.500000,8.000,2.000,0,0
876,4380,right_shoulder_pitch,0.549565,-0.479406,0.551495,-0.500000,0.549565,0.000000,0.000000,-0.866111,3.141593,0.000000,0,-0.549565,Cruise,traj_vel,0.000000,1.291229,-0.150000,-0.086268,1.054961,0.932035,-0.500000,8.000,2.000,0,0
877,4385,right_shoulder_pitch,0.542279,-0.455378,0.548995,-0.500000,0.542279,0.000000,0.000000,-0.866111,3.141593,0.000000,0,-0.542279,Cruise,traj_vel,0.000000,1.275834,-0.150000,-0.087012,1.038822,0.992460,-0.500000,8.000,2.000,0,0
878,4390,right_shoulder_pitch,0.535759,-0.407404,0.546495,-0.500000,0.535759,0.000000,0.000000,-0.866111,3.141593,0.000000,0,-0.535759,Cruise,traj_vel,0.000000,1.262003,-0.150000,-0.111557,1.000446,1.355023,-0.500000,8.000,2.000,0,0
879,4395,right_shoulder_pitch,0.528473,-0.455582,0.543995,-0.500000,0.528473,0.000000,0.000000,-0.866111,3.141593,0.000000,0,-0.528473,Cruise,traj_vel,0.000000,1.246480,-0.150000,-0.105877,0.990604,1.197546,-0.500000,8.000,2.000,0,0
880,4400,right_shoulder_pitch,0.523103,-0.335381,0.541495,-0.500000,0.523103,0.000000,0.000000,-0.866111,3.141593,0.000000,0,-0.523103,Cruise,traj_vel,0.000000,1.234999,-0.150000,-0.161717,0.923282,0.714133,-0.500000,8.000,2.000,0,0
881,4405,right_shoulder_pitch,0.518885,-0.263739,0.538995,-0.500000,0.518885,0.000000,0.000000,-0.866111,3.141593,0.000000,0,-0.518885,Cruise,traj_vel,0.000000,1.225954,-0.150000,-0.239418,0.836536,0.856959,-0.500000,8.000,2.000,0,0
882,4410,right_shoulder_pitch,0.514283,-0.287654,0.536495,-0.500000,0.514283,0.000000,0.000000,-0.866111,3.141593,0.000000,0,-0.514283,Cruise,traj_vel,0.000000,1.216062,-0.150000,-0.285737,0.780325,0.875269,-0.500000,8.000,2.000,0,0
883,4415,right_shoulder_pitch,0.510064,-0.263718,0.533995,-0.500000,0.510064,0.000000,0.000000,-0.866111,3.141593,0.000000,0,-0.510064,Cruise,traj_vel,0.000000,1.206972,-0.150000,-0.332443,0.724528,0.695822,-0.500000,8.000,2.000,0,0
884,4420,right_shoulder_pitch,0.507380,-0.167753,0.531495,-0.500000,0.507380,0.000000,0.000000,-0.866111,3.141593,0.000000,0,-0.507380,Cruise,traj_vel,0.000000,1.201176,-0.150000,-0.415456,0.635720,0.783716,-0.500000,8.000,2.000,0,0
885,4425,right_shoulder_pitch,0.505462,-0.119843,0.528995,-0.500000,0.505462,0.000000,0.000000,-0.866111,3.141593,0.000000,0,-0.505462,Cruise,traj_vel,0.000000,1.197030,-0.150000,-0.501670,0.545360,0.827662,-0.500000,8.000,2.000,0,0
886,4430,right_shoulder_pitch,0.503161,-0.143764,0.526495,-0.500000,0.503161,0.000000,0.000000,-0.866111,3.141593,0.000000,0,-0.503161,Cruise,traj_vel,0.000000,1.192050,-0.150000,-0.554371,0.487680,0.822169,-0.500000,8.000,2.000,0,0
887,4435,right_shoulder_pitch,0.500476,-0.167847,0.523995,-0.500000,0.500476,0.000000,0.000000,-0.866111,3.141593,0.000000,0,-0.500476,Cruise,traj_vel,0.000000,1.186231,-0.150000,-0.581855,0.454376,0.695822,-0.500000,8.000,2.000,0,0
888,4440,right_shoulder_pitch,0.498175,-0.143786,0.521495,-0.500000,0.498175,0.000000,0.000000,-0.866111,3.141593,0.000000,0,-0.498175,Cruise,traj_vel,0.000000,1.181237,-0.150000,-0.614498,0.416739,0.668356,-0.500000,8.000,2.000,0,0
889,4445,right_shoulder_pitch,0.495107,-0.191809,0.518995,-0.500000,0.495107,0.000000,0.000000,-0.866111,3.141593,0.000000,0,-0.495107,Cruise,traj_vel,0.000000,1.174569,-0.150000,-0.614969,0.409599,0.781885,-0.500000,8.000,2.000,0,0
890,4450,right_shoulder_pitch,0.490889,-0.263617,0.516495,-0.500000,0.490889,0.000000,0.000000,-0.866111,3.141593,0.000000,0,-0.490889,Cruise,traj_vel,0.000000,1.165382,-0.150000,-0.579418,0.435964,0.470595,-0.500000,8.000,2.000,0,0
891,4455,right_shoulder_pitch,0.486287,-0.287629,0.513995,-0.500000,0.486287,0.000000,0.000000,-0.866111,3.141593,0.000000,0,-0.486287,Cruise,traj_vel,0.000000,1.155337,-0.150000,-0.540749,0.464587,0.426650,-0.500000,8.000,2.000,0,0
892,4460,right_shoulder_pitch,0.481301,-0.311556,0.511495,-0.500000,0.511495,0.000000,0.000000,-0.866111,3.141593,0.030194,0,-0.481301,Cruise,traj_vel,0.241548,1.144426,-0.150000,-0.499784,0.494642,0.430312,-0.500000,8.000,2.000,0,0
893,4465,right_shoulder_pitch,0.476315,-0.311509,0.508995,-0.500000,0.508995,0.000000,0.000000,-0.866111,3.141593,0.032680,0,-0.476315,Cruise,traj_vel,0.261437,1.133486,-0.150000,-0.469084,0.514403,0.408336,-0.500000,8.000,2.000,0,0
894,4470,right_shoulder_pitch,0.471330,-0.311796,0.506495,-0.500000,0.506495,0.000000,0.000000,-0.866111,3.141593,0.035165,0,-0.471330,Cruise,traj_vel,0.281321,1.122519,-0.150000,-0.445915,0.526605,0.827662,-0.500000,8.000,2.000,0,0
895,4475,right_shoulder_pitch,0.466728,-0.287622,0.503995,-0.500000,0.503995,0.000000,0.000000,-0.866111,3.141593,0.037267,0,-0.466728,Cruise,traj_vel,0.298136,1.112371,-0.150000,-0.440625,0.521746,1.019930,-0.500000,8.000,2.000,0,0
896,4480,right_shoulder_pitch,0.462126,-0.287570,0.501495,-0.500000,0.501495,0.000000,0.000000,-0.866111,3.141593,0.039369,0,-0.462126,Cruise,traj_vel,0.314952,1.102200,-0.150000,-0.436684,0.515516,0.941191,-0.500000,8.000,2.000,0,0
897,4485,right_shoulder_pitch,0.458291,-0.239687,0.498995,-0.500000,0.498995,0.000000,0.000000,-0.866111,3.141593,0.040704,0,-0.458291,Cruise,traj_vel,0.325632,1.093706,-0.150000,-0.457669,0.486037,0.796534,-0.500000,8.000,2.000,0,0
898,4490,right_shoulder_pitch,0.454456,-0.239762,0.496495,-0.500000,0.496495,0.000000,0.000000,-0.866111,3.141593,0.042039,0,-0.454456,Cruise,traj_vel,0.336311,1.085196,-0.150000,-0.473371,0.461825,0.853297,-0.500000,8.000,2.000,0,0
899,4495,right_shoulder_pitch,0.450237,-0.263563,0.493995,-0.500000,0.493995,0.000000,0.000000,-0.866111,3.141593,0.043758,0,-0.450237,Cruise,traj_vel,0.350065,1.075814,-0.150000,-0.473247,0.452567,0.739768,-0.500000,8.000,2.000,0,0
900,4500,right_shoulder_pitch,0.446402,-0.239770,0.491495,-0.500000,0.491495,0.000000,0.000000,-0.866111,3.141593,0.045093,0,-0.446402,Cruise,traj_vel,0.360745,1.067271,-0.150000,-0.485050,0.432221,0.543841,-0.500000,8.000,2.000,0,0
901,4505,right_shoulder_pitch,0.443717,-0.167745,0.488995,-0.500000,0.488995,0.000000,0.000000,-0.866111,3.141593,0.045278,0,-0.443717,Cruise,traj_vel,0.362220,1.061281,-0.150000,-0.529915,0.381366,0.737936,-0.500000,8.000,2.000,0,0
902,4510,right_shoulder_pitch,0.441800,-0.119835,0.486495,-0.500000,0.486495,0.000000,0.000000,-0.866111,3.141593,0.044695,0,-0.441800,Cruise,traj_vel,0.357560,1.056998,-0.150000,-0.587519,0.319479,0.591449,-0.500000,8.000,2.000,0,0
903,4515,right_shoulder_pitch,0.441033,-0.047957,0.483995,-0.500000,0.483995,0.000000,0.000000,-0.866111,3.141593,0.042962,0,-0.441033,Cruise,traj_vel,0.343696,1.055283,-0.150000,-0.666661,0.238623,0.620745,-0.500000,8.000,2.000,0,0
904,4520,right_shoulder_pitch,0.441033,0.000000,0.481495,-0.500000,0.481495,0.000000,0.000000,-0.866111,3.141593,0.040462,0,-0.441033,Cruise,traj_vel,0.323696,1.055283,-0.150000,-0.749995,0.155288,0.567645,0.000000,8.000,2.000,0,0
905,4525,right_shoulder_pitch,0.441800,0.047936,0.478995,-0.500000,0.478995,0.000000,0.000000,-0.866111,3.141593,0.037195,0,-0.441800,Cruise,traj_vel,0.297560,1.056998,-0.150000,-0.836465,0.070533,0.501723,-0.500000,8.000,2.000,0,0
906,4530,right_shoulder_pitch,0.442950,0.071912,0.476495,-0.500000,0.476495,0.000000,0.000000,-0.866111,3.141593,0.033545,0,-0.442950,Cruise,traj_vel,0.268356,1.059568,-0.150000,-0.913305,-0.003737,0.492568,-0.500000,8.000,2.000,0,0
907,4535,right_shoulder_pitch,0.443717,0.047941,0.473995,-0.500000,0.473995,0.000000,0.000000,-0.866111,3.141593,0.030278,0,-0.443717,Cruise,traj_vel,0.242220,1.061281,-0.150000,-0.958949,-0.047668,0.538348,-0.500000,8.000,2.000,0,0
908,4540,right_shoulder_pitch,0.443334,-0.023965,0.471495,-0.500000,0.443334,0.000000,0.000000,-0.866111,3.141593,0.000000,0,-0.443334,Cruise,traj_vel,0.000000,1.060425,-0.150000,-0.957229,-0.046804,0.260017,-0.500000,8.000,2.000,0,0
909,4545,right_shoulder_pitch,0.443334,0.000000,0.468995,-0.500000,0.443334,0.000000,0.000000,-0.866111,3.141593,0.000000,0,-0.443334,Cruise,traj_vel,0.000000,1.060425,-0.150000,-0.967922,-0.057497,0.245368,0.000000,8.000,2.000,0,0
910,4550,right_shoulder_pitch,0.442183,-0.071920,0.466495,-0.500000,0.442183,0.000000,0.000000,-0.866111,3.141593,0.000000,0,-0.442183,Cruise,traj_vel,0.000000,1.057855,-0.150000,-0.939981,-0.032127,0.135502,-0.500000,8.000,2.000,0,0
911,4555,right_shoulder_pitch,0.441033,-0.071912,0.463995,-0.500000,0.441033,0.000000,0.000000,-0.866111,3.141593,0.000000,0,-0.441033,Cruise,traj_vel,0.000000,1.055283,-0.150000,-0.919030,-0.013746,0.067753,-0.500000,8.000,2.000,0,0
912,4560,right_shoulder_pitch,0.440266,-0.047926,0.461495,-0.500000,0.440266,0.000000,0.000000,-0.866111,3.141593,0.000000,0,-0.440266,Cruise,traj_vel,0.000000,1.053568,-0.150000,-0.915309,-0.011741,-0.031128,-0.500000,8.000,2.000,0,0
913,4565,right_shoulder_pitch,0.439499,-0.047928,0.458995,-0.500000,0.439499,0.000000,0.000000,-0.866111,3.141593,0.000000,0,-0.439499,Cruise,traj_vel,0.000000,1.051853,-0.150000,-0.912518,-0.010665,-0.023804,-0.500000,8.000,2.000,0,0
914,4570,right_shoulder_pitch,0.438732,-0.047954,0.456495,-0.500000,0.438732,0.000000,0.000000,-0.866111,3.141593,0.000000,0,-0.438732,Cruise,traj_vel,0.000000,1.050137,-0.150000,-0.910411,-0.010275,0.025635,-0.500000,8.000,2.000,0,0
915,4575,right_shoulder_pitch,0.437965,-0.047936,0.453995,-0.500000,0.437965,0.000000,0.000000,-0.866111,3.141593,0.000000,0,-0.437965,Cruise,traj_vel,0.000000,1.048420,-0.150000,-0.908840,-0.010421,0.010986,-0.500000,8.000,2.000,0,0
916,4580,right_shoulder_pitch,0.437198,-0.047932,0.451495,-0.500000,0.437198,0.000000,0.000000,-0.866111,3.141593,0.000000,0,-0.437198,Cruise,traj_vel,0.000000,1.046702,-0.150000,-0.907664,-0.010962,0.095218,-0.500000,8.000,2.000,0,0
917,4585,right_shoulder_pitch,0.436048,-0.071908,0.448995,-0.500000,0.436048,0.000000,0.000000,-0.866111,3.141593,0.000000,0,-0.436048,Cruise,traj_vel,0.000000,1.044125,-0.150000,-0.894794,-0.000670,0.223396,-0.500000,8.000,2.000,0,0
918,4590,right_shoulder_pitch,0.433747,-0.143791,0.446495,-0.500000,0.433747,0.000000,0.000000,-0.866111,3.141593,0.000000,0,-0.433747,Cruise,traj_vel,0.000000,1.038966,-0.150000,-0.849200,0.039766,0.206916,-0.500000,8.000,2.000,0,0
919,4595,right_shoulder_pitch,0.429912,-0.239727,0.443995,-0.500000,0.429912,0.000000,0.000000,-0.866111,3.141593,0.000000,0,-0.429912,Cruise,traj_vel,0.000000,1.030356,-0.150000,-0.767037,0.113319,0.397350,-0.500000,8.000,2.000,0,0
920,4600,right_shoulder_pitch,0.424925,-0.311667,0.441495,-0.500000,0.424925,0.000000,0.000000,-0.866111,3.141593,0.000000,0,-0.424925,Cruise,traj_vel,0.000000,1.019138,-0.150000,-0.669444,0.199695,0.344249,-0.500000,8.000,2.000,0,0
921,4605,right_shoulder_pitch,0.419940,-0.311520,0.438995,-0.500000,0.419940,0.000000,0.000000,-0.866111,3.141593,0.000000,0,-0.419940,Cruise,traj_vel,0.000000,1.007897,-0.150000,-0.596323,0.261575,0.177619,-0.500000,8.000,2.000,0,0
922,4610,right_shoulder_pitch,0.413037,-0.431490,0.436495,-0.500000,0.413037,0.000000,0.000000,-0.866111,3.141593,0.000000,0,-0.413037,Cruise,traj_vel,0.000000,0.992291,-0.150000,-0.481497,0.360794,0.336925,-0.500000,8.000,2.000,0,0
923,4615,right_shoulder_pitch,0.405367,-0.479265,0.433995,-0.500000,0.405367,0.000000,0.000000,-0.866111,3.141593,0.000000,0,-0.405367,Cruise,traj_vel,0.000000,0.974896,-0.150000,-0.371490,0.453406,0.073246,-0.500000,8.000,2.000,0,0
924,4620,right_shoulder_pitch,0.399614,-0.359695,0.431495,-0.500000,0.431495,0.000000,0.000000,-0.866111,3.141593,0.031881,0,-0.399614,Cruise,traj_vel,0.255048,0.961810,-0.150000,-0.348770,0.463040,0.558490,-0.500000,8.000,2.000,0,0
925,4625,right_shoulder_pitch,0.391561,-0.402264,0.428995,-0.500000,0.428995,0.000000,0.000000,-0.866111,3.141593,0.037434,0,-0.391561,Cruise,traj_vel,0.299475,0.943438,-0.150000,-0.310446,0.482993,0.961332,-0.500000,8.000,2.000,0,0
926,4630,right_shoulder_pitch,0.383124,-0.421602,0.426495,-0.500000,0.426495,0.000000,0.000000,-0.866111,3.141593,0.043371,0,-0.383124,Cruise,traj_vel,0.346970,0.924127,-0.150000,-0.272034,0.502093,0.446792,-0.500000,8.000,2.000,0,0
927,4635,right_shoulder_pitch,0.376220,-0.431484,0.423995,-0.500000,0.423995,0.000000,0.000000,-0.866111,3.141593,0.047775,0,-0.376220,Cruise,traj_vel,0.382199,0.908275,-0.150000,-0.238283,0.519992,0.754416,-0.500000,8.000,2.000,0,0
928,4640,right_shoulder_pitch,0.370468,-0.359675,0.421495,-0.500000,0.420468,0.000000,0.000000,-0.866111,3.141593,0.050000,1,-0.370468,Cruise,traj_vel,0.400000,0.895034,-0.150000,-0.248875,0.496159,0.640887,-0.500000,8.000,2.000,0,0
929,4645,right_shoulder_pitch,0.367016,-0.215984,0.418995,-0.500000,0.417016,0.000000,0.000000,-0.866111,3.141593,0.050000,1,-0.367016,Cruise,traj_vel,0.400000,0.887075,-0.150000,-0.328664,0.408411,0.840479,-0.500000,8.000,2.000,0,0
930,4650,right_shoulder_pitch,0.364332,-0.167710,0.416495,-0.500000,0.414332,0.000000,0.000000,-0.866111,3.141593,0.050000,1,-0.364332,Cruise,traj_vel,0.400000,0.880878,-0.150000,-0.412643,0.318235,0.822169,-0.500000,8.000,2.000,0,0
931,4655,right_shoulder_pitch,0.362414,-0.119901,0.413995,-0.500000,0.412414,0.000000,0.000000,-0.866111,3.141593,0.050000,1,-0.362414,Cruise,traj_vel,0.400000,0.876447,-0.150000,-0.499532,0.226915,0.758078,-0.500000,8.000,2.000,0,0
932,4660,right_shoulder_pitch,0.361264,-0.071921,0.411495,-0.500000,0.411264,0.000000,0.000000,-0.866111,3.141593,0.050000,1,-0.361264,Cruise,traj_vel,0.400000,0.873787,-0.150000,-0.588688,0.135099,0.697653,-0.500000,8.000,2.000,0,0
933,4665,right_shoulder_pitch,0.360497,-0.047923,0.408995,-0.500000,0.408995,0.000000,0.000000,-0.866111,3.141593,0.048498,0,-0.360497,Cruise,traj_vel,0.387986,0.872013,-0.150000,-0.667555,0.054459,0.585955,-0.500000,8.000,2.000,0,0
934,4670,right_shoulder_pitch,0.360497,0.000000,0.406495,-0.500000,0.406495,0.000000,0.000000,-0.866111,3.141593,0.045998,0,-0.360497,Cruise,traj_vel,0.367986,0.872013,-0.150000,-0.750666,-0.028653,0.631732,0.000000,8.000,2.000,0,0
935,4675,right_shoulder_pitch,0.359346,-0.071924,0.403995,-0.500000,0.403995,0.000000,0.000000,-0.866111,3.141593,0.044649,0,-0.359346,Cruise,traj_vel,0.357190,0.869351,-0.150000,-0.777038,-0.057686,0.582293,-0.500000,8.000,2.000,0,0
936,4680,right_shoulder_pitch,0.357812,-0.095840,0.401495,-0.500000,0.401495,0.000000,0.000000,-0.866111,3.141593,0.043683,0,-0.357812,Cruise,traj_vel,0.349462,0.865800,-0.150000,-0.784858,-0.069058,0.589617,-0.500000,8.000,2.000,0,0
937,4685,right_shoulder_pitch,0.355895,-0.119880,0.398995,-0.500000,0.398995,0.000000,0.000000,-0.866111,3.141593,0.043100,0,-0.355895,Cruise,traj_vel,0.344802,0.861359,-0.150000,-0.778703,-0.067345,0.472426,-0.500000,8.000,2.000,0,0
938,4690,right_shoulder_pitch,0.352826,-0.191710,0.396495,-0.500000,0.396495,0.000000,0.000000,-0.866111,3.141593,0.043669,0,-0.352826,Cruise,traj_vel,0.349351,0.854244,-0.150000,-0.738173,-0.033929,0.476089,-0.500000,8.000,2.000,0,0
939,4695,right_shoulder_pitch,0.349375,-0.215784,0.393995,-0.500000,0.393995,0.000000,0.000000,-0.866111,3.141593,0.044620,0,-0.349375,Cruise,traj_vel,0.356963,0.846232,-0.150000,-0.695737,0.000495,0.278327,-0.500000,8.000,2.000,0,0
940,4700,right_shoulder_pitch,0.345540,-0.239723,0.391495,-0.500000,0.391495,0.000000,0.000000,-0.866111,3.141593,0.045955,0,-0.345540,Cruise,traj_vel,0.367642,0.837318,-0.150000,-0.651942,0.035377,0.364391,-0.500000,8.000,2.000,0,0
941,4705,right_shoulder_pitch,0.341321,-0.263581,0.388995,-0.500000,0.388995,0.000000,0.000000,-0.866111,3.141593,0.047674,0,-0.341321,Cruise,traj_vel,0.381390,0.827499,-0.150000,-0.607166,0.070333,0.043945,-0.500000,8.000,2.000,0,0
942,4710,right_shoulder_pitch,0.337870,-0.215771,0.386495,-0.500000,0.386495,0.000000,0.000000,-0.866111,3.141593,0.048625,0,-0.337870,Cruise,traj_vel,0.389002,0.819454,-0.150000,-0.597489,0.071965,0.272834,-0.500000,8.000,2.000,0,0
943,4715,right_shoulder_pitch,0.334802,-0.191645,0.383995,-0.500000,0.383995,0.000000,0.000000,-0.866111,3.141593,0.049193,0,-0.334802,Cruise,traj_vel,0.393545,0.812294,-0.150000,-0.602294,0.060000,0.399181,-0.500000,8.000,2.000,0,0
944,4720,right_shoulder_pitch,0.332117,-0.167847,0.381495,-0.500000,0.381495,0.000000,0.000000,-0.866111,3.141593,0.049378,0,-0.332117,Cruise,traj_vel,0.395021,0.806023,-0.150000,-0.617798,0.038226,0.531024,-0.500000,8.000,2.000,0,0
945,4725,right_shoulder_pitch,0.330583,-0.095935,0.378995,-0.500000,0.378995,0.000000,0.000000,-0.866111,3.141593,0.048412,0,-0.330583,Cruise,traj_vel,0.387299,0.802436,-0.150000,-0.665381,-0.012945,0.545672,-0.500000,8.000,2.000,0,0
946,4730,right_shoulder_pitch,0.329432,-0.071865,0.376495,-0.500000,0.376495,0.000000,0.000000,-0.866111,3.141593,0.047063,0,-0.329432,Cruise,traj_vel,0.376503,0.799745,-0.150000,-0.713103,-0.063358,0.536517,-0.500000,8.000,2.000,0,0
947,4735,right_shoulder_pitch,0.327898,-0.095926,0.373995,-0.500000,0.373995,0.000000,0.000000,-0.866111,3.141593,0.046097,0,-0.327898,Cruise,traj_vel,0.368775,0.796156,-0.150000,-0.736864,-0.090708,0.477920,-0.500000,8.000,2.000,0,0
948,4740,right_shoulder_pitch,0.326364,-0.095839,0.371495,-0.500000,0.371495,0.000000,0.000000,-0.866111,3.141593,0.045131,0,-0.326364,Cruise,traj_vel,0.361046,0.792565,-0.150000,-0.754728,-0.112163,0.496230,-0.500000,8.000,2.000,0,0
949,4745,right_shoulder_pitch,0.324447,-0.119871,0.368995,-0.500000,0.368995,0.000000,0.000000,-0.866111,3.141593,0.044548,0,-0.324447,Cruise,traj_vel,0.356386,0.788073,-0.150000,-0.756111,-0.118038,0.433974,-0.500000,8.000,2.000,0,0
950,4750,right_shoulder_pitch,0.322146,-0.143832,0.366495,-0.500000,0.366495,0.000000,0.000000,-0.866111,3.141593,0.044349,0,-0.322146,Cruise,traj_vel,0.354794,0.782680,-0.150000,-0.745167,-0.112488,0.452285,-0.500000,8.000,2.000,0,0
951,4755,right_shoulder_pitch,0.318694,-0.215587,0.363995,-0.500000,0.363995,0.000000,0.000000,-0.866111,3.141593,0.045301,0,-0.318694,Cruise,traj_vel,0.362406,0.774582,-0.150000,-0.701082,-0.076501,0.439467,-0.500000,8.000,2.000,0,0
952,4760,right_shoulder_pitch,0.314859,-0.239823,0.361495,-0.500000,0.361495,0.000000,0.000000,-0.866111,3.141593,0.046636,0,-0.314859,Cruise,traj_vel,0.373085,0.765573,-0.150000,-0.655900,-0.040327,0.228889,-0.500000,8.000,2.000,0,0
953,4765,right_shoulder_pitch,0.311024,-0.239599,0.358995,-0.500000,0.358995,0.000000,0.000000,-0.866111,3.141593,0.047971,0,-0.311024,Cruise,traj_vel,0.383765,0.756553,-0.150000,-0.622126,-0.015573,0.206916,-0.500000,8.000,2.000,0,0
954,4770,right_shoulder_pitch,0.306422,-0.287655,0.356495,-0.500000,0.356422,0.000000,0.000000,-0.866111,3.141593,0.050000,1,-0.306422,Cruise,traj_vel,0.400000,0.745712,-0.150000,-0.572767,0.022945,0.148319,-0.500000,8.000,2.000,0,0
955,4775,right_shoulder_pitch,0.303354,-0.191828,0.353995,-0.500000,0.353354,0.000000,0.000000,-0.866111,3.141593,0.050000,1,-0.303354,Cruise,traj_vel,0.400000,0.738478,-0.150000,-0.583661,0.004817,0.130008,-0.500000,8.000,2.000,0,0
956,4780,right_shoulder_pitch,0.300669,-0.167683,0.351495,-0.500000,0.350669,0.000000,0.000000,-0.866111,3.141593,0.050000,1,-0.300669,Cruise,traj_vel,0.400000,0.732142,-0.150000,-0.603904,-0.021763,0.432143,-0.500000,8.000,2.000,0,0
957,4785,right_shoulder_pitch,0.298368,-0.143855,0.348995,-0.500000,0.348368,0.000000,0.000000,-0.866111,3.141593,0.050000,1,-0.298368,Cruise,traj_vel,0.400000,0.726707,-0.150000,-0.631001,-0.054294,0.357066,-0.500000,8.000,2.000,0,0
958,4790,right_shoulder_pitch,0.297601,-0.047922,0.346495,-0.500000,0.346495,0.000000,0.000000,-0.866111,3.141593,0.048894,0,-0.297601,Cruise,traj_vel,0.391149,0.724894,-0.150000,-0.699289,-0.124395,0.325938,-0.500000,8.000,2.000,0,0
959,4795,right_shoulder_pitch,0.297601,0.000000,0.343995,-0.500000,0.343995,0.000000,0.000000,-0.866111,3.141593,0.046394,0,-0.297601,Cruise,traj_vel,0.371149,0.724894,-0.150000,-0.774467,-0.199573,0.256355,0.000000,8.000,2.000,0,0
960,4800,right_shoulder_pitch,0.297601,0.000000,0.341495,-0.500000,0.341495,0.000000,0.000000,-0.866111,3.141593,0.043894,0,-0.297601,Cruise,traj_vel,0.351149,0.724894,-0.150000,-0.830850,-0.255956,0.243537,0.000000,8.000,2.000,0,0
961,4805,right_shoulder_pitch,0.297601,0.000000,0.338995,-0.500000,0.338995,0.000000,0.000000,-0.866111,3.141593,0.041394,0,-0.297601,Cruise,traj_vel,0.331149,0.724894,-0.150000,-0.873138,-0.298243,0.203254,0.000000,8.000,2.000,0,0
962,4810,right_shoulder_pitch,0.297601,0.000000,0.336495,-0.500000,0.336495,0.000000,0.000000,-0.866111,3.141593,0.038894,0,-0.297601,Cruise,traj_vel,0.311149,0.724894,-0.150000,-0.904853,-0.329959,0.150150,0.000000,8.000,2.000,0,0
963,4815,right_shoulder_pitch,0.297601,0.000000,0.333995,-0.500000,0.333995,0.000000,0.000000,-0.866111,3.141593,0.036394,0,-0.297601,Cruise,traj_vel,0.291149,0.724894,-0.150000,-0.928640,-0.353746,0.115360,0.000000,8.000,2.000,0,0
964,4820,right_shoulder_pitch,0.297218,-0.023973,0.331495,-0.500000,0.331495,0.000000,0.000000,-0.866111,3.141593,0.034277,0,-0.297218,Cruise,traj_vel,0.274217,0.723988,-0.150000,-0.934494,-0.360506,0.119022,-0.500000,8.000,2.000,0,0
965,4825,right_shoulder_pitch,0.296451,-0.047944,0.328995,-0.500000,0.328995,0.000000,0.000000,-0.866111,3.141593,0.032544,0,-0.296451,Cruise,traj_vel,0.260353,0.722175,-0.150000,-0.926898,-0.354723,0.069584,-0.500000,8.000,2.000,0,0
966,4830,right_shoulder_pitch,0.294917,-0.095839,0.326495,-0.500000,0.326495,0.000000,0.000000,-0.866111,3.141593,0.031578,0,-0.294917,Cruise,traj_vel,0.252625,0.718547,-0.150000,-0.897254,-0.328707,0.137333,-0.500000,8.000,2.000,0,0
967,4835,right_shoulder_pitch,0.292999,-0.119864,0.323995,-0.500000,0.323995,0.000000,0.000000,-0.866111,3.141593,0.030996,0,-0.292999,Cruise,traj_vel,0.247965,0.714010,-0.150000,-0.863008,-0.298998,0.208747,-0.500000,8.000,2.000,0,0
968,4840,right_shoulder_pitch,0.290315,-0.167753,0.321495,-0.500000,0.321495,0.000000,0.000000,-0.866111,3.141593,0.031180,0,-0.290315,Cruise,traj_vel,0.249441,0.707654,-0.150000,-0.813380,-0.255726,0.236213,-0.500000,8.000,2.000,0,0
969,4845,right_shoulder_pitch,0.286480,-0.239642,0.318995,-0.500000,0.318995,0.000000,0.000000,-0.866111,3.141593,0.032515,0,-0.286480,Cruise,traj_vel,0.260120,0.698565,-0.150000,-0.740214,-0.191649,0.199592,-0.500000,8.000,2.000,0,0
970,4850,right_shoulder_pitch,0.282261,-0.263780,0.316495,-0.500000,0.316495,0.000000,0.000000,-0.866111,3.141593,0.034234,0,-0.282261,Cruise,traj_vel,0.273868,0.688555,-0.150000,-0.673270,-0.134715,0.122684,-0.500000,8.000,2.000,0,0
971,4855,right_shoulder_pitch,0.276892,-0.335504,0.313995,-0.500000,0.313995,0.000000,0.000000,-0.866111,3.141593,0.037103,0,-0.276892,Cruise,traj_vel,0.296826,0.675796,-0.150000,-0.587201,-0.061405,0.058597,-0.500000,8.000,2.000,0,0
972,4860,right_shoulder_pitch,0.271139,-0.359594,0.311495,-0.500000,0.311495,0.000000,0.000000,-0.866111,3.141593,0.040356,0,-0.271139,Cruise,traj_vel,0.322845,0.662106,-0.150000,-0.510604,0.001502,-0.119026,-0.500000,8.000,2.000,0,0
973,4865,right_shoulder_pitch,0.266154,-0.311502,0.308995,-0.500000,0.308995,0.000000,0.000000,-0.866111,3.141593,0.042841,0,-0.266154,Cruise,traj_vel,0.342729,0.650224,-0.150000,-0.477202,0.023022,0.021973,-0.500000,8.000,2.000,0,0
974,4870,right_shoulder_pitch,0.262319,-0.239698,0.306495,-0.500000,0.306495,0.000000,0.000000,-0.866111,3.141593,0.044176,0,-0.262319,Cruise,traj_vel,0.353408,0.641072,-0.150000,-0.488053,0.003020,0.466933,-0.500000,8.000,2.000,0,0
975,4875,right_shoulder_pitch,0.256949,-0.335725,0.303995,-0.500000,0.303995,0.000000,0.000000,-0.866111,3.141593,0.047046,0,-0.256949,Cruise,traj_vel,0.376366,0.628243,-0.150000,-0.448177,0.030066,0.684836,-0.500000,8.000,2.000,0,0
976,4880,right_shoulder_pitch,0.252731,-0.263583,0.301495,-0.500000,0.301495,0.000000,0.000000,-0.866111,3.141593,0.048764,0,-0.252731,Cruise,traj_vel,0.390113,0.618151,-0.150000,-0.454341,0.013810,0.470595,-0.500000,8.000,2.000,0,0
977,4885,right_shoulder_pitch,0.249663,-0.191771,0.298995,-0.500000,0.298995,0.000000,0.000000,-0.866111,3.141593,0.049332,0,-0.249663,Cruise,traj_vel,0.394657,0.610805,-0.150000,-0.494871,-0.034066,0.510879,-0.500000,8.000,2.000,0,0
978,4890,right_shoulder_pitch,0.246211,-0.215730,0.296495,-0.500000,0.296211,0.000000,0.000000,-0.866111,3.141593,0.050000,1,-0.246211,Cruise,traj_vel,0.400000,0.602533,-0.150000,-0.513288,-0.060755,0.371715,-0.500000,8.000,2.000,0,0
979,4895,right_shoulder_pitch,0.241993,-0.263576,0.293995,-0.500000,0.291993,0.000000,0.000000,-0.866111,3.141593,0.050000,1,-0.241993,Cruise,traj_vel,0.400000,0.592414,-0.150000,-0.503178,-0.060764,0.454116,-0.500000,8.000,2.000,0,0
980,4900,right_shoulder_pitch,0.237775,-0.263752,0.291495,-0.500000,0.287775,0.000000,0.000000,-0.866111,3.141593,0.050000,1,-0.237775,Cruise,traj_vel,0.400000,0.582284,-0.150000,-0.495507,-0.063223,0.064090,-0.500000,8.000,2.000,0,0
981,4905,right_shoulder_pitch,0.234707,-0.191695,0.288995,-0.500000,0.284707,0.000000,0.000000,-0.866111,3.141593,0.050000,1,-0.234707,Cruise,traj_vel,0.400000,0.574910,-0.150000,-0.525783,-0.100873,0.051270,-0.500000,8.000,2.000,0,0
982,4910,right_shoulder_pitch,0.232405,-0.143875,0.286495,-0.500000,0.282405,0.000000,0.000000,-0.866111,3.141593,0.050000,1,-0.232405,Cruise,traj_vel,0.400000,0.569375,-0.150000,-0.572400,-0.153025,0.232551,-0.500000,8.000,2.000,0,0
983,4915,right_shoulder_pitch,0.230487,-0.119567,0.283995,-0.500000,0.280487,0.000000,0.000000,-0.866111,3.141593,0.050000,1,-0.230487,Cruise,traj_vel,0.400000,0.564761,-0.150000,-0.619516,-0.204756,0.271003,-0.500000,8.000,2.000,0,0
984,4920,right_shoulder_pitch,0.229720,-0.048053,0.281495,-0.500000,0.279720,0.000000,0.000000,-0.866111,3.141593,0.050000,1,-0.229720,Cruise,traj_vel,0.400000,0.562915,-0.150000,-0.690611,-0.277696,0.137333,-0.500000,8.000,2.000,0,0
985,4925,right_shoulder_pitch,0.230104,0.023972,0.278995,-0.500000,0.278995,0.000000,0.000000,-0.866111,3.141593,0.048891,0,-0.230104,Cruise,traj_vel,0.391129,0.563838,-0.150000,-0.779944,-0.366106,0.109867,-0.500000,8.000,2.000,0,0
986,4930,right_shoulder_pitch,0.230871,0.047898,0.276495,-0.500000,0.276495,0.000000,0.000000,-0.866111,3.141593,0.045624,0,-0.230871,Cruise,traj_vel,0.364993,0.565684,-0.150000,-0.858907,-0.443223,0.042114,-0.500000,8.000,2.000,0,0
987,4935,right_shoulder_pitch,0.231638,0.047891,0.273995,-0.500000,0.273995,0.000000,0.000000,-0.866111,3.141593,0.042357,0,-0.231638,Cruise,traj_vel,0.338857,0.567529,-0.150000,-0.918125,-0.500596,0.023804,-0.500000,8.000,2.000,0,0
