tick,t_ms,joint,q,dq,q_traj,dq_traj,q_des,target,target_raw,q_env_lo,q_env_hi,lead,lead_sat,settle_error,phase,friction_mode,tau_p,tau_g,tau_f,tau_d,tau_ff_cmd,tau_meas,dq_mit,kp,kd,joint_stuck,planner_frozen
0,0,right_shoulder_pitch,-0.017257,0.000000,-0.017145,0.022500,-0.017145,1.484000,1.484000,-0.872665,3.141593,0.000113,0,1.501257,Accelerate,traj_vel,0.000900,-0.042660,0.150000,0.045000,0.152340,-0.049438,0.022500,8.000,2.000,0,0
1,5,right_shoulder_pitch,-0.016874,0.010658,-0.016920,0.045000,-0.016874,1.484000,1.484000,-0.872665,3.141593,0.000000,0,1.500874,Accelerate,traj_vel,0.000000,-0.041712,0.150000,0.084671,0.192959,-0.023804,0.045000,8.000,2.000,0,0
2,10,right_shoulder_pitch,-0.016874,0.000000,-0.016582,0.067500,-0.016582,1.484000,1.484000,-0.872665,3.141593,0.000292,0,1.500874,Accelerate,traj_vel,0.002332,-0.041712,0.150000,0.131003,0.239291,0.086063,0.067500,8.000,2.000,0,0
3,15,right_shoulder_pitch,-0.016874,0.000000,-0.016132,0.090000,-0.016132,1.484000,1.484000,-0.872665,3.141593,0.000742,0,1.500874,Accelerate,traj_vel,0.005932,-0.041712,0.150000,0.177002,0.285290,0.153812,0.090000,8.000,2.000,0,0
4,20,right_shoulder_pitch,-0.016107,0.047936,-0.015570,0.112500,-0.015570,1.484000,1.484000,-0.872665,3.141593,0.000537,0,1.500107,Accelerate,traj_vel,0.004296,-0.039816,0.150000,0.198784,0.308968,0.164798,0.112500,8.000,2.000,0,0
5,25,right_shoulder_pitch,-0.014956,0.071914,-0.014895,0.135000,-0.014895,1.484000,1.484000,-0.872665,3.141593,0.000062,0,1.498956,Accelerate,traj_vel,0.000492,-0.036972,0.150000,0.214381,0.327408,0.084232,0.135000,8.000,2.000,0,0
6,30,right_shoulder_pitch,-0.013039,0.119832,-0.014107,0.157500,-0.013039,1.484000,1.484000,-0.872665,3.141593,0.000000,0,1.497039,Accelerate,traj_vel,0.000000,-0.032233,0.150000,0.213369,0.331137,0.098881,0.157500,8.000,2.000,0,0
7,35,right_shoulder_pitch,-0.011121,0.119853,-0.013207,0.180000,-0.011121,1.484000,1.484000,-0.872665,3.141593,0.000000,0,1.495121,Accelerate,traj_vel,0.000000,-0.027493,0.150000,0.223851,0.346358,0.245368,0.180000,8.000,2.000,0,0
8,40,right_shoulder_pitch,-0.009204,0.119809,-0.012195,0.202500,-0.009204,1.484000,1.484000,-0.872665,3.141593,0.000000,0,1.493204,Accelerate,traj_vel,0.000000,-0.022753,0.150000,0.242983,0.370231,0.258186,0.202500,8.000,2.000,0,0
9,45,right_shoulder_pitch,-0.006519,0.167825,-0.011070,0.225000,-0.006519,1.484000,1.484000,-0.872665,3.141593,0.000000,0,1.490519,Accelerate,traj_vel,0.000000,-0.016117,0.150000,0.244575,0.378458,0.161136,0.225000,8.000,2.000,0,0
10,50,right_shoulder_pitch,-0.002301,0.263620,-0.009832,0.247500,-0.002301,1.484000,1.484000,-0.872665,3.141593,0.000000,0,1.486301,Accelerate,traj_vel,0.000000,-0.005688,0.150000,0.209121,0.353433,0.485244,0.247500,8.000,2.000,0,0
11,55,right_shoulder_pitch,0.000767,0.191770,-0.008482,0.270000,0.000767,1.484000,1.484000,-0.872665,3.141593,0.000000,0,1.483233,Accelerate,traj_vel,0.000000,0.001896,0.150000,0.229706,0.381602,0.412002,0.270000,8.000,2.000,0,0
12,60,right_shoulder_pitch,0.004218,0.215710,-0.007020,0.292500,0.004218,1.484000,1.484000,-0.872665,3.141593,0.000000,0,1.479782,Accelerate,traj_vel,0.000000,0.010428,0.150000,0.244424,0.404852,0.510879,0.292500,8.000,2.000,0,0
13,65,right_shoulder_pitch,0.006136,0.119840,-0.005445,0.315000,0.006136,1.484000,1.484000,-0.872665,3.141593,0.000000,0,1.477864,Accelerate,traj_vel,0.000000,0.015169,0.150000,0.314648,0.479817,0.545672,0.315000,8.000,2.000,0,0
14,70,right_shoulder_pitch,0.008437,0.143805,-0.003757,0.337500,0.008437,1.484000,1.484000,-0.872665,3.141593,0.000000,0,1.475563,Accelerate,traj_vel,0.000000,0.020857,0.150000,0.366584,0.537440,0.351573,0.337500,8.000,2.000,0,0
15,75,right_shoulder_pitch,0.010354,0.119852,-0.001957,0.360000,0.010354,1.484000,1.484000,-0.872665,3.141593,0.000000,0,1.473646,Accelerate,traj_vel,0.000000,0.025597,0.150000,0.428762,0.604358,0.501723,0.360000,8.000,2.000,0,0
16,80,right_shoulder_pitch,0.011888,0.095869,-0.000045,0.382500,0.011888,1.484000,1.484000,-0.872665,3.141593,0.000000,0,1.472112,Accelerate,traj_vel,0.000000,0.029389,0.150000,0.498637,0.678025,0.512710,0.382500,8.000,2.000,0,0
17,85,right_shoulder_pitch,0.013423,0.095927,0.001980,0.405000,0.013423,1.484000,1.484000,-0.872665,3.141593,0.000000,0,1.470577,Accelerate,traj_vel,0.000000,0.033182,0.150000,0.562264,0.745447,0.455947,0.405000,8.000,2.000,0,0
18,90,right_shoulder_pitch,0.015341,0.119839,0.004118,0.427500,0.015341,1.484000,1.484000,-0.872665,3.141297,0.000000,0,1.468659,Accelerate,traj_vel,0.000000,0.037922,0.150000,0.609279,0.797201,0.459609,0.427500,8.000,2.000,0,0
19,95,right_shoulder_pitch,0.017258,0.119847,0.006368,0.450000,0.017258,1.484000,1.484000,-0.872665,3.139750,0.000000,0,1.466742,Accelerate,traj_vel,0.000000,0.042662,0.150000,0.655786,0.848447,0.635394,0.450000,8.000,2.000,0,0
20,100,right_shoulder_pitch,0.019559,0.143810,0.008730,0.472500,0.019559,1.484000,1.484000,-0.872665,3.138147,0.000000,0,1.464441,Accelerate,traj_vel,0.000000,0.048349,0.150000,0.689934,0.888283,0.406505,0.472500,8.000,2.000,0,0
21,105,right_shoulder_pitch,0.023394,0.239685,0.011205,0.495000,0.023394,1.484000,1.484000,-0.872665,3.136487,0.000000,0,1.460606,Accelerate,traj_vel,0.000000,0.057827,0.150000,0.678858,0.886686,0.525527,0.495000,8.000,2.000,0,0
22,110,right_shoulder_pitch,0.027612,0.263653,0.013705,0.500000,0.027612,1.484000,1.484000,-0.872665,3.136111,0.000000,0,1.456388,Cruise,traj_vel,0.000000,0.068252,0.150000,0.634817,0.853070,0.613421,0.500000,8.000,2.000,0,0
23,115,right_shoulder_pitch,0.033748,0.383492,0.016205,0.500000,0.033748,1.484000,1.484000,-0.872665,3.136111,0.000000,0,1.450252,Cruise,traj_vel,0.000000,0.083414,0.150000,0.534367,0.767781,0.725119,0.500000,8.000,2.000,0,0
24,120,right_shoulder_pitch,0.040268,0.407512,0.018705,0.500000,0.040268,1.484000,1.484000,-0.872665,3.136111,0.000000,0,1.443732,Cruise,traj_vel,0.000000,0.099522,0.150000,0.447019,0.696541,0.992460,0.500000,8.000,2.000,0,0
25,125,right_shoulder_pitch,0.046021,0.359527,0.021205,0.500000,0.046021,1.484000,1.484000,-0.872665,3.136111,0.000000,0,1.437979,Cruise,traj_vel,0.000000,0.113729,0.150000,0.405501,0.669230,0.856959,0.500000,8.000,2.000,0,0
26,130,right_shoulder_pitch,0.051773,0.359527,0.023705,0.500000,0.051773,1.484000,1.484000,-0.872665,3.136111,0.000000,0,1.432227,Cruise,traj_vel,0.000000,0.127933,0.150000,0.374362,0.652295,0.281990,0.500000,8.000,2.000,0,0
27,135,right_shoulder_pitch,0.060210,0.527307,0.026205,0.500000,0.026205,1.484000,1.484000,-0.872665,3.136111,-0.034005,0,1.423790,Cruise,traj_vel,-0.272040,0.148757,0.000000,0.267118,0.415875,-0.014648,0.500000,8.000,2.000,0,0
28,140,right_shoulder_pitch,0.068264,0.503378,0.028705,0.500000,0.028705,1.484000,1.484000,-0.872665,3.136111,-0.039559,0,1.415736,Cruise,traj_vel,-0.316473,0.168627,0.150000,0.198649,0.517276,0.805689,0.500000,8.000,2.000,0,0
29,145,right_shoulder_pitch,0.074784,0.407466,0.031205,0.500000,0.031205,1.484000,1.484000,-0.872665,3.136111,-0.043579,0,1.409216,Cruise,traj_vel,-0.348629,0.184702,0.150000,0.195254,0.529956,0.688498,0.500000,8.000,2.000,0,0
30,150,right_shoulder_pitch,0.079386,0.287622,0.033705,0.500000,0.033705,1.484000,1.484000,-0.872665,3.136111,-0.045681,0,1.404614,Cruise,traj_vel,-0.365444,0.196045,0.150000,0.252629,0.598674,0.664694,0.500000,8.000,2.000,0,0
31,155,right_shoulder_pitch,0.083221,0.239683,0.036205,0.500000,0.036205,1.484000,1.484000,-0.872665,3.136111,-0.047015,0,1.400779,Cruise,traj_vel,-0.376124,0.205494,0.150000,0.319631,0.675125,-0.001831,0.500000,8.000,2.000,0,0
32,160,right_shoulder_pitch,0.089357,0.383542,0.038705,0.500000,0.039357,1.484000,1.484000,-0.872665,3.136111,-0.050000,1,1.394643,Cruise,traj_vel,-0.400000,0.220608,0.150000,0.297952,0.668560,-0.338752,0.500000,8.000,2.000,0,0
33,165,right_shoulder_pitch,0.096260,0.431437,0.041205,0.500000,0.046260,1.484000,1.484000,-0.872665,3.136111,-0.050000,1,1.387740,Cruise,traj_vel,-0.400000,0.237600,0.150000,0.257746,0.645345,0.179451,0.500000,8.000,2.000,0,0
34,170,right_shoulder_pitch,0.099712,0.215715,0.043705,0.500000,0.049712,1.484000,1.484000,-0.872665,3.136111,-0.050000,1,1.384288,Cruise,traj_vel,-0.400000,0.246091,0.150000,0.335452,0.731543,0.664694,0.500000,8.000,2.000,0,0
35,175,right_shoulder_pitch,0.102013,0.143810,0.046205,0.500000,0.052013,1.484000,1.484000,-0.872665,3.136111,-0.050000,1,1.381987,Cruise,traj_vel,-0.400000,0.251751,0.150000,0.429684,0.831434,0.415664,0.500000,8.000,2.000,0,0
36,180,right_shoulder_pitch,0.104697,0.167779,0.048705,0.500000,0.054697,1.484000,1.484000,-0.872665,3.136111,-0.050000,1,1.379303,Cruise,traj_vel,-0.400000,0.258351,0.150000,0.488373,0.896724,0.419326,0.500000,8.000,2.000,0,0
37,185,right_shoulder_pitch,0.107765,0.191748,0.051205,0.500000,0.057765,1.484000,1.484000,-0.872665,3.136111,-0.050000,1,1.376235,Cruise,traj_vel,-0.400000,0.265893,0.150000,0.520406,0.936299,0.503554,0.500000,8.000,2.000,0,0
38,190,right_shoulder_pitch,0.110450,0.167826,0.053705,0.500000,0.060450,1.484000,1.484000,-0.872665,3.136111,-0.050000,1,1.373550,Cruise,traj_vel,-0.400000,0.272492,0.150000,0.556391,0.978883,0.626239,0.500000,8.000,2.000,0,0
39,195,right_shoulder_pitch,0.112751,0.143808,0.056205,0.500000,0.062751,1.484000,1.484000,-0.872665,3.136111,-0.050000,1,1.371249,Cruise,traj_vel,-0.400000,0.278145,0.150000,0.595390,1.023534,0.774561,0.500000,8.000,2.000,0,0
40,200,right_shoulder_pitch,0.113135,0.023969,0.058705,0.500000,0.063135,1.484000,1.484000,-0.872665,3.136111,-0.050000,1,1.370865,Cruise,traj_vel,-0.400000,0.279087,0.150000,0.684558,1.113644,0.805689,0.500000,8.000,2.000,0,0
41,205,right_shoulder_pitch,0.112751,-0.023969,0.061205,0.500000,0.062751,1.484000,1.484000,-0.872665,3.136111,-0.050000,1,1.371249,Cruise,traj_vel,-0.400000,0.278145,0.150000,0.775403,1.203547,0.642718,0.500000,8.000,2.000,0,0
42,210,right_shoulder_pitch,0.113135,0.023968,0.063705,0.500000,0.063705,1.484000,1.484000,-0.872665,3.136111,-0.049430,0,1.370865,Cruise,traj_vel,-0.395437,0.279087,0.150000,0.819568,1.248654,0.703146,0.500000,8.000,2.000,0,0
43,215,right_shoulder_pitch,0.112751,-0.023969,0.066205,0.500000,0.066205,1.484000,1.484000,-0.872665,3.136111,-0.046546,0,1.371249,Cruise,traj_vel,-0.372369,0.278145,0.150000,0.876660,1.304805,0.807520,0.500000,8.000,2.000,0,0
44,220,right_shoulder_pitch,0.112368,-0.023968,0.068705,0.500000,0.068705,1.484000,1.484000,-0.872665,3.136111,-0.043663,0,1.371632,Cruise,traj_vel,-0.349301,0.277203,0.150000,0.919479,1.346681,0.866114,0.500000,8.000,2.000,0,0
45,225,right_shoulder_pitch,0.111984,-0.023970,0.071205,0.500000,0.071205,1.484000,1.484000,-0.872665,3.136111,-0.040779,0,1.372016,Cruise,traj_vel,-0.326233,0.276260,0.150000,0.951594,1.377854,0.891752,0.500000,8.000,2.000,0,0
46,230,right_shoulder_pitch,0.112368,0.023968,0.073705,0.500000,0.073705,1.484000,1.484000,-0.872665,3.136111,-0.038663,0,1.371632,Cruise,traj_vel,-0.309301,0.277203,0.150000,0.951711,1.378914,0.882597,0.500000,8.000,2.000,0,0
47,235,right_shoulder_pitch,0.112751,0.023969,0.076205,0.500000,0.076205,1.484000,1.484000,-0.872665,3.136111,-0.036546,0,1.371249,Cruise,traj_vel,-0.292369,0.278145,0.150000,0.951799,1.379943,0.941191,0.500000,8.000,2.000,0,0
48,240,right_shoulder_pitch,0.113518,0.047934,0.078705,0.500000,0.078705,1.484000,1.484000,-0.872665,3.136111,-0.034813,0,1.370482,Cruise,traj_vel,-0.278505,0.280029,0.150000,0.939882,1.369911,0.981474,0.500000,8.000,2.000,0,0
49,245,right_shoulder_pitch,0.114285,0.047940,0.081205,0.500000,0.081205,1.484000,1.484000,-0.872665,3.136111,-0.033080,0,1.369715,Cruise,traj_vel,-0.264641,0.281912,0.150000,0.930942,1.362854,1.008943,0.500000,8.000,2.000,0,0
50,250,right_shoulder_pitch,0.115052,0.047936,0.083705,0.500000,0.083705,1.484000,1.484000,-0.872665,3.136111,-0.031347,0,1.368948,Cruise,traj_vel,-0.250777,0.283796,0.150000,0.924238,1.358034,1.005281,0.500000,8.000,2.000,0,0
51,255,right_shoulder_pitch,0.115819,0.047938,0.086205,0.500000,0.115819,1.484000,1.484000,-0.872665,3.136111,0.000000,0,1.368181,Cruise,traj_vel,0.000000,0.285680,0.150000,0.919210,1.354889,1.078523,0.500000,8.000,2.000,0,0
52,260,right_shoulder_pitch,0.116970,0.071903,0.088705,0.500000,0.116970,1.484000,1.484000,-0.872665,3.136111,0.000000,0,1.367030,Cruise,traj_vel,0.000000,0.288504,0.150000,0.903456,1.341960,1.014436,0.500000,8.000,2.000,0,0
53,265,right_shoulder_pitch,0.118504,0.095875,0.091205,0.500000,0.118504,1.484000,1.484000,-0.872665,3.136111,0.000000,0,1.365496,Cruise,traj_vel,0.000000,0.292270,0.150000,0.879654,1.321924,1.073030,0.500000,8.000,2.000,0,0
54,270,right_shoulder_pitch,0.120805,0.143811,0.093705,0.500000,0.120805,1.484000,1.484000,-0.872665,3.136111,0.000000,0,1.363195,Cruise,traj_vel,0.000000,0.297918,0.150000,0.837835,1.285753,1.060213,0.500000,8.000,2.000,0,0
55,275,right_shoulder_pitch,0.123873,0.191749,0.096205,0.500000,0.123873,1.484000,1.484000,-0.872665,3.136111,0.000000,0,1.360127,Cruise,traj_vel,0.000000,0.305446,0.150000,0.782502,1.237947,0.849634,0.500000,8.000,2.000,0,0
56,280,right_shoulder_pitch,0.129625,0.359527,0.098705,0.500000,0.098705,1.484000,1.484000,-0.872665,3.136111,-0.030920,0,1.354375,Cruise,traj_vel,-0.247359,0.319552,0.150000,0.657113,1.126665,0.853297,0.500000,8.000,2.000,0,0
57,285,right_shoulder_pitch,0.135762,0.383543,0.101205,0.500000,0.101205,1.484000,1.484000,-0.872665,3.136111,-0.034557,0,1.348238,Cruise,traj_vel,-0.276453,0.334589,0.150000,0.551063,1.035653,1.175573,0.500000,8.000,2.000,0,0
58,290,right_shoulder_pitch,0.142281,0.407464,0.103705,0.500000,0.103705,1.484000,1.484000,-0.872665,3.136111,-0.038576,0,1.341719,Cruise,traj_vel,-0.308608,0.350551,0.150000,0.459566,0.960116,0.944853,0.500000,8.000,2.000,0,0
59,295,right_shoulder_pitch,0.149568,0.455401,0.106205,0.500000,0.106205,1.484000,1.484000,-0.872665,3.136111,-0.043362,0,1.334432,Cruise,traj_vel,-0.346899,0.368372,0.150000,0.366974,0.885346,0.712302,0.500000,8.000,2.000,0,0
60,300,right_shoulder_pitch,0.157238,0.478320,0.108705,0.500000,0.108705,1.484000,1.484000,-0.872665,3.136111,-0.048532,0,1.326762,Cruise,traj_vel,-0.388259,0.387110,0.150000,0.286070,0.823181,0.360729,0.500000,8.000,2.000,0,0
61,305,right_shoulder_pitch,0.164908,0.479172,0.111205,0.500000,0.114908,1.484000,1.484000,-0.872665,3.136111,-0.050000,1,1.319092,Cruise,traj_vel,-0.400000,0.405828,0.150000,0.224967,0.780794,0.305797,0.500000,8.000,2.000,0,0
62,310,right_shoulder_pitch,0.171811,0.345815,0.113705,0.500000,0.121811,1.484000,1.484000,-0.872665,3.136111,-0.050000,1,1.312189,Cruise,traj_vel,-0.400000,0.422651,0.150000,0.245817,0.818469,0.637225,0.500000,8.000,2.000,0,0
63,315,right_shoulder_pitch,0.179098,0.455484,0.116205,0.500000,0.129098,1.484000,1.484000,-0.872665,3.136111,-0.050000,1,1.304902,Cruise,traj_vel,-0.400000,0.440387,0.150000,0.206621,0.797009,0.697653,0.500000,8.000,2.000,0,0
64,320,right_shoulder_pitch,0.183699,0.230098,0.118705,0.500000,0.133699,1.484000,1.484000,-0.872665,3.136111,-0.050000,1,1.300301,Cruise,traj_vel,-0.400000,0.451577,0.150000,0.289917,0.891494,0.747092,0.500000,8.000,2.000,0,0
65,325,right_shoulder_pitch,0.187535,0.191795,0.121205,0.500000,0.137535,1.484000,1.484000,-0.872665,3.136111,-0.050000,1,1.296465,Cruise,traj_vel,-0.400000,0.460897,0.150000,0.371540,0.982437,0.203254,0.500000,8.000,2.000,0,0
66,330,right_shoulder_pitch,0.192904,0.335533,0.123705,0.500000,0.142904,1.484000,1.484000,-0.872665,3.136111,-0.050000,1,1.291096,Cruise,traj_vel,-0.400000,0.473930,0.150000,0.360889,0.984819,0.115360,0.500000,8.000,2.000,0,0
67,335,right_shoulder_pitch,0.197506,0.287645,0.126205,0.500000,0.147506,1.484000,1.484000,-0.872665,3.136111,-0.050000,1,1.286494,Cruise,traj_vel,-0.400000,0.485090,0.150000,0.376844,1.011934,0.483413,0.500000,8.000,2.000,0,0
68,340,right_shoulder_pitch,0.199807,0.143801,0.128705,0.500000,0.149807,1.484000,1.484000,-0.872665,3.136111,-0.050000,1,1.284193,Cruise,traj_vel,-0.400000,0.490667,0.150000,0.460732,1.101399,0.615252,0.500000,8.000,2.000,0,0
69,345,right_shoulder_pitch,0.201724,0.119849,0.131205,0.500000,0.151724,1.484000,1.484000,-0.872665,3.136111,-0.050000,1,1.282276,Cruise,traj_vel,-0.400000,0.495312,0.150000,0.535625,1.180936,0.512710,0.500000,8.000,2.000,0,0
70,350,right_shoulder_pitch,0.204792,0.191751,0.133705,0.500000,0.154792,1.484000,1.484000,-0.872665,3.136111,-0.050000,1,1.279208,Cruise,traj_vel,-0.400000,0.502740,0.150000,0.555843,1.208583,0.675681,0.500000,8.000,2.000,0,0
71,355,right_shoulder_pitch,0.208628,0.239733,0.136205,0.500000,0.158628,1.484000,1.484000,-0.872665,3.136111,-0.050000,1,1.275372,Cruise,traj_vel,-0.400000,0.512020,0.150000,0.547016,1.209036,0.833155,0.500000,8.000,2.000,0,0
72,360,right_shoulder_pitch,0.211313,0.167779,0.138705,0.500000,0.161313,1.484000,1.484000,-0.872665,3.136111,-0.050000,1,1.272687,Cruise,traj_vel,-0.400000,0.518511,0.150000,0.576372,1.244883,0.979643,0.500000,8.000,2.000,0,0
73,365,right_shoulder_pitch,0.213614,0.143811,0.141205,0.500000,0.163614,1.484000,1.484000,-0.872665,3.136111,-0.050000,1,1.270386,Cruise,traj_vel,-0.400000,0.524071,0.150000,0.610374,1.284445,0.867945,0.500000,8.000,2.000,0,0
74,370,right_shoulder_pitch,0.216298,0.167780,0.143705,0.500000,0.166298,1.484000,1.484000,-0.872665,3.136111,-0.050000,1,1.267702,Cruise,traj_vel,-0.400000,0.530555,0.150000,0.623891,1.304446,1.069368,0.500000,8.000,2.000,0,0
75,375,right_shoulder_pitch,0.217832,0.095792,0.146205,0.500000,0.167832,1.484000,1.484000,-0.872665,3.136111,-0.050000,1,1.266168,Cruise,traj_vel,-0.400000,0.534258,0.150000,0.670022,1.354280,1.016268,0.500000,8.000,2.000,0,0
76,380,right_shoulder_pitch,0.218216,0.023989,0.148705,0.500000,0.168216,1.484000,1.484000,-0.872665,3.136111,-0.050000,1,1.265784,Cruise,traj_vel,-0.400000,0.535184,0.150000,0.740522,1.425706,1.019930,0.500000,8.000,2.000,0,0
77,385,right_shoulder_pitch,0.217832,-0.023969,0.151205,0.500000,0.167832,1.484000,1.484000,-0.872665,3.136111,-0.050000,1,1.266168,Cruise,traj_vel,-0.400000,0.534258,0.150000,0.817376,1.501634,1.012605,0.500000,8.000,2.000,0,0
78,390,right_shoulder_pitch,0.217449,-0.023968,0.153705,0.500000,0.167449,1.484000,1.484000,-0.872665,3.136111,-0.050000,1,1.266551,Cruise,traj_vel,-0.400000,0.533333,0.150000,0.875016,1.558349,1.030916,0.500000,8.000,2.000,0,0
79,395,right_shoulder_pitch,0.216682,-0.047915,0.156205,0.500000,0.166682,1.484000,1.484000,-0.872665,3.136111,-0.050000,1,1.267318,Cruise,traj_vel,-0.400000,0.531481,0.150000,0.930219,1.611700,1.109651,0.500000,8.000,2.000,0,0
80,400,right_shoulder_pitch,0.216298,-0.023979,0.158705,0.500000,0.166298,1.484000,1.484000,-0.872665,3.136111,-0.050000,1,1.267702,Cruise,traj_vel,-0.400000,0.530555,0.150000,0.959654,1.640209,1.069368,0.500000,8.000,2.000,0,0
81,405,right_shoulder_pitch,0.216298,0.000000,0.216411,0.022500,0.216411,1.484000,1.484000,-0.872665,3.141593,0.000112,0,1.267702,Accelerate,traj_vel,0.000900,0.530555,0.150000,0.014741,0.695296,1.133459,0.000000,8.000,2.000,0,0
82,410,right_shoulder_pitch,0.216682,0.023971,0.216636,0.045000,0.216682,1.484000,1.484000,-0.872665,3.141593,0.000000,0,1.267318,Accelerate,traj_vel,0.000000,0.531481,0.150000,0.055320,0.736801,1.259805,0.045000,8.000,2.000,0,0
83,415,right_shoulder_pitch,0.216682,0.000000,0.216973,0.067500,0.216973,1.484000,1.484000,-0.872665,3.141593,0.000292,0,1.267318,Accelerate,traj_vel,0.002332,0.531481,0.150000,0.108990,0.790471,0.844141,0.000000,8.000,2.000,0,0
84,420,right_shoulder_pitch,0.216682,0.000000,0.217423,0.090000,0.217423,1.484000,1.484000,-0.872665,3.141593,0.000742,0,1.267318,Accelerate,traj_vel,0.005932,0.531481,0.150000,0.160492,0.841973,0.822169,0.000000,8.000,2.000,0,0
85,425,right_shoulder_pitch,0.216298,-0.023969,0.217986,0.112500,0.217986,1.484000,1.484000,-0.872665,3.141593,0.001687,0,1.267702,Accelerate,traj_vel,0.013500,0.530555,0.150000,0.222354,0.902909,0.824000,0.112500,8.000,2.000,0,0
86,430,right_shoulder_pitch,0.215915,-0.023969,0.218661,0.135000,0.218661,1.484000,1.484000,-0.872665,3.141593,0.002746,0,1.268085,Accelerate,traj_vel,0.021968,0.529629,0.150000,0.279999,0.959628,0.904570,0.135000,8.000,2.000,0,0
87,435,right_shoulder_pitch,0.215531,-0.023968,0.219448,0.157500,0.219448,1.484000,1.484000,-0.872665,3.141593,0.003917,0,1.268469,Accelerate,traj_vel,0.031336,0.528703,0.150000,0.334484,1.013187,0.878935,0.157500,8.000,2.000,0,0
88,440,right_shoulder_pitch,0.215148,-0.023969,0.220348,0.180000,0.220348,1.484000,1.484000,-0.872665,3.141593,0.005200,0,1.268852,Accelerate,traj_vel,0.041604,0.527777,0.150000,0.386597,1.064374,0.913725,0.180000,8.000,2.000,0,0
89,445,right_shoulder_pitch,0.215148,0.000000,0.221361,0.202500,0.221361,1.484000,1.484000,-0.872665,3.141593,0.006213,0,1.268852,Accelerate,traj_vel,0.049704,0.527777,0.150000,0.424948,1.102725,1.029085,0.000000,8.000,2.000,0,0
90,450,right_shoulder_pitch,0.215148,0.000000,0.222486,0.225000,0.222486,1.484000,1.484000,-0.872665,3.141593,0.007338,0,1.268852,Accelerate,traj_vel,0.058704,0.527777,0.150000,0.464961,1.142738,1.056551,0.000000,8.000,2.000,0,0
91,455,right_shoulder_pitch,0.215531,0.023968,0.223723,0.247500,0.223723,1.484000,1.484000,-0.872665,3.141593,0.008192,0,1.268469,Accelerate,traj_vel,0.065536,0.528703,0.150000,0.494236,1.172939,1.126134,0.247500,8.000,2.000,0,0
92,460,right_shoulder_pitch,0.215915,0.023969,0.225073,0.270000,0.225073,1.484000,1.484000,-0.872665,3.141593,0.009158,0,1.268085,Accelerate,traj_vel,0.073268,0.529629,0.150000,0.527443,1.207072,1.131628,0.270000,8.000,2.000,0,0
93,465,right_shoulder_pitch,0.216298,0.023969,0.226536,0.292500,0.226536,1.484000,1.484000,-0.872665,3.141593,0.010237,0,1.267702,Accelerate,traj_vel,0.081900,0.530555,0.150000,0.563598,1.244153,1.246988,0.292500,8.000,2.000,0,0
94,470,right_shoulder_pitch,0.216298,0.000000,0.228111,0.315000,0.228111,1.484000,1.484000,-0.872665,3.141593,0.011812,0,1.267702,Accelerate,traj_vel,0.094500,0.530555,0.150000,0.613949,1.294504,1.217687,0.000000,8.000,2.000,0,0
95,475,right_shoulder_pitch,0.216298,0.000000,0.229798,0.337500,0.229798,1.484000,1.484000,-0.872665,3.141593,0.013500,0,1.267702,Accelerate,traj_vel,0.108000,0.530555,0.150000,0.662961,1.343516,1.316568,0.000000,8.000,2.000,0,0
96,480,right_shoulder_pitch,0.216682,0.023969,0.231598,0.360000,0.231598,1.484000,1.484000,-0.872665,3.141593,0.014917,0,1.267318,Accelerate,traj_vel,0.119332,0.531481,0.150000,0.698987,1.380468,1.378827,0.360000,8.000,2.000,0,0
97,485,right_shoulder_pitch,0.216682,0.000000,0.233511,0.382500,0.233511,1.484000,1.484000,-0.872665,3.141593,0.016829,0,1.267318,Accelerate,traj_vel,0.134632,0.531481,0.150000,0.749240,1.430721,1.344033,0.000000,8.000,2.000,0,0
98,490,right_shoulder_pitch,0.217065,0.023968,0.235536,0.405000,0.235536,1.484000,1.484000,-0.872665,3.141593,0.018471,0,1.266935,Accelerate,traj_vel,0.147764,0.532407,0.150000,0.786196,1.468603,1.435590,0.405000,8.000,2.000,0,0
99,495,right_shoulder_pitch,0.217832,0.047937,0.237673,0.427500,0.237673,1.484000,1.484000,-0.872665,3.141297,0.019841,0,1.266168,Accelerate,traj_vel,0.158728,0.534258,0.150000,0.813179,1.497437,1.477708,0.427500,8.000,2.000,0,0
100,500,right_shoulder_pitch,0.218216,0.023969,0.239923,0.450000,0.239923,1.484000,1.484000,-0.872665,3.139750,0.021708,0,1.265784,Accelerate,traj_vel,0.173660,0.535184,0.150000,0.856650,1.541834,1.583912,0.450000,8.000,2.000,0,0
101,505,right_shoulder_pitch,0.219749,0.095861,0.242286,0.472500,0.242286,1.484000,1.484000,-0.872665,3.138147,0.022536,0,1.264251,Accelerate,traj_vel,0.180288,0.538885,0.150000,0.864557,1.553442,1.534470,0.472500,8.000,2.000,0,0
102,510,right_shoulder_pitch,0.221667,0.119859,0.244761,0.495000,0.244761,1.484000,1.484000,-0.872665,3.136487,0.023094,0,1.262333,Accelerate,traj_vel,0.184749,0.543511,0.150000,0.869738,1.563249,1.539963,0.495000,8.000,2.000,0,0
103,515,right_shoulder_pitch,0.223968,0.143810,0.247261,0.500000,0.247261,1.484000,1.484000,-0.872665,3.136111,0.023293,0,1.260032,Cruise,traj_vel,0.186341,0.549058,0.150000,0.837899,1.536957,1.398969,0.500000,8.000,2.000,0,0
104,520,right_shoulder_pitch,0.228570,0.287623,0.249761,0.500000,0.249761,1.484000,1.484000,-0.872665,3.136111,0.021191,0,1.255430,Cruise,traj_vel,0.169525,0.560145,0.150000,0.734613,1.444758,1.175573,0.500000,8.000,2.000,0,0
105,525,right_shoulder_pitch,0.235090,0.407509,0.252261,0.500000,0.252261,1.484000,1.484000,-0.872665,3.136111,0.017170,0,1.248910,Cruise,traj_vel,0.137364,0.575832,0.150000,0.597205,1.323037,1.417279,0.500000,8.000,2.000,0,0
106,530,right_shoulder_pitch,0.241609,0.407466,0.254761,0.500000,0.254761,1.484000,1.484000,-0.872665,3.136111,0.013151,0,1.242391,Cruise,traj_vel,0.105209,0.591493,0.150000,0.494171,1.235664,1.486863,0.500000,8.000,2.000,0,0
107,535,right_shoulder_pitch,0.250046,0.527107,0.257261,0.500000,0.257261,1.484000,1.484000,-0.872665,3.136111,0.007214,0,1.233954,Cruise,traj_vel,0.057713,0.611723,0.000000,0.357075,0.968798,1.615040,0.500000,8.000,2.000,0,0
108,540,right_shoulder_pitch,0.258484,0.421985,0.259761,0.500000,0.259761,1.484000,1.484000,-0.872665,3.136111,0.001277,0,1.225516,Cruise,traj_vel,0.010212,0.631911,0.150000,0.306814,1.088725,1.104158,0.500000,8.000,2.000,0,0
109,545,right_shoulder_pitch,0.270756,0.767011,0.262261,0.500000,0.270756,1.484000,1.484000,-0.872665,3.136111,0.000000,0,1.213244,Cruise,traj_vel,0.000000,0.661193,0.000000,0.096605,0.757798,0.684836,0.500000,8.000,2.000,0,0
110,550,right_shoulder_pitch,0.279960,0.575271,0.264761,0.500000,0.279960,1.484000,1.484000,-0.872665,3.136111,0.000000,0,1.204040,Cruise,traj_vel,0.000000,0.683089,0.000000,0.034818,0.717907,1.336709,0.500000,8.000,2.000,0,0
111,555,right_shoulder_pitch,0.288397,0.527330,0.267261,0.500000,0.288397,1.484000,1.484000,-0.872665,3.136111,0.000000,0,1.195603,Cruise,traj_vel,0.000000,0.703111,0.000000,0.012449,0.715559,0.981474,0.500000,8.000,2.000,0,0
112,560,right_shoulder_pitch,0.296451,0.503359,0.269761,0.500000,0.296451,1.484000,1.484000,-0.872665,3.136111,0.000000,0,1.187549,Cruise,traj_vel,0.000000,0.722175,0.150000,0.007657,0.879831,0.459609,0.500000,8.000,2.000,0,0
113,565,right_shoulder_pitch,0.305271,0.551269,0.272261,0.500000,0.272261,1.484000,1.484000,-0.872665,3.136111,-0.033011,0,1.178729,Cruise,traj_vel,-0.264085,0.743000,0.000000,-0.019892,0.723108,0.278327,0.500000,8.000,2.000,0,0
114,570,right_shoulder_pitch,0.313325,0.503388,0.274761,0.500000,0.274761,1.484000,1.484000,-0.872665,3.136111,-0.038565,0,1.170675,Cruise,traj_vel,-0.308518,0.761966,0.150000,-0.016613,0.895353,1.285440,0.500000,8.000,2.000,0,0
115,575,right_shoulder_pitch,0.318694,0.335552,0.277261,0.500000,0.277261,1.484000,1.484000,-0.872665,3.136111,-0.041434,0,1.165306,Cruise,traj_vel,-0.331470,0.774582,0.150000,0.069764,0.994346,0.814844,0.500000,8.000,2.000,0,0
116,580,right_shoulder_pitch,0.324063,0.335565,0.279761,0.500000,0.279761,1.484000,1.484000,-0.872665,3.136111,-0.044303,0,1.159937,Cruise,traj_vel,-0.354421,0.787175,0.150000,0.134541,1.071715,0.650046,0.500000,8.000,2.000,0,0
117,585,right_shoulder_pitch,0.329049,0.311591,0.282261,0.500000,0.282261,1.484000,1.484000,-0.872665,3.136111,-0.046788,0,1.154951,Cruise,traj_vel,-0.374305,0.798848,0.150000,0.195110,1.143958,0.609759,0.500000,8.000,2.000,0,0
118,590,right_shoulder_pitch,0.333268,0.263698,0.284761,0.500000,0.284761,1.484000,1.484000,-0.872665,3.136111,-0.048507,0,1.150732,Cruise,traj_vel,-0.388058,0.808711,0.150000,0.264484,1.223195,0.571307,0.500000,8.000,2.000,0,0
119,595,right_shoulder_pitch,0.335952,0.167780,0.287261,0.500000,0.287261,1.484000,1.484000,-0.872665,3.136111,-0.048692,0,1.148048,Cruise,traj_vel,-0.389534,0.814980,0.150000,0.364473,1.329453,0.686667,0.500000,8.000,2.000,0,0
120,600,right_shoulder_pitch,0.339020,0.191748,0.289761,0.500000,0.289761,1.484000,1.484000,-0.872665,3.136111,-0.049260,0,1.144980,Cruise,traj_vel,-0.394078,0.822136,0.150000,0.427481,1.399617,0.798365,0.500000,8.000,2.000,0,0
121,605,right_shoulder_pitch,0.342088,0.191340,0.292261,0.500000,0.292261,1.484000,1.484000,-0.872665,3.136111,-0.049828,0,1.141912,Cruise,traj_vel,-0.398621,0.829285,0.150000,0.474941,1.454226,0.884428,0.500000,8.000,2.000,0,0
122,610,right_shoulder_pitch,0.345923,0.239718,0.294761,0.500000,0.295923,1.484000,1.484000,-0.872665,3.136111,-0.050000,1,1.138077,Cruise,traj_vel,-0.400000,0.838210,0.150000,0.486346,1.474556,1.074861,0.500000,8.000,2.000,0,0
123,615,right_shoulder_pitch,0.348608,0.167625,0.297261,0.500000,0.298608,1.484000,1.484000,-0.872665,3.136111,-0.050000,1,1.135392,Cruise,traj_vel,-0.400000,0.844450,0.150000,0.530947,1.525397,1.085848,0.500000,8.000,2.000,0,0
124,620,right_shoulder_pitch,0.351676,0.192079,0.299761,0.500000,0.301676,1.484000,1.484000,-0.872665,3.136111,-0.050000,1,1.132324,Cruise,traj_vel,-0.400000,0.851574,0.150000,0.552171,1.553745,1.311074,0.500000,8.000,2.000,0,0
125,625,right_shoulder_pitch,0.354360,0.111930,0.302261,0.500000,0.304360,1.484000,1.484000,-0.872665,3.136111,-0.050000,1,1.129640,Cruise,traj_vel,-0.400000,0.857802,0.150000,0.608163,1.615964,1.160924,0.500000,8.000,2.000,0,0
126,630,right_shoulder_pitch,0.357045,0.134269,0.304761,0.500000,0.307045,1.484000,1.484000,-0.872665,3.136111,-0.050000,1,1.126955,Cruise,traj_vel,-0.400000,0.864024,0.150000,0.638988,1.653012,1.300088,0.500000,8.000,2.000,0,0
127,635,right_shoulder_pitch,0.357045,0.000000,0.307261,0.500000,0.307261,1.484000,1.484000,-0.872665,3.136111,-0.049785,0,1.126955,Cruise,traj_vel,-0.398278,0.864024,0.150000,0.729241,1.743265,1.345865,0.000000,8.000,2.000,0,0
128,640,right_shoulder_pitch,0.357045,0.000000,0.309761,0.500000,0.309761,1.484000,1.484000,-0.872665,3.136111,-0.047285,0,1.126955,Cruise,traj_vel,-0.378278,0.864024,0.150000,0.796931,1.810955,1.312906,0.000000,8.000,2.000,0,0
129,645,right_shoulder_pitch,0.357045,0.000000,0.312261,0.500000,0.312261,1.484000,1.484000,-0.872665,3.136111,-0.044785,0,1.126955,Cruise,traj_vel,-0.358278,0.864024,0.150000,0.847698,1.861722,1.300088,0.000000,8.000,2.000,0,0
130,650,right_shoulder_pitch,0.356662,-0.023971,0.314761,0.500000,0.314761,1.484000,1.484000,-0.872665,3.136111,-0.041901,0,1.127338,Cruise,traj_vel,-0.335210,0.863136,0.150000,0.897759,1.910895,1.417279,0.500000,8.000,2.000,0,0
131,655,right_shoulder_pitch,0.356662,0.000000,0.317261,0.500000,0.317261,1.484000,1.484000,-0.872665,3.136111,-0.039401,0,1.127338,Cruise,traj_vel,-0.315210,0.863136,0.150000,0.923319,1.936455,1.452069,0.000000,8.000,2.000,0,0
132,660,right_shoulder_pitch,0.356662,0.000000,0.319761,0.500000,0.319761,1.484000,1.484000,-0.872665,3.136111,-0.036901,0,1.127338,Cruise,traj_vel,-0.295210,0.863136,0.150000,0.942489,1.955625,1.505173,0.000000,8.000,2.000,0,0
133,665,right_shoulder_pitch,0.357045,0.023968,0.322261,0.500000,0.322261,1.484000,1.484000,-0.872665,3.136111,-0.034785,0,1.126955,Cruise,traj_vel,-0.278278,0.864024,0.150000,0.944883,1.958907,1.609547,0.500000,8.000,2.000,0,0
134,670,right_shoulder_pitch,0.357429,0.023969,0.324761,0.500000,0.324761,1.484000,1.484000,-0.872665,3.136111,-0.032668,0,1.126571,Cruise,traj_vel,-0.261346,0.864912,0.150000,0.946678,1.961590,1.596730,0.500000,8.000,2.000,0,0
135,675,right_shoulder_pitch,0.358196,0.047934,0.327261,0.500000,0.327261,1.484000,1.484000,-0.872665,3.136111,-0.030935,0,1.125804,Cruise,traj_vel,-0.247482,0.866688,0.150000,0.936041,1.952730,1.662648,0.500000,8.000,2.000,0,0
136,680,right_shoulder_pitch,0.358579,0.023962,0.329761,0.500000,0.358579,1.484000,1.484000,-0.872665,3.136111,0.000000,0,1.125421,Cruise,traj_vel,0.000000,0.867576,0.150000,0.940050,1.957626,1.699272,0.500000,8.000,2.000,0,0
137,685,right_shoulder_pitch,0.359346,0.047886,0.332261,0.500000,0.359346,1.484000,1.484000,-0.872665,3.136111,0.000000,0,1.124654,Cruise,traj_vel,0.000000,0.869351,0.150000,0.931094,1.950446,1.673634,0.500000,8.000,2.000,0,0
138,690,right_shoulder_pitch,0.360880,0.095981,0.334761,0.500000,0.360880,1.484000,1.484000,-0.872665,3.136111,0.000000,0,1.123120,Cruise,traj_vel,0.000000,0.872900,0.150000,0.900330,1.923231,1.653492,0.500000,8.000,2.000,0,0
139,695,right_shoulder_pitch,0.363565,0.167730,0.337261,0.500000,0.363565,1.484000,1.484000,-0.872665,3.136111,0.000000,0,1.120435,Cruise,traj_vel,0.000000,0.879106,0.150000,0.841383,1.870489,1.651661,0.500000,8.000,2.000,0,0
140,700,right_shoulder_pitch,0.367400,0.239726,0.339761,0.500000,0.367400,1.484000,1.484000,-0.872665,3.136111,0.000000,0,1.116600,Cruise,traj_vel,0.000000,0.887960,0.150000,0.761174,1.799135,1.560105,0.500000,8.000,2.000,0,0
141,705,right_shoulder_pitch,0.372769,0.335465,0.342261,0.500000,0.342261,1.484000,1.484000,-0.872665,3.136111,-0.030508,0,1.111231,Cruise,traj_vel,-0.244064,0.900334,0.150000,0.653148,1.703482,1.488694,0.500000,8.000,2.000,0,0
142,710,right_shoulder_pitch,0.379288,0.407610,0.344761,0.500000,0.344761,1.484000,1.484000,-0.872665,3.136111,-0.034527,0,1.104712,Cruise,traj_vel,-0.276220,0.915325,0.150000,0.536056,1.601381,1.558274,0.500000,8.000,2.000,0,0
143,715,right_shoulder_pitch,0.386959,0.479343,0.347261,0.500000,0.347261,1.484000,1.484000,-0.872665,3.136111,-0.039698,0,1.097041,Cruise,traj_vel,-0.317585,0.932913,0.150000,0.412371,1.495284,1.679127,0.500000,8.000,2.000,0,0
144,720,right_shoulder_pitch,0.393478,0.407409,0.349761,0.500000,0.349761,1.484000,1.484000,-0.872665,3.136111,-0.043718,0,1.090522,Cruise,traj_vel,-0.349740,0.947818,0.150000,0.355573,1.453392,1.382489,0.500000,8.000,2.000,0,0
145,725,right_shoulder_pitch,0.400764,0.455459,0.352261,0.500000,0.352261,1.484000,1.484000,-0.872665,3.136111,-0.048504,0,1.083236,Cruise,traj_vel,-0.388031,0.964429,0.150000,0.288950,1.403380,0.628070,0.500000,8.000,2.000,0,0
146,730,right_shoulder_pitch,0.409586,0.551275,0.354761,0.500000,0.359586,1.484000,1.484000,-0.872665,3.136111,-0.050000,1,1.074414,Cruise,traj_vel,-0.400000,0.984471,0.000000,0.191075,1.175546,1.051058,0.500000,8.000,2.000,0,0
147,735,right_shoulder_pitch,0.415722,0.383548,0.357261,0.500000,0.365722,1.484000,1.484000,-0.872665,3.136111,-0.050000,1,1.068278,Cruise,traj_vel,-0.400000,0.998366,0.150000,0.201532,1.349898,1.287271,0.500000,8.000,2.000,0,0
148,740,right_shoulder_pitch,0.421857,0.383467,0.359761,0.500000,0.371857,1.484000,1.484000,-0.872665,3.136111,-0.050000,1,1.062143,Cruise,traj_vel,-0.400000,1.012224,0.150000,0.209416,1.371640,0.847803,0.500000,8.000,2.000,0,0
149,745,right_shoulder_pitch,0.427610,0.359449,0.362261,0.500000,0.377610,1.484000,1.484000,-0.872665,3.136111,-0.050000,1,1.056390,Cruise,traj_vel,-0.400000,1.025181,0.150000,0.227337,1.402518,1.104158,0.500000,8.000,2.000,0,0
150,750,right_shoulder_pitch,0.432213,0.287749,0.364761,0.500000,0.382213,1.484000,1.484000,-0.872665,3.136111,-0.050000,1,1.051787,Cruise,traj_vel,-0.400000,1.035524,0.150000,0.276628,1.462152,0.932035,0.500000,8.000,2.000,0,0
151,755,right_shoulder_pitch,0.436431,0.263572,0.367261,0.500000,0.386431,1.484000,1.484000,-0.872665,3.136111,-0.050000,1,1.047569,Cruise,traj_vel,-0.400000,1.044984,0.150000,0.325685,1.520669,0.878935,0.500000,8.000,2.000,0,0
152,760,right_shoulder_pitch,0.440649,0.263734,0.369761,0.500000,0.390649,1.484000,1.484000,-0.872665,3.136111,-0.050000,1,1.043351,Cruise,traj_vel,-0.400000,1.054426,0.150000,0.362397,1.566823,0.783716,0.500000,8.000,2.000,0,0
153,765,right_shoulder_pitch,0.444484,0.239666,0.372261,0.500000,0.394484,1.484000,1.484000,-0.872665,3.136111,-0.050000,1,1.039516,Cruise,traj_vel,-0.400000,1.062993,0.150000,0.401965,1.614958,1.270791,0.500000,8.000,2.000,0,0
154,770,right_shoulder_pitch,0.447552,0.191730,0.374761,0.500000,0.397552,1.484000,1.484000,-0.872665,3.136111,-0.050000,1,1.036448,Cruise,traj_vel,-0.400000,1.069835,0.150000,0.455609,1.675444,1.157262,0.500000,8.000,2.000,0,0
155,775,right_shoulder_pitch,0.451387,0.239726,0.377261,0.500000,0.401387,1.484000,1.484000,-0.872665,3.136111,-0.050000,1,1.032613,Cruise,traj_vel,-0.400000,1.078374,0.150000,0.471844,1.700218,1.243325,0.500000,8.000,2.000,0,0
156,780,right_shoulder_pitch,0.455223,0.239708,0.379761,0.500000,0.405223,1.484000,1.484000,-0.872665,3.136111,-0.050000,1,1.028777,Cruise,traj_vel,-0.400000,1.086899,0.150000,0.484029,1.720927,1.428266,0.500000,8.000,2.000,0,0
157,785,right_shoulder_pitch,0.458291,0.191769,0.382261,0.500000,0.408291,1.484000,1.484000,-0.872665,3.136111,-0.050000,1,1.025709,Cruise,traj_vel,-0.400000,1.093706,0.150000,0.517137,1.760843,1.490525,0.500000,8.000,2.000,0,0
158,790,right_shoulder_pitch,0.460592,0.143806,0.384761,0.500000,0.410592,1.484000,1.484000,-0.872665,3.136111,-0.050000,1,1.023408,Cruise,traj_vel,-0.400000,1.098804,0.150000,0.565950,1.814754,1.391644,0.500000,8.000,2.000,0,0
159,795,right_shoulder_pitch,0.462509,0.119849,0.387261,0.500000,0.412509,1.484000,1.484000,-0.872665,3.136111,-0.050000,1,1.021491,Cruise,traj_vel,-0.400000,1.103048,0.150000,0.614538,1.867586,1.411786,0.500000,8.000,2.000,0,0
160,800,right_shoulder_pitch,0.463660,0.071904,0.389761,0.500000,0.413660,1.484000,1.484000,-0.872665,3.136111,-0.050000,1,1.020340,Cruise,traj_vel,-0.400000,1.105593,0.150000,0.674951,1.930544,1.514329,0.500000,8.000,2.000,0,0
161,805,right_shoulder_pitch,0.464427,0.047880,0.392261,0.500000,0.414427,1.484000,1.484000,-0.872665,3.136111,-0.050000,1,1.019573,Cruise,traj_vel,-0.400000,1.107289,0.150000,0.732274,1.989562,1.483201,0.500000,8.000,2.000,0,0
162,810,right_shoulder_pitch,0.464427,0.000000,0.394761,0.500000,0.414427,1.484000,1.484000,-0.872665,3.136111,-0.050000,1,1.019573,Cruise,traj_vel,-0.400000,1.107289,0.150000,0.799205,2.056494,1.543626,0.000000,8.000,2.000,0,0
163,815,right_shoulder_pitch,0.464043,-0.023972,0.397261,0.500000,0.414043,1.484000,1.484000,-0.872665,3.136111,-0.050000,1,1.019957,Cruise,traj_vel,-0.400000,1.106441,0.150000,0.861390,2.117831,1.593068,0.500000,8.000,2.000,0,0
164,820,right_shoulder_pitch,0.464043,0.000000,0.399761,0.500000,0.414043,1.484000,1.484000,-0.872665,3.136111,-0.050000,1,1.019957,Cruise,traj_vel,-0.400000,1.106441,0.150000,0.896043,2.152483,1.598561,0.000000,8.000,2.000,0,0
165,825,right_shoulder_pitch,0.464427,0.023970,0.402261,0.500000,0.414427,1.484000,1.484000,-0.872665,3.136111,-0.050000,1,1.019573,Cruise,traj_vel,-0.400000,1.107289,0.150000,0.910047,2.167335,1.743218,0.500000,8.000,2.000,0,0
166,830,right_shoulder_pitch,0.464427,0.000000,0.404761,0.500000,0.414427,1.484000,1.484000,-0.872665,3.136111,-0.050000,1,1.019573,Cruise,traj_vel,-0.400000,1.107289,0.150000,0.932535,2.189824,1.671803,0.000000,8.000,2.000,0,0
167,835,right_shoulder_pitch,0.464810,0.023973,0.407261,0.500000,0.414810,1.484000,1.484000,-0.872665,3.136111,-0.050000,1,1.019190,Cruise,traj_vel,-0.400000,1.108136,0.150000,0.937415,2.195551,1.712090,0.500000,8.000,2.000,0,0
168,840,right_shoulder_pitch,0.465194,0.023968,0.409761,0.500000,0.415194,1.484000,1.484000,-0.872665,3.136111,-0.050000,1,1.018806,Cruise,traj_vel,-0.400000,1.108983,0.150000,0.941077,2.200061,1.673634,0.500000,8.000,2.000,0,0
169,845,right_shoulder_pitch,0.465961,0.047939,0.412261,0.500000,0.415961,1.484000,1.484000,-0.872665,3.136111,-0.050000,1,1.018039,Cruise,traj_vel,-0.400000,1.110678,0.150000,0.931838,2.192516,1.757866,0.500000,8.000,2.000,0,0
170,850,right_shoulder_pitch,0.467111,0.071904,0.414761,0.500000,0.417111,1.484000,1.484000,-0.872665,3.136111,-0.050000,1,1.016889,Cruise,traj_vel,-0.400000,1.113218,0.150000,0.912927,2.176145,1.746880,0.500000,8.000,2.000,0,0
171,855,right_shoulder_pitch,0.468262,0.071895,0.417261,0.500000,0.418262,1.484000,1.484000,-0.872665,3.136111,-0.050000,1,1.015738,Cruise,traj_vel,-0.400000,1.115757,0.150000,0.898747,2.164504,1.622365,0.500000,8.000,2.000,0,0
172,860,right_shoulder_pitch,0.470179,0.119874,0.419761,0.500000,0.420179,1.484000,1.484000,-0.872665,3.136111,-0.050000,1,1.013821,Cruise,traj_vel,-0.400000,1.119985,0.150000,0.864124,2.134108,1.571091,0.500000,8.000,2.000,0,0
173,865,right_shoulder_pitch,0.472864,0.167764,0.422261,0.500000,0.422864,1.484000,1.484000,-0.872665,3.136111,-0.050000,1,1.011136,Cruise,traj_vel,-0.400000,1.125897,0.150000,0.814211,2.090107,1.470383,0.500000,8.000,2.000,0,0
174,870,right_shoulder_pitch,0.476699,0.239537,0.424761,0.500000,0.426699,1.484000,1.484000,-0.872665,3.136111,-0.050000,1,1.007301,Cruise,traj_vel,-0.400000,1.134329,0.150000,0.740890,2.025218,1.378827,0.500000,8.000,2.000,0,0
175,875,right_shoulder_pitch,0.481685,0.311722,0.427261,0.500000,0.431685,1.484000,1.484000,-0.872665,3.136111,-0.050000,1,1.002315,Cruise,traj_vel,-0.400000,1.145267,0.150000,0.649806,1.945073,1.569260,0.500000,8.000,2.000,0,0
176,880,right_shoulder_pitch,0.487054,0.335714,0.429761,0.500000,0.437054,1.484000,1.484000,-0.872665,3.136111,-0.050000,1,0.996946,Cruise,traj_vel,-0.400000,1.157013,0.150000,0.569498,1.876510,1.684620,0.500000,8.000,2.000,0,0
177,885,right_shoulder_pitch,0.492039,0.311527,0.432261,0.500000,0.442039,1.484000,1.484000,-0.872665,3.136111,-0.050000,1,0.991961,Cruise,traj_vel,-0.400000,1.167889,0.150000,0.521360,1.839249,1.578416,0.500000,8.000,2.000,0,0
178,890,right_shoulder_pitch,0.497792,0.359547,0.434761,0.500000,0.447792,1.484000,1.484000,-0.872665,3.136111,-0.050000,1,0.986208,Cruise,traj_vel,-0.400000,1.180404,0.150000,0.461247,1.791650,1.322061,0.500000,8.000,2.000,0,0
179,895,right_shoulder_pitch,0.503545,0.359501,0.437261,0.500000,0.453545,1.484000,1.484000,-0.872665,3.136111,-0.050000,1,0.980455,Cruise,traj_vel,-0.400000,1.192881,0.150000,0.416184,1.759065,1.305581,0.500000,8.000,2.000,0,0
180,900,right_shoulder_pitch,0.509297,0.359468,0.439761,0.500000,0.459297,1.484000,1.484000,-0.872665,3.136111,-0.050000,1,0.974703,Cruise,traj_vel,-0.400000,1.205316,0.150000,0.382404,1.737721,1.138952,0.500000,8.000,2.000,0,0
181,905,right_shoulder_pitch,0.514666,0.335738,0.442261,0.500000,0.464666,1.484000,1.484000,-0.872665,3.136111,-0.050000,1,0.969334,Cruise,traj_vel,-0.400000,1.216887,0.150000,0.368934,1.735822,1.349530,0.500000,8.000,2.000,0,0
182,910,right_shoulder_pitch,0.520419,0.359461,0.444761,0.500000,0.470419,1.484000,1.484000,-0.872665,3.136111,-0.050000,1,0.963581,Cruise,traj_vel,-0.400000,1.229245,0.150000,0.346970,1.726215,1.375165,0.500000,8.000,2.000,0,0
183,915,right_shoulder_pitch,0.525404,0.310965,0.447261,0.500000,0.475404,1.484000,1.484000,-0.872665,3.136111,-0.050000,1,0.958596,Cruise,traj_vel,-0.400000,1.239923,0.150000,0.354745,1.744668,1.503342,0.500000,8.000,2.000,0,0
184,920,right_shoulder_pitch,0.530007,0.230258,0.449761,0.500000,0.480007,1.484000,1.484000,-0.872665,3.136111,-0.050000,1,0.953993,Cruise,traj_vel,-0.400000,1.249754,0.150000,0.400930,1.800684,1.419110,0.500000,8.000,2.000,0,0
185,925,right_shoulder_pitch,0.534992,0.311767,0.452261,0.500000,0.484992,1.484000,1.484000,-0.872665,3.136111,-0.050000,1,0.949008,Cruise,traj_vel,-0.400000,1.260372,0.150000,0.394814,1.805186,1.312906,0.500000,8.000,2.000,0,0
186,930,right_shoulder_pitch,0.538444,0.215818,0.454761,0.500000,0.488444,1.484000,1.484000,-0.872665,3.136111,-0.050000,1,0.945556,Cruise,traj_vel,-0.400000,1.267705,0.150000,0.438202,1.855906,1.274453,0.500000,8.000,2.000,0,0
187,935,right_shoulder_pitch,0.541512,0.191749,0.457261,0.500000,0.491512,1.484000,1.484000,-0.872665,3.136111,-0.050000,1,0.942488,Cruise,traj_vel,-0.400000,1.274210,0.150000,0.482777,1.906987,1.400800,0.500000,8.000,2.000,0,0
188,940,right_shoulder_pitch,0.544196,0.167804,0.459761,0.500000,0.494196,1.484000,1.484000,-0.872665,3.136111,-0.050000,1,0.939804,Cruise,traj_vel,-0.400000,1.279892,0.150000,0.528181,1.958073,1.160924,0.500000,8.000,2.000,0,0
189,945,right_shoulder_pitch,0.548031,0.239677,0.462261,0.500000,0.498031,1.484000,1.484000,-0.872665,3.136111,-0.050000,1,0.935969,Cruise,traj_vel,-0.400000,1.287994,0.150000,0.526297,1.964291,1.450238,0.500000,8.000,2.000,0,0
190,950,right_shoulder_pitch,0.551483,0.215751,0.464761,0.500000,0.501483,1.484000,1.484000,-0.872665,3.136111,-0.050000,1,0.932517,Cruise,traj_vel,-0.400000,1.295269,0.150000,0.536848,1.982116,1.527146,0.500000,8.000,2.000,0,0
191,955,right_shoulder_pitch,0.555702,0.263674,0.467261,0.500000,0.505702,1.484000,1.484000,-0.872665,3.136111,-0.050000,1,0.928298,Cruise,traj_vel,-0.400000,1.304141,0.150000,0.520799,1.974940,1.452069,0.500000,8.000,2.000,0,0
192,960,right_shoulder_pitch,0.560304,0.287629,0.469761,0.500000,0.510304,1.484000,1.484000,-0.872665,3.136111,-0.050000,1,0.923696,Cruise,traj_vel,-0.400000,1.313792,0.150000,0.496785,1.960577,1.790825,0.500000,8.000,2.000,0,0
193,965,right_shoulder_pitch,0.564139,0.239693,0.472261,0.500000,0.514139,1.484000,1.484000,-0.872665,3.136111,-0.050000,1,0.919861,Cruise,traj_vel,-0.400000,1.321813,0.150000,0.502742,1.974555,1.728569,0.500000,8.000,2.000,0,0
194,970,right_shoulder_pitch,0.567207,0.191730,0.474761,0.500000,0.517207,1.484000,1.484000,-0.872665,3.136111,-0.050000,1,0.916793,Cruise,traj_vel,-0.400000,1.328216,0.150000,0.531191,2.009408,1.576585,0.500000,8.000,2.000,0,0
195,975,right_shoulder_pitch,0.570275,0.191758,0.477261,0.500000,0.520275,1.484000,1.484000,-0.872665,3.136111,-0.050000,1,0.913725,Cruise,traj_vel,-0.400000,1.334607,0.150000,0.552514,2.037121,1.501511,0.500000,8.000,2.000,0,0
196,980,right_shoulder_pitch,0.572959,0.167758,0.479761,0.500000,0.522959,1.484000,1.484000,-0.872665,3.136111,-0.050000,1,0.911041,Cruise,traj_vel,-0.400000,1.340188,0.150000,0.580507,2.070695,1.582081,0.500000,8.000,2.000,0,0
197,985,right_shoulder_pitch,0.575260,0.143840,0.482261,0.500000,0.525260,1.484000,1.484000,-0.872665,3.136111,-0.050000,1,0.908740,Cruise,traj_vel,-0.400000,1.344964,0.150000,0.613460,2.108425,1.474046,0.500000,8.000,2.000,0,0
198,990,right_shoulder_pitch,0.577945,0.167842,0.484761,0.500000,0.527945,1.484000,1.484000,-0.872665,3.136111,-0.050000,1,0.906055,Cruise,traj_vel,-0.400000,1.350529,0.150000,0.626175,2.126704,1.435590,0.500000,8.000,2.000,0,0
199,995,right_shoulder_pitch,0.581397,0.215642,0.487261,0.500000,0.531397,1.484000,1.484000,-0.872665,3.136111,-0.050000,1,0.902603,Cruise,traj_vel,-0.400000,1.357668,0.150000,0.611810,2.119478,1.450238,0.500000,8.000,2.000,0,0
200,1000,right_shoulder_pitch,0.585615,0.263608,0.489761,0.500000,0.535615,1.484000,1.484000,-0.872665,3.136111,-0.050000,1,0.898385,Cruise,traj_vel,-0.400000,1.366371,0.150000,0.577053,2.093424,1.620533,0.500000,8.000,2.000,0,0
201,1005,right_shoulder_pitch,0.590217,0.287804,0.492261,0.500000,0.540217,1.484000,1.484000,-0.872665,3.136111,-0.050000,1,0.893783,Cruise,traj_vel,-0.400000,1.375837,0.150000,0.538888,2.064725,1.624196,0.500000,8.000,2.000,0,0
202,1010,right_shoulder_pitch,0.595970,0.359345,0.494761,0.500000,0.545970,1.484000,1.484000,-0.872665,3.136111,-0.050000,1,0.888030,Cruise,traj_vel,-0.400000,1.387629,0.150000,0.474494,2.012123,1.730400,0.500000,8.000,2.000,0,0
203,1015,right_shoulder_pitch,0.600571,0.287735,0.497261,0.500000,0.550571,1.484000,1.484000,-0.872665,3.136111,-0.050000,1,0.883429,Cruise,traj_vel,-0.400000,1.397030,0.150000,0.462003,2.009032,1.893368,0.500000,8.000,2.000,0,0
204,1020,right_shoulder_pitch,0.604407,0.239644,0.499761,0.500000,0.554407,1.484000,1.484000,-0.872665,3.136111,-0.050000,1,0.879593,Cruise,traj_vel,-0.400000,1.404842,0.150000,0.476680,2.031523,1.591237,0.500000,8.000,2.000,0,0
205,1025,right_shoulder_pitch,0.608242,0.239716,0.502261,0.500000,0.558242,1.484000,1.484000,-0.872665,3.136111,-0.050000,1,0.875758,Cruise,traj_vel,-0.400000,1.412633,0.150000,0.487652,2.050285,1.393476,0.500000,8.000,2.000,0,0
206,1030,right_shoulder_pitch,0.612077,0.239739,0.504761,0.500000,0.562077,1.484000,1.484000,-0.872665,3.136111,-0.050000,1,0.871923,Cruise,traj_vel,-0.400000,1.420403,0.150000,0.495870,2.066272,1.417279,0.500000,8.000,2.000,0,0
207,1035,right_shoulder_pitch,0.616679,0.287610,0.507261,0.500000,0.566679,1.484000,1.484000,-0.872665,3.136111,-0.050000,1,0.867321,Cruise,traj_vel,-0.400000,1.429699,0.150000,0.478097,2.057796,1.483201,0.500000,8.000,2.000,0,0
208,1040,right_shoulder_pitch,0.620514,0.239726,0.509761,0.500000,0.570514,1.484000,1.484000,-0.872665,3.136111,-0.050000,1,0.863486,Cruise,traj_vel,-0.400000,1.437423,0.150000,0.488710,2.076133,1.724907,0.500000,8.000,2.000,0,0
209,1045,right_shoulder_pitch,0.624732,0.263578,0.512261,0.500000,0.574732,1.484000,1.484000,-0.872665,3.136111,-0.050000,1,0.859268,Cruise,traj_vel,-0.400000,1.445894,0.150000,0.484743,2.080638,1.633351,0.500000,8.000,2.000,0,0
210,1050,right_shoulder_pitch,0.629335,0.287686,0.514761,0.500000,0.579335,1.484000,1.484000,-0.872665,3.136111,-0.050000,1,0.854665,Cruise,traj_vel,-0.400000,1.455108,0.150000,0.469715,2.074823,1.737725,0.500000,8.000,2.000,0,0
211,1055,right_shoulder_pitch,0.634321,0.311673,0.517261,0.500000,0.584321,1.484000,1.484000,-0.872665,3.136111,-0.050000,1,0.849679,Cruise,traj_vel,-0.400000,1.465053,0.150000,0.446450,2.061503,1.869564,0.500000,8.000,2.000,0,0
212,1060,right_shoulder_pitch,0.638156,0.239617,0.519761,0.500000,0.588156,1.484000,1.484000,-0.872665,3.136111,-0.050000,1,0.845844,Cruise,traj_vel,-0.400000,1.472679,0.150000,0.465029,2.087708,1.768852,0.500000,8.000,2.000,0,0
213,1065,right_shoulder_pitch,0.641607,0.215771,0.522261,0.500000,0.591607,1.484000,1.484000,-0.872665,3.136111,-0.050000,1,0.842393,Cruise,traj_vel,-0.400000,1.479523,0.150000,0.490886,2.120409,1.563767,0.500000,8.000,2.000,0,0
214,1070,right_shoulder_pitch,0.644675,0.191615,0.524761,0.500000,0.594675,1.484000,1.484000,-0.872665,3.136111,-0.050000,1,0.839325,Cruise,traj_vel,-0.400000,1.485592,0.150000,0.522357,2.157950,1.503342,0.500000,8.000,2.000,0,0
215,1075,right_shoulder_pitch,0.648126,0.215780,0.527261,0.500000,0.598126,1.484000,1.484000,-0.872665,3.136111,-0.050000,1,0.835874,Cruise,traj_vel,-0.400000,1.492403,0.150000,0.533878,2.176281,1.481370,0.500000,8.000,2.000,0,0
216,1080,right_shoulder_pitch,0.651962,0.239769,0.529761,0.500000,0.601962,1.484000,1.484000,-0.872665,3.136111,-0.050000,1,0.832038,Cruise,traj_vel,-0.400000,1.499952,0.150000,0.530524,2.180476,1.569260,0.500000,8.000,2.000,0,0
217,1085,right_shoulder_pitch,0.656564,0.287510,0.532261,0.500000,0.606564,1.484000,1.484000,-0.872665,3.136111,-0.050000,1,0.827436,Cruise,traj_vel,-0.400000,1.508979,0.150000,0.504138,2.163117,1.704766,0.500000,8.000,2.000,0,0
218,1090,right_shoulder_pitch,0.660782,0.263788,0.534761,0.500000,0.610782,1.484000,1.484000,-0.872665,3.136111,-0.050000,1,0.823218,Cruise,traj_vel,-0.400000,1.517226,0.150000,0.496209,2.163435,1.792656,0.500000,8.000,2.000,0,0
219,1095,right_shoulder_pitch,0.665768,0.311426,0.537261,0.500000,0.615768,1.484000,1.484000,-0.872665,3.136111,-0.050000,1,0.818232,Cruise,traj_vel,-0.400000,1.526938,0.150000,0.466444,2.143382,1.860409,0.500000,8.000,2.000,0,0
220,1100,right_shoulder_pitch,0.670370,0.287748,0.539761,0.500000,0.620370,1.484000,1.484000,-0.872665,3.136111,-0.050000,1,0.813630,Cruise,traj_vel,-0.400000,1.535868,0.150000,0.455959,2.141827,1.801811,0.500000,8.000,2.000,0,0
221,1105,right_shoulder_pitch,0.674588,0.263689,0.542261,0.500000,0.624588,1.484000,1.484000,-0.872665,3.136111,-0.050000,1,0.809412,Cruise,traj_vel,-0.400000,1.544026,0.150000,0.460125,2.154151,1.673634,0.500000,8.000,2.000,0,0
222,1110,right_shoulder_pitch,0.678041,0.215691,0.544761,0.500000,0.628041,1.484000,1.484000,-0.872665,3.136111,-0.050000,1,0.805959,Cruise,traj_vel,-0.400000,1.550682,0.150000,0.487248,2.187930,1.713921,0.500000,8.000,2.000,0,0
223,1115,right_shoulder_pitch,0.681492,0.215772,0.547261,0.500000,0.631492,1.484000,1.484000,-0.872665,3.136111,-0.050000,1,0.802508,Cruise,traj_vel,-0.400000,1.557318,0.150000,0.507550,2.214868,1.598561,0.500000,8.000,2.000,0,0
224,1120,right_shoulder_pitch,0.685327,0.239655,0.549761,0.500000,0.635327,1.484000,1.484000,-0.872665,3.136111,-0.050000,1,0.798673,Cruise,traj_vel,-0.400000,1.564669,0.150000,0.510835,2.225505,1.561936,0.500000,8.000,2.000,0,0
225,1125,right_shoulder_pitch,0.689162,0.239704,0.552261,0.500000,0.639162,1.484000,1.484000,-0.872665,3.136111,-0.050000,1,0.794838,Cruise,traj_vel,-0.400000,1.571998,0.150000,0.513274,2.235272,1.756035,0.500000,8.000,2.000,0,0
226,1130,right_shoulder_pitch,0.694147,0.311633,0.554761,0.500000,0.644147,1.484000,1.484000,-0.872665,3.136111,-0.050000,1,0.789853,Cruise,traj_vel,-0.400000,1.581490,0.150000,0.479139,2.210629,1.706597,0.500000,8.000,2.000,0,0
227,1135,right_shoulder_pitch,0.699133,0.311506,0.557261,0.500000,0.649133,1.484000,1.484000,-0.872665,3.136111,-0.050000,1,0.784867,Cruise,traj_vel,-0.400000,1.590943,0.150000,0.453601,2.194544,1.994079,0.500000,8.000,2.000,0,0
228,1140,right_shoulder_pitch,0.703352,0.263776,0.559761,0.500000,0.653352,1.484000,1.484000,-0.872665,3.136111,-0.050000,1,0.780648,Cruise,traj_vel,-0.400000,1.598912,0.150000,0.458313,2.207225,2.005066,0.500000,8.000,2.000,0,0
229,1145,right_shoulder_pitch,0.707187,0.239595,0.562261,0.500000,0.657187,1.484000,1.484000,-0.872665,3.136111,-0.050000,1,0.776813,Cruise,traj_vel,-0.400000,1.606131,0.150000,0.473937,2.230068,1.746880,0.500000,8.000,2.000,0,0
230,1150,right_shoulder_pitch,0.711405,0.263741,0.564761,0.500000,0.661405,1.484000,1.484000,-0.872665,3.136111,-0.050000,1,0.772595,Cruise,traj_vel,-0.400000,1.614044,0.150000,0.473583,2.237627,1.547288,0.500000,8.000,2.000,0,0
231,1155,right_shoulder_pitch,0.715624,0.263678,0.567261,0.500000,0.665624,1.484000,1.484000,-0.872665,3.136111,-0.050000,1,0.768376,Cruise,traj_vel,-0.400000,1.621929,0.150000,0.473348,2.245277,1.765190,0.500000,8.000,2.000,0,0
232,1160,right_shoulder_pitch,0.718692,0.191678,0.569761,0.500000,0.668692,1.484000,1.484000,-0.872665,3.136111,-0.050000,1,0.765308,Cruise,traj_vel,-0.400000,1.627645,0.150000,0.509172,2.286817,1.624196,0.500000,8.000,2.000,0,0
233,1165,right_shoulder_pitch,0.722910,0.263736,0.572261,0.500000,0.672910,1.484000,1.484000,-0.872665,3.136111,-0.050000,1,0.761090,Cruise,traj_vel,-0.400000,1.635480,0.150000,0.500011,2.285491,1.690114,0.500000,8.000,2.000,0,0
234,1170,right_shoulder_pitch,0.727513,0.287558,0.574761,0.500000,0.677513,1.484000,1.484000,-0.872665,3.136111,-0.050000,1,0.756487,Cruise,traj_vel,-0.400000,1.643995,0.150000,0.481229,2.275224,1.746880,0.500000,8.000,2.000,0,0
235,1175,right_shoulder_pitch,0.733265,0.359600,0.577261,0.500000,0.683265,1.484000,1.484000,-0.872665,3.136111,-0.050000,1,0.750735,Cruise,traj_vel,-0.400000,1.654588,0.150000,0.431122,2.235710,1.957458,0.500000,8.000,2.000,0,0
236,1180,right_shoulder_pitch,0.737867,0.287666,0.579761,0.500000,0.687867,1.484000,1.484000,-0.872665,3.136111,-0.050000,1,0.746133,Cruise,traj_vel,-0.400000,1.663023,0.150000,0.429508,2.242532,2.114933,0.500000,8.000,2.000,0,0
237,1185,right_shoulder_pitch,0.741702,0.239554,0.582261,0.500000,0.691702,1.484000,1.484000,-0.872665,3.136111,-0.050000,1,0.742298,Cruise,traj_vel,-0.400000,1.670026,0.150000,0.452354,2.272380,1.849422,0.500000,8.000,2.000,0,0
238,1190,right_shoulder_pitch,0.745537,0.239804,0.584761,0.500000,0.695537,1.484000,1.484000,-0.872665,3.136111,-0.050000,1,0.738463,Cruise,traj_vel,-0.400000,1.677004,0.150000,0.469364,2.296367,1.666310,0.500000,8.000,2.000,0,0
239,1195,right_shoulder_pitch,0.748989,0.215654,0.587261,0.500000,0.698989,1.484000,1.484000,-0.872665,3.136111,-0.050000,1,0.735011,Cruise,traj_vel,-0.400000,1.683264,0.150000,0.494196,2.327460,1.708428,0.500000,8.000,2.000,0,0
240,1200,right_shoulder_pitch,0.752441,0.215798,0.589761,0.500000,0.702441,1.484000,1.484000,-0.872665,3.136111,-0.050000,1,0.731559,Cruise,traj_vel,-0.400000,1.689503,0.150000,0.512748,2.352251,1.774346,0.500000,8.000,2.000,0,0
241,1205,right_shoulder_pitch,0.755892,0.215751,0.592261,0.500000,0.705892,1.484000,1.484000,-0.872665,3.136111,-0.050000,1,0.728108,Cruise,traj_vel,-0.400000,1.695722,0.150000,0.526685,2.372407,1.783501,0.500000,8.000,2.000,0,0
242,1210,right_shoulder_pitch,0.759344,0.215603,0.594761,0.500000,0.709344,1.484000,1.484000,-0.872665,3.136111,-0.050000,1,0.724656,Cruise,traj_vel,-0.400000,1.701920,0.150000,0.537212,2.389132,1.814629,0.500000,8.000,2.000,0,0
243,1215,right_shoulder_pitch,0.764329,0.311748,0.597261,0.500000,0.714329,1.484000,1.484000,-0.872665,3.136111,-0.050000,1,0.719671,Cruise,traj_vel,-0.400000,1.710838,0.150000,0.497035,2.357873,1.891537,0.500000,8.000,2.000,0,0
244,1220,right_shoulder_pitch,0.769698,0.335299,0.599761,0.500000,0.719698,1.484000,1.484000,-0.872665,3.136111,-0.050000,1,0.714302,Cruise,traj_vel,-0.400000,1.720394,0.150000,0.455127,2.325521,1.981262,0.500000,8.000,2.000,0,0
245,1225,right_shoulder_pitch,0.774301,0.287420,0.602261,0.500000,0.724301,1.484000,1.484000,-0.872665,3.136111,-0.050000,1,0.709699,Cruise,traj_vel,-0.400000,1.728547,0.150000,0.447635,2.326182,2.338328,0.500000,8.000,2.000,0,0
246,1230,right_shoulder_pitch,0.777752,0.215790,0.604761,0.500000,0.727752,1.484000,1.484000,-0.872665,3.136111,-0.050000,1,0.706248,Cruise,traj_vel,-0.400000,1.734636,0.150000,0.477831,2.362467,1.854916,0.500000,8.000,2.000,0,0
247,1235,right_shoulder_pitch,0.781587,0.239375,0.607261,0.500000,0.731587,1.484000,1.484000,-0.872665,3.136111,-0.050000,1,0.702413,Cruise,traj_vel,-0.400000,1.741378,0.150000,0.488686,2.380064,1.783501,0.500000,8.000,2.000,0,0
248,1240,right_shoulder_pitch,0.785422,0.240130,0.609761,0.500000,0.735422,1.484000,1.484000,-0.872665,3.136111,-0.050000,1,0.698578,Cruise,traj_vel,-0.400000,1.748095,0.150000,0.496449,2.394544,1.825619,0.500000,8.000,2.000,0,0
249,1245,right_shoulder_pitch,0.789257,0.159841,0.612261,0.500000,0.739257,1.484000,1.484000,-0.872665,3.136111,-0.050000,1,0.694743,Cruise,traj_vel,-0.400000,1.754785,0.150000,0.542417,2.447202,1.713921,0.500000,8.000,2.000,0,0
250,1250,right_shoulder_pitch,0.795010,0.359608,0.614761,0.500000,0.745010,1.484000,1.484000,-0.872665,3.136111,-0.050000,1,0.688990,Cruise,traj_vel,-0.400000,1.764773,0.150000,0.477009,2.391782,1.878719,0.500000,8.000,2.000,0,0
251,1255,right_shoulder_pitch,0.799996,0.249262,0.617261,0.500000,0.749996,1.484000,1.484000,-0.872665,3.136111,-0.050000,1,0.684004,Cruise,traj_vel,-0.400000,1.773383,0.150000,0.483125,2.406508,2.012390,0.500000,8.000,2.000,0,0
252,1260,right_shoulder_pitch,0.806515,0.407469,0.619761,0.500000,0.756515,1.484000,1.484000,-0.872665,3.136111,-0.050000,1,0.677485,Cruise,traj_vel,-0.400000,1.784574,0.150000,0.408609,2.343183,2.032531,0.500000,8.000,2.000,0,0
253,1265,right_shoulder_pitch,0.810734,0.263666,0.622261,0.500000,0.760734,1.484000,1.484000,-0.872665,3.136111,-0.050000,1,0.673266,Cruise,traj_vel,-0.400000,1.791775,0.150000,0.424624,2.366399,2.083805,0.500000,8.000,2.000,0,0
254,1270,right_shoulder_pitch,0.814185,0.215688,0.624761,0.500000,0.764185,1.484000,1.484000,-0.872665,3.136111,-0.050000,1,0.669815,Cruise,traj_vel,-0.400000,1.797643,0.150000,0.460624,2.408267,1.891537,0.500000,8.000,2.000,0,0
255,1275,right_shoulder_pitch,0.817636,0.215764,0.627261,0.500000,0.767636,1.484000,1.484000,-0.872665,3.136111,-0.050000,1,0.666364,Cruise,traj_vel,-0.400000,1.803489,0.150000,0.487586,2.441075,1.849422,0.500000,8.000,2.000,0,0
256,1280,right_shoulder_pitch,0.820704,0.191696,0.629761,0.500000,0.770704,1.484000,1.484000,-0.872665,3.136111,-0.050000,1,0.663296,Cruise,traj_vel,-0.400000,1.808668,0.150000,0.519841,2.478509,1.827450,0.500000,8.000,2.000,0,0
257,1285,right_shoulder_pitch,0.824157,0.215772,0.632261,0.500000,0.774157,1.484000,1.484000,-0.872665,3.136111,-0.050000,1,0.659843,Cruise,traj_vel,-0.400000,1.814475,0.150000,0.531995,2.496470,1.807305,0.500000,8.000,2.000,0,0
258,1290,right_shoulder_pitch,0.828375,0.263743,0.634761,0.500000,0.778375,1.484000,1.484000,-0.872665,3.136111,-0.050000,1,0.655625,Cruise,traj_vel,-0.400000,1.821542,0.150000,0.517125,2.488667,1.992248,0.500000,8.000,2.000,0,0
259,1295,right_shoulder_pitch,0.832977,0.287475,0.637261,0.500000,0.782977,1.484000,1.484000,-0.872665,3.136111,-0.050000,1,0.651023,Cruise,traj_vel,-0.400000,1.829214,0.150000,0.494106,2.473320,2.038025,0.500000,8.000,2.000,0,0
260,1300,right_shoulder_pitch,0.837579,0.287728,0.639761,0.500000,0.787579,1.484000,1.484000,-0.872665,3.136111,-0.050000,1,0.646421,Cruise,traj_vel,-0.400000,1.836847,0.150000,0.476716,2.463563,2.199165,0.500000,8.000,2.000,0,0
261,1305,right_shoulder_pitch,0.842564,0.311522,0.642261,0.500000,0.792564,1.484000,1.484000,-0.872665,3.136111,-0.050000,1,0.641436,Cruise,traj_vel,-0.400000,1.845073,0.150000,0.451776,2.446849,2.279731,0.500000,8.000,2.000,0,0
262,1310,right_shoulder_pitch,0.846784,0.263716,0.644761,0.500000,0.796784,1.484000,1.484000,-0.872665,3.136111,-0.050000,1,0.637216,Cruise,traj_vel,-0.400000,1.851998,0.150000,0.456974,2.458972,1.959289,0.500000,8.000,2.000,0,0
263,1315,right_shoulder_pitch,0.851002,0.263710,0.647261,0.500000,0.801002,1.484000,1.484000,-0.872665,3.136111,-0.050000,1,0.632998,Cruise,traj_vel,-0.400000,1.858889,0.150000,0.460876,2.469765,2.025207,0.500000,8.000,2.000,0,0
264,1320,right_shoulder_pitch,0.854070,0.191660,0.649761,0.500000,0.804070,1.484000,1.484000,-0.872665,3.136111,-0.050000,1,0.629930,Cruise,traj_vel,-0.400000,1.863880,0.150000,0.499826,2.513707,1.832943,0.500000,8.000,2.000,0,0
265,1325,right_shoulder_pitch,0.858288,0.263791,0.652261,0.500000,0.808288,1.484000,1.484000,-0.872665,3.136111,-0.050000,1,0.625712,Cruise,traj_vel,-0.400000,1.870714,0.150000,0.492975,2.513689,1.882381,0.500000,8.000,2.000,0,0
266,1330,right_shoulder_pitch,0.862507,0.263560,0.654761,0.500000,0.812507,1.484000,1.484000,-0.872665,3.136111,-0.050000,1,0.621493,Cruise,traj_vel,-0.400000,1.877515,0.150000,0.487951,2.515466,2.016052,0.500000,8.000,2.000,0,0
267,1335,right_shoulder_pitch,0.867109,0.287645,0.657261,0.500000,0.817109,1.484000,1.484000,-0.872665,3.136111,-0.050000,1,0.616891,Cruise,traj_vel,-0.400000,1.884896,0.150000,0.472141,2.507037,1.979431,0.500000,8.000,2.000,0,0
268,1340,right_shoulder_pitch,0.872479,0.335668,0.659761,0.500000,0.822479,1.484000,1.484000,-0.872665,3.136111,-0.050000,1,0.611521,Cruise,traj_vel,-0.400000,1.893458,0.150000,0.436271,2.479729,2.281562,0.500000,8.000,2.000,0,0
269,1345,right_shoulder_pitch,0.876697,0.263394,0.662261,0.500000,0.826697,1.484000,1.484000,-0.872665,3.136111,-0.050000,1,0.607303,Cruise,traj_vel,-0.400000,1.900146,0.150000,0.445506,2.495652,2.279731,0.500000,8.000,2.000,0,0
270,1350,right_shoulder_pitch,0.880915,0.263946,0.664761,0.500000,0.830915,1.484000,1.484000,-0.872665,3.136111,-0.050000,1,0.603085,Cruise,traj_vel,-0.400000,1.906800,0.150000,0.452157,2.508957,2.058170,0.500000,8.000,2.000,0,0
271,1355,right_shoulder_pitch,0.884750,0.239611,0.667261,0.500000,0.834750,1.484000,1.484000,-0.872665,3.136111,-0.050000,1,0.599250,Cruise,traj_vel,-0.400000,1.912820,0.150000,0.469312,2.532132,1.895199,0.500000,8.000,2.000,0,0
272,1360,right_shoulder_pitch,0.888585,0.239710,0.669761,0.500000,0.838585,1.484000,1.484000,-0.872665,3.136111,-0.050000,1,0.595415,Cruise,traj_vel,-0.400000,1.918812,0.150000,0.482129,2.550941,2.102115,0.500000,8.000,2.000,0,0
273,1365,right_shoulder_pitch,0.890886,0.143826,0.672261,0.500000,0.840886,1.484000,1.484000,-0.872665,3.136111,-0.050000,1,0.593114,Cruise,traj_vel,-0.400000,1.922393,0.150000,0.539684,2.612077,1.973938,0.500000,8.000,2.000,0,0
274,1370,right_shoulder_pitch,0.895105,0.263632,0.674761,0.500000,0.845105,1.484000,1.484000,-0.872665,3.136111,-0.050000,1,0.588895,Cruise,traj_vel,-0.400000,1.928932,0.150000,0.522947,2.601880,1.862240,0.500000,8.000,2.000,0,0
275,1375,right_shoulder_pitch,0.898941,0.239776,0.677261,0.500000,0.848941,1.484000,1.484000,-0.872665,3.136111,-0.050000,1,0.585059,Cruise,traj_vel,-0.400000,1.934849,0.150000,0.522322,2.607171,2.050846,0.500000,8.000,2.000,0,0
276,1380,right_shoulder_pitch,0.903542,0.287461,0.679761,0.500000,0.853542,1.484000,1.484000,-0.872665,3.136111,-0.050000,1,0.580458,Cruise,traj_vel,-0.400000,1.941910,0.150000,0.498011,2.589920,2.058170,0.500000,8.000,2.000,0,0
277,1385,right_shoulder_pitch,0.909295,0.359674,0.682261,0.500000,0.859295,1.484000,1.484000,-0.872665,3.136111,-0.050000,1,0.574705,Cruise,traj_vel,-0.400000,1.950678,0.150000,0.443671,2.544349,2.424392,0.500000,8.000,2.000,0,0
278,1390,right_shoulder_pitch,0.913513,0.263693,0.684761,0.500000,0.863513,1.484000,1.484000,-0.872665,3.136111,-0.050000,1,0.570487,Cruise,traj_vel,-0.400000,1.957066,0.150000,0.450907,2.557974,2.402419,0.500000,8.000,2.000,0,0
279,1395,right_shoulder_pitch,0.917348,0.239638,0.687261,0.500000,0.867348,1.484000,1.484000,-0.872665,3.136111,-0.050000,1,0.566652,Cruise,traj_vel,-0.400000,1.962844,0.150000,0.468361,2.581206,2.091129,0.500000,8.000,2.000,0,0
280,1400,right_shoulder_pitch,0.921184,0.239772,0.689761,0.500000,0.871184,1.484000,1.484000,-0.872665,3.136111,-0.050000,1,0.562816,Cruise,traj_vel,-0.400000,1.968594,0.150000,0.481385,2.599980,2.019714,0.500000,8.000,2.000,0,0
281,1405,right_shoulder_pitch,0.925786,0.287534,0.692261,0.500000,0.875786,1.484000,1.484000,-0.872665,3.136111,-0.050000,1,0.558214,Cruise,traj_vel,-0.400000,1.975455,0.150000,0.467272,2.592727,1.979431,0.500000,8.000,2.000,0,0
282,1410,right_shoulder_pitch,0.929621,0.239750,0.694761,0.500000,0.879621,1.484000,1.484000,-0.872665,3.136111,-0.050000,1,0.554379,Cruise,traj_vel,-0.400000,1.981140,0.150000,0.480579,2.611719,2.060001,0.500000,8.000,2.000,0,0
283,1415,right_shoulder_pitch,0.933456,0.239704,0.697261,0.500000,0.883456,1.484000,1.484000,-0.872665,3.136111,-0.050000,1,0.550544,Cruise,traj_vel,-0.400000,1.986796,0.150000,0.490582,2.627378,2.144229,0.500000,8.000,2.000,0,0
284,1420,right_shoulder_pitch,0.938441,0.311465,0.699761,0.500000,0.888441,1.484000,1.484000,-0.872665,3.136111,-0.050000,1,0.545559,Cruise,traj_vel,-0.400000,1.994105,0.150000,0.462204,2.606309,2.032531,0.500000,8.000,2.000,0,0
285,1425,right_shoulder_pitch,0.944194,0.359658,0.702261,0.500000,0.894194,1.484000,1.484000,-0.872665,3.136111,-0.050000,1,0.539806,Cruise,traj_vel,-0.400000,2.002477,0.150000,0.416824,2.569302,2.244941,0.500000,8.000,2.000,0,0
286,1430,right_shoulder_pitch,0.949180,0.311442,0.704761,0.500000,0.899180,1.484000,1.484000,-0.872665,3.136111,-0.050000,1,0.534820,Cruise,traj_vel,-0.400000,2.009681,0.150000,0.406897,2.566578,2.572711,0.500000,8.000,2.000,0,0
287,1435,right_shoulder_pitch,0.952631,0.215816,0.707261,0.500000,0.902631,1.484000,1.484000,-0.872665,3.136111,-0.050000,1,0.531369,Cruise,traj_vel,-0.400000,2.014638,0.150000,0.447265,2.611902,2.063663,0.500000,8.000,2.000,0,0
288,1440,right_shoulder_pitch,0.956083,0.215744,0.709761,0.500000,0.906083,1.484000,1.484000,-0.872665,3.136111,-0.050000,1,0.527917,Cruise,traj_vel,-0.400000,2.019570,0.150000,0.477577,2.647147,2.012390,0.500000,8.000,2.000,0,0
289,1445,right_shoulder_pitch,0.960301,0.263597,0.712261,0.500000,0.910301,1.484000,1.484000,-0.872665,3.136111,-0.050000,1,0.523699,Cruise,traj_vel,-0.400000,2.025567,0.150000,0.476384,2.651951,2.023376,0.500000,8.000,2.000,0,0
290,1450,right_shoulder_pitch,0.964136,0.239745,0.714761,0.500000,0.914136,1.484000,1.484000,-0.872665,3.136111,-0.050000,1,0.519864,Cruise,traj_vel,-0.400000,2.030987,0.150000,0.487416,2.668403,1.994079,0.500000,8.000,2.000,0,0
291,1455,right_shoulder_pitch,0.967971,0.239616,0.717261,0.500000,0.917971,1.484000,1.484000,-0.872665,3.136111,-0.050000,1,0.516029,Cruise,traj_vel,-0.400000,2.036377,0.150000,0.495754,2.682131,2.305369,0.500000,8.000,2.000,0,0
292,1460,right_shoulder_pitch,0.972574,0.287742,0.719761,0.500000,0.922574,1.484000,1.484000,-0.872665,3.136111,-0.050000,1,0.511426,Cruise,traj_vel,-0.400000,2.042807,0.150000,0.477944,2.670751,2.157047,0.500000,8.000,2.000,0,0
293,1465,right_shoulder_pitch,0.977943,0.335572,0.722261,0.500000,0.927943,1.484000,1.484000,-0.872665,3.136111,-0.050000,1,0.506057,Cruise,traj_vel,-0.400000,2.050252,0.150000,0.440672,2.640924,2.323680,0.500000,8.000,2.000,0,0
294,1470,right_shoulder_pitch,0.982928,0.311539,0.724761,0.500000,0.932928,1.484000,1.484000,-0.872665,3.136111,-0.050000,1,0.501072,Cruise,traj_vel,-0.400000,2.057113,0.150000,0.424735,2.631847,2.417067,0.500000,8.000,2.000,0,0
295,1475,right_shoulder_pitch,0.986763,0.239716,0.727261,0.500000,0.936763,1.484000,1.484000,-0.872665,3.136111,-0.050000,1,0.497237,Cruise,traj_vel,-0.400000,2.062355,0.150000,0.448693,2.661048,2.391429,0.500000,8.000,2.000,0,0
296,1480,right_shoulder_pitch,0.990215,0.215665,0.729761,0.500000,0.940215,1.484000,1.484000,-0.872665,3.136111,-0.050000,1,0.493785,Cruise,traj_vel,-0.400000,2.067048,0.150000,0.478687,2.695735,2.041687,0.500000,8.000,2.000,0,0
297,1485,right_shoulder_pitch,0.994050,0.239777,0.732261,0.500000,0.944050,1.484000,1.484000,-0.872665,3.136111,-0.050000,1,0.489950,Cruise,traj_vel,-0.400000,2.072233,0.150000,0.489127,2.711360,2.030700,0.500000,8.000,2.000,0,0
298,1490,right_shoulder_pitch,0.997502,0.215735,0.734761,0.500000,0.947502,1.484000,1.484000,-0.872665,3.136111,-0.050000,1,0.486498,Cruise,traj_vel,-0.400000,2.076874,0.150000,0.508978,2.735852,2.072818,0.500000,8.000,2.000,0,0
299,1495,right_shoulder_pitch,1.001720,0.263596,0.737261,0.500000,0.951720,1.484000,1.484000,-0.872665,3.136111,-0.050000,1,0.482280,Cruise,traj_vel,-0.400000,2.082512,0.150000,0.499935,2.732447,2.052677,0.500000,8.000,2.000,0,0
300,1500,right_shoulder_pitch,1.006322,0.287677,0.739761,0.500000,0.956322,1.484000,1.484000,-0.872665,3.136111,-0.050000,1,0.477678,Cruise,traj_vel,-0.400000,2.088620,0.150000,0.481113,2.719733,2.374949,0.500000,8.000,2.000,0,0
301,1505,right_shoulder_pitch,1.011308,0.311483,0.742261,0.500000,0.961308,1.484000,1.484000,-0.872665,3.136111,-0.050000,1,0.472692,Cruise,traj_vel,-0.400000,2.095187,0.150000,0.455093,2.700280,2.380443,0.500000,8.000,2.000,0,0
302,1510,right_shoulder_pitch,1.016677,0.335601,0.744761,0.500000,0.966677,1.484000,1.484000,-0.872665,3.136111,-0.050000,1,0.467323,Cruise,traj_vel,-0.400000,2.102202,0.150000,0.423519,2.675721,2.424392,0.500000,8.000,2.000,0,0
303,1515,right_shoulder_pitch,1.021279,0.287709,0.747261,0.500000,0.971279,1.484000,1.484000,-0.872665,3.136111,-0.050000,1,0.462721,Cruise,traj_vel,-0.400000,2.108167,0.150000,0.423785,2.681952,2.186347,0.500000,8.000,2.000,0,0
304,1520,right_shoulder_pitch,1.025881,0.287591,0.749761,0.500000,0.975881,1.484000,1.484000,-0.872665,3.136111,-0.050000,1,0.458119,Cruise,traj_vel,-0.400000,2.114086,0.150000,0.424043,2.688129,2.270576,0.500000,8.000,2.000,0,0
305,1525,right_shoulder_pitch,1.029716,0.239625,0.752261,0.500000,0.979716,1.484000,1.484000,-0.872665,3.136111,-0.050000,1,0.454284,Cruise,traj_vel,-0.400000,2.118985,0.150000,0.448220,2.717204,2.091129,0.500000,8.000,2.000,0,0
306,1530,right_shoulder_pitch,1.034318,0.287717,0.754761,0.500000,0.984318,1.484000,1.484000,-0.872665,3.136111,-0.050000,1,0.449682,Cruise,traj_vel,-0.400000,2.124822,0.150000,0.442306,2.717128,1.995910,0.500000,8.000,2.000,0,0
307,1535,right_shoulder_pitch,1.038920,0.287166,0.757261,0.500000,0.988920,1.484000,1.484000,-0.872665,3.136111,-0.050000,1,0.445080,Cruise,traj_vel,-0.400000,2.130614,0.150000,0.438147,2.718761,2.219306,0.500000,8.000,2.000,0,0
308,1540,right_shoulder_pitch,1.043906,0.249204,1.043044,-0.172500,1.043044,0.000000,0.000000,-0.872665,3.141593,-0.000862,0,-1.043906,Accelerate,traj_vel,-0.006900,2.136839,-0.150000,-0.843408,1.143431,2.396922,-0.172500,8.000,2.000,0,0
309,1545,right_shoulder_pitch,1.055794,0.270356,1.042069,-0.195000,1.042069,0.000000,0.000000,-0.872665,3.141593,-0.013726,0,-1.055794,Accelerate,traj_vel,-0.109806,2.151466,-0.150000,-0.898984,1.102482,2.274238,-0.195000,8.000,2.000,0,0
310,1550,right_shoulder_pitch,1.057328,0.076722,1.040981,-0.217500,1.040981,0.000000,0.000000,-0.872665,3.141593,-0.016347,0,-1.057328,Accelerate,traj_vel,-0.130778,2.153331,-0.150000,-0.855099,1.148232,1.528977,-0.217500,8.000,2.000,0,0
311,1555,right_shoulder_pitch,1.056178,-0.057519,1.039781,-0.240000,1.039781,0.000000,0.000000,-0.872665,3.141593,-0.016397,0,-1.056178,Accelerate,traj_vel,-0.131174,2.151933,-0.150000,-0.766315,1.235618,1.358685,-0.240000,8.000,2.000,0,0
312,1560,right_shoulder_pitch,1.051576,-0.287702,1.038469,-0.262500,1.038469,0.000000,0.000000,-0.872665,3.141593,-0.013107,0,-1.051576,Accelerate,traj_vel,-0.104858,2.146310,0.000000,-0.595885,1.550425,1.378827,-0.262500,8.000,2.000,0,0
313,1565,right_shoulder_pitch,1.045824,-0.359437,1.037044,-0.285000,1.037044,0.000000,0.000000,-0.872665,3.141593,-0.008780,0,-1.045824,Accelerate,traj_vel,-0.070240,2.139219,0.000000,-0.443445,1.695773,1.133459,-0.285000,8.000,2.000,0,0
314,1570,right_shoulder_pitch,1.040454,-0.335658,1.035506,-0.307500,1.035506,0.000000,0.000000,-0.872665,3.141593,-0.004948,0,-1.040454,Accelerate,traj_vel,-0.039582,2.132535,0.000000,-0.352255,1.780280,1.201208,-0.307500,8.000,2.000,0,0
315,1575,right_shoulder_pitch,1.034702,-0.359545,1.033856,-0.330000,1.033856,0.000000,0.000000,-0.872665,3.141593,-0.000845,0,-1.034702,Accelerate,traj_vel,-0.006763,2.125306,0.000000,-0.283168,1.842138,1.646168,-0.330000,8.000,2.000,0,0
316,1580,right_shoulder_pitch,1.028949,-0.359482,1.032094,-0.352500,1.028949,0.000000,0.000000,-0.872665,3.141593,0.000000,0,-1.028949,Accelerate,traj_vel,0.000000,2.118007,-0.150000,-0.242635,1.725372,1.858578,-0.352500,8.000,2.000,0,0
317,1585,right_shoulder_pitch,1.024347,-0.287644,1.030219,-0.375000,1.024347,0.000000,0.000000,-0.872665,3.141593,0.000000,0,-1.024347,Accelerate,traj_vel,0.000000,2.112118,-0.150000,-0.259404,1.702713,1.977600,-0.375000,8.000,2.000,0,0
318,1590,right_shoulder_pitch,1.020512,-0.239709,1.028231,-0.397500,1.020512,0.000000,0.000000,-0.872665,3.141593,0.000000,0,-1.020512,Accelerate,traj_vel,0.000000,2.107176,-0.150000,-0.307199,1.649977,1.829281,-0.397500,8.000,2.000,0,0
319,1595,right_shoulder_pitch,1.016293,-0.263589,1.026131,-0.420000,1.016293,0.000000,0.000000,-0.871800,3.141593,0.000000,0,-1.016293,Accelerate,traj_vel,0.000000,2.101703,-0.150000,-0.342354,1.609348,1.902523,-0.420000,8.000,2.000,0,0
320,1600,right_shoulder_pitch,1.012075,-0.263759,1.023919,-0.442500,1.012075,0.000000,0.000000,-0.870272,3.141593,0.000000,0,-1.012075,Accelerate,traj_vel,0.000000,2.096193,-0.150000,-0.379887,1.566307,1.626027,-0.442500,8.000,2.000,0,0
321,1605,right_shoulder_pitch,1.007856,-0.263580,1.021594,-0.465000,1.007856,0.000000,0.000000,-0.868688,3.141593,0.000000,0,-1.007856,Accelerate,traj_vel,0.000000,2.090646,-0.150000,-0.419375,1.521271,1.409955,-0.465000,8.000,2.000,0,0
322,1610,right_shoulder_pitch,1.004021,-0.239734,1.019156,-0.487500,1.004021,0.000000,0.000000,-0.867047,3.141593,0.000000,0,-1.004021,Accelerate,traj_vel,0.000000,2.085571,-0.150000,-0.472165,1.463407,1.413617,-0.487500,8.000,2.000,0,0
323,1615,right_shoulder_pitch,1.000570,-0.215735,1.016656,-0.500000,1.000570,0.000000,0.000000,-0.866111,3.141593,0.000000,0,-1.000570,Cruise,traj_vel,0.000000,2.080978,-0.150000,-0.515006,1.415972,1.285440,-0.500000,8.000,2.000,0,0
324,1620,right_shoulder_pitch,0.997885,-0.167747,1.014156,-0.500000,0.997885,0.000000,0.000000,-0.866111,3.141593,0.000000,0,-0.997885,Cruise,traj_vel,0.000000,2.077388,-0.150000,-0.552381,1.375007,1.470383,-0.500000,8.000,2.000,0,0
325,1625,right_shoulder_pitch,0.995968,-0.119864,1.011656,-0.500000,0.995968,0.000000,0.000000,-0.866111,3.141593,0.000000,0,-0.995968,Cruise,traj_vel,0.000000,2.074815,-0.150000,-0.604354,1.320461,1.353192,-0.500000,8.000,2.000,0,0
326,1630,right_shoulder_pitch,0.995201,-0.047912,1.009156,-0.500000,0.995201,0.000000,0.000000,-0.866111,3.141593,0.000000,0,-0.995201,Cruise,traj_vel,0.000000,2.073783,-0.150000,-0.679309,1.244474,1.344033,-0.500000,8.000,2.000,0,0
327,1635,right_shoulder_pitch,0.993666,-0.095962,1.006656,-0.500000,0.993666,0.000000,0.000000,-0.866111,3.141593,0.000000,0,-0.993666,Cruise,traj_vel,0.000000,2.071715,-0.150000,-0.711501,1.210215,1.387982,-0.500000,8.000,2.000,0,0
328,1640,right_shoulder_pitch,0.992516,-0.071910,1.004156,-0.500000,0.992516,0.000000,0.000000,-0.866111,3.141593,0.000000,0,-0.992516,Cruise,traj_vel,0.000000,2.070162,-0.150000,-0.747670,1.172492,1.378827,-0.500000,8.000,2.000,0,0
329,1645,right_shoulder_pitch,0.990982,-0.095843,1.001656,-0.500000,0.990982,0.000000,0.000000,-0.866111,3.141593,0.000000,0,-0.990982,Cruise,traj_vel,0.000000,2.068087,-0.150000,-0.762831,1.155256,1.428266,-0.500000,8.000,2.000,0,0
330,1650,right_shoulder_pitch,0.988681,-0.143858,0.999156,-0.500000,0.988681,0.000000,0.000000,-0.866111,3.141593,0.000000,0,-0.988681,Cruise,traj_vel,0.000000,2.064965,-0.150000,-0.750194,1.164771,1.457562,-0.500000,8.000,2.000,0,0
331,1655,right_shoulder_pitch,0.985229,-0.215653,0.996656,-0.500000,0.985229,0.000000,0.000000,-0.866111,3.141593,0.000000,0,-0.985229,Cruise,traj_vel,0.000000,2.060262,-0.150000,-0.704819,1.205443,1.485032,-0.500000,8.000,2.000,0,0
332,1660,right_shoulder_pitch,0.981011,-0.263713,0.994156,-0.500000,0.981011,0.000000,0.000000,-0.866111,3.141593,0.000000,0,-0.981011,Cruise,traj_vel,0.000000,2.054480,-0.150000,-0.646758,1.257722,1.289102,-0.500000,8.000,2.000,0,0
333,1665,right_shoulder_pitch,0.975642,-0.335587,0.991656,-0.500000,0.975642,0.000000,0.000000,-0.866111,3.141593,0.000000,0,-0.975642,Cruise,traj_vel,0.000000,2.047068,-0.150000,-0.567275,1.329793,1.362348,-0.500000,8.000,2.000,0,0
334,1670,right_shoulder_pitch,0.969506,-0.383368,0.989156,-0.500000,0.969506,0.000000,0.000000,-0.866111,3.141593,0.000000,0,-0.969506,Cruise,traj_vel,0.000000,2.038526,-0.150000,-0.483772,1.404753,1.023592,-0.500000,8.000,2.000,0,0
335,1675,right_shoulder_pitch,0.964520,-0.311737,0.986656,-0.500000,0.964520,0.000000,0.000000,-0.866111,3.141593,0.000000,0,-0.964520,Cruise,traj_vel,0.000000,2.031527,-0.150000,-0.456961,1.424566,1.118810,-0.500000,8.000,2.000,0,0
336,1680,right_shoulder_pitch,0.959918,-0.287456,0.984156,-0.500000,0.959918,0.000000,0.000000,-0.866111,3.141593,0.000000,0,-0.959918,Cruise,traj_vel,0.000000,2.025023,-0.150000,-0.448992,1.426031,1.675465,-0.500000,8.000,2.000,0,0
337,1685,right_shoulder_pitch,0.954165,-0.359700,0.981656,-0.500000,0.954165,0.000000,0.000000,-0.866111,3.141593,0.000000,0,-0.954165,Cruise,traj_vel,0.000000,2.016833,-0.150000,-0.406894,1.459939,1.825619,-0.500000,8.000,2.000,0,0
338,1690,right_shoulder_pitch,0.948796,-0.335578,0.979156,-0.500000,0.979156,0.000000,0.000000,-0.866111,3.141593,0.030360,0,-0.948796,Cruise,traj_vel,0.242879,2.009128,-0.150000,-0.387382,1.471747,1.437421,-0.500000,8.000,2.000,0,0
339,1695,right_shoulder_pitch,0.944577,-0.263639,0.976656,-0.500000,0.976656,0.000000,0.000000,-0.866111,3.141593,0.032079,0,-0.944577,Cruise,traj_vel,0.256632,2.003033,-0.150000,-0.408717,1.444316,1.422772,-0.500000,8.000,2.000,0,0
340,1700,right_shoulder_pitch,0.939975,-0.287699,0.974156,-0.500000,0.974156,0.000000,0.000000,-0.866111,3.141593,0.034181,0,-0.939975,Cruise,traj_vel,0.273448,1.996344,-0.150000,-0.412688,1.433656,1.712090,-0.500000,8.000,2.000,0,0
341,1705,right_shoulder_pitch,0.934606,-0.335457,0.971656,-0.500000,0.971656,0.000000,0.000000,-0.866111,3.141593,0.037050,0,-0.934606,Cruise,traj_vel,0.296400,1.988487,-0.150000,-0.391788,1.446700,1.550950,-0.500000,8.000,2.000,0,0
342,1710,right_shoulder_pitch,0.930771,-0.239733,0.969156,-0.500000,0.969156,0.000000,0.000000,-0.866111,3.141593,0.038385,0,-0.930771,Cruise,traj_vel,0.307079,1.982840,-0.150000,-0.423974,1.408866,1.331216,-0.500000,8.000,2.000,0,0
343,1715,right_shoulder_pitch,0.928854,-0.119854,0.966656,-0.500000,0.966656,0.000000,0.000000,-0.866111,3.141593,0.037802,0,-0.928854,Cruise,traj_vel,0.302419,1.980006,-0.150000,-0.508054,1.321952,1.629689,-0.500000,8.000,2.000,0,0
344,1720,right_shoulder_pitch,0.927703,-0.071884,0.964156,-0.500000,0.964156,0.000000,0.000000,-0.866111,3.141593,0.036453,0,-0.927703,Cruise,traj_vel,0.291623,1.978301,-0.150000,-0.595098,1.233203,1.602223,-0.500000,8.000,2.000,0,0
345,1725,right_shoulder_pitch,0.927320,-0.023976,0.961656,-0.500000,0.961656,0.000000,0.000000,-0.866111,3.141593,0.034336,0,-0.927320,Cruise,traj_vel,0.274691,1.977733,-0.150000,-0.684336,1.143397,1.444745,-0.500000,8.000,2.000,0,0
346,1730,right_shoulder_pitch,0.928470,0.071886,0.959156,-0.500000,0.959156,0.000000,0.000000,-0.866111,3.141593,0.030686,0,-0.928470,Cruise,traj_vel,0.245487,1.979438,-0.150000,-0.799195,1.030243,1.344033,-0.500000,8.000,2.000,0,0
347,1735,right_shoulder_pitch,0.929621,0.071902,0.956656,-0.500000,0.929621,0.000000,0.000000,-0.866111,3.141593,0.000000,0,-0.929621,Cruise,traj_vel,0.000000,1.981140,-0.150000,-0.885347,0.945793,1.303750,-0.500000,8.000,2.000,0,0
348,1740,right_shoulder_pitch,0.931155,0.095881,0.954156,-0.500000,0.901155,0.000000,0.000000,-0.866111,3.141593,-0.030000,0,-0.931155,Cruise,traj_vel,-0.240000,1.983406,-0.150000,-0.961951,0.871455,1.312906,-0.500000,8.000,2.000,1,0
349,1745,right_shoulder_pitch,0.931538,0.023969,0.951656,-0.500000,0.901538,0.000000,0.000000,-0.866111,3.141593,-0.030000,0,-0.931538,Cruise,traj_vel,-0.240000,1.983972,-0.150000,-0.983448,0.850524,1.179235,-0.500000,8.000,2.000,1,0
350,1750,right_shoulder_pitch,0.931155,-0.023972,0.949156,-0.500000,0.901155,0.000000,0.000000,-0.866111,3.141593,-0.030000,0,-0.931155,Cruise,traj_vel,-0.240000,1.983406,-0.150000,-0.975600,0.857806,0.699484,-0.500000,8.000,2.000,1,0
351,1755,right_shoulder_pitch,0.930771,-0.023969,0.946656,-0.500000,0.900771,0.000000,0.000000,-0.866111,3.141593,-0.030000,0,-0.930771,Cruise,traj_vel,-0.240000,1.982840,-0.150000,-0.969715,0.863125,0.668356,-0.500000,8.000,2.000,1,0
352,1760,right_shoulder_pitch,0.929237,-0.095882,0.944156,-0.500000,0.929237,0.000000,0.000000,-0.866111,3.141593,0.000000,0,-0.929237,Cruise,traj_vel,0.000000,1.980573,-0.150000,-0.929345,0.901228,0.840479,-0.500000,8.000,2.000,0,0
353,1765,right_shoulder_pitch,0.927320,-0.119814,0.941656,-0.500000,0.927320,0.000000,0.000000,-0.866111,3.141593,0.000000,0,-0.927320,Cruise,traj_vel,0.000000,1.977733,-0.150000,-0.887102,0.940631,0.789210,-0.500000,8.000,2.000,0,0
354,1770,right_shoulder_pitch,0.925402,-0.119847,0.939156,-0.500000,0.925402,0.000000,0.000000,-0.866111,3.141593,0.000000,0,-0.925402,Cruise,traj_vel,0.000000,1.974885,-0.150000,-0.855403,0.969482,0.935698,-0.500000,8.000,2.000,0,0
355,1775,right_shoulder_pitch,0.923868,-0.095872,0.936656,-0.500000,0.923868,0.000000,0.000000,-0.866111,3.141593,0.000000,0,-0.923868,Cruise,traj_vel,0.000000,1.972602,-0.150000,-0.843616,0.978985,1.082186,-0.500000,8.000,2.000,0,0
356,1780,right_shoulder_pitch,0.921567,-0.143795,0.934156,-0.500000,0.921567,0.000000,0.000000,-0.866111,3.141593,0.000000,0,-0.921567,Cruise,traj_vel,0.000000,1.969168,-0.150000,-0.810814,1.008353,1.210363,-0.500000,8.000,2.000,0,0
357,1785,right_shoulder_pitch,0.918499,-0.191773,0.931656,-0.500000,0.918499,0.000000,0.000000,-0.866111,3.141593,0.000000,0,-0.918499,Cruise,traj_vel,0.000000,1.964572,-0.150000,-0.762225,1.052348,1.289102,-0.500000,8.000,2.000,0,0
358,1790,right_shoulder_pitch,0.914280,-0.263745,0.929156,-0.500000,0.914280,0.000000,0.000000,-0.866111,3.141593,0.000000,0,-0.914280,Cruise,traj_vel,0.000000,1.958224,-0.150000,-0.689796,1.118429,1.294595,-0.500000,8.000,2.000,0,0
359,1795,right_shoulder_pitch,0.909678,-0.287595,0.926656,-0.500000,0.909678,0.000000,0.000000,-0.866111,3.141593,0.000000,0,-0.909678,Cruise,traj_vel,0.000000,1.951260,-0.150000,-0.623549,1.177710,1.274453,-0.500000,8.000,2.000,0,0
360,1800,right_shoulder_pitch,0.903926,-0.359513,0.924156,-0.500000,0.903926,0.000000,0.000000,-0.866111,3.141593,0.000000,0,-0.903926,Cruise,traj_vel,0.000000,1.942496,-0.150000,-0.537906,1.254590,1.080354,-0.500000,8.000,2.000,0,0
361,1805,right_shoulder_pitch,0.897407,-0.407401,0.921656,-0.500000,0.897407,0.000000,0.000000,-0.866111,3.141593,0.000000,0,-0.897407,Cruise,traj_vel,0.000000,1.932486,-0.150000,-0.449729,1.332757,1.131628,-0.500000,8.000,2.000,0,0
362,1810,right_shoulder_pitch,0.891270,-0.383522,0.919156,-0.500000,0.891270,0.000000,0.000000,-0.866111,3.141593,0.000000,0,-0.891270,Cruise,traj_vel,0.000000,1.922989,-0.150000,-0.395536,1.377453,1.188390,-0.500000,8.000,2.000,0,0
363,1815,right_shoulder_pitch,0.885517,-0.359640,0.916656,-0.500000,0.916656,0.000000,0.000000,-0.866111,3.141593,0.031139,0,-0.885517,Cruise,traj_vel,0.249110,1.914021,-0.150000,-0.366832,1.397189,1.604054,-0.500000,8.000,2.000,0,0
364,1820,right_shoulder_pitch,0.878998,-0.407413,0.914156,-0.500000,0.914156,0.000000,0.000000,-0.866111,3.141593,0.035158,0,-0.878998,Cruise,traj_vel,0.281266,1.903780,-0.150000,-0.321418,1.432362,1.686451,-0.500000,8.000,2.000,0,0
365,1825,right_shoulder_pitch,0.873246,-0.359530,0.911656,-0.500000,0.911656,0.000000,0.000000,-0.866111,3.141593,0.038411,0,-0.873246,Cruise,traj_vel,0.307285,1.894677,-0.150000,-0.311298,1.433378,1.422772,-0.500000,8.000,2.000,0,0
366,1830,right_shoulder_pitch,0.868643,-0.287634,0.909156,-0.500000,0.909156,0.000000,0.000000,-0.866111,3.141593,0.040513,0,-0.868643,Cruise,traj_vel,0.324107,1.887348,-0.150000,-0.339657,1.397691,1.510667,-0.500000,8.000,2.000,0,0
367,1835,right_shoulder_pitch,0.864424,-0.263276,0.906656,-0.500000,0.906656,0.000000,0.000000,-0.866111,3.141593,0.042232,0,-0.864424,Cruise,traj_vel,0.337854,1.880596,-0.150000,-0.373105,1.357491,1.534470,-0.500000,8.000,2.000,0,0
368,1840,right_shoulder_pitch,0.860589,-0.239711,0.904156,-0.500000,0.904156,0.000000,0.000000,-0.866111,3.141593,0.043567,0,-0.860589,Cruise,traj_vel,0.348534,1.874428,-0.150000,-0.409973,1.314455,1.556443,-0.500000,8.000,2.000,0,0
369,1845,right_shoulder_pitch,0.858672,-0.095857,0.901656,-0.500000,0.901656,0.000000,0.000000,-0.866111,3.141593,0.042984,0,-0.858672,Cruise,traj_vel,0.343874,1.871334,-0.150000,-0.509551,1.211783,1.384320,-0.500000,8.000,2.000,0,0
370,1850,right_shoulder_pitch,0.858672,0.000000,0.899156,-0.500000,0.899156,0.000000,0.000000,-0.866111,3.141593,0.040484,0,-0.858672,Cruise,traj_vel,0.323874,1.871334,-0.150000,-0.632163,1.089171,1.543626,0.000000,8.000,2.000,0,0
371,1855,right_shoulder_pitch,0.859055,0.019179,0.896656,-0.500000,0.896656,0.000000,0.000000,-0.866111,3.141593,0.037601,0,-0.859055,Cruise,traj_vel,0.300806,1.871953,-0.150000,-0.733712,0.988241,1.387982,0.000000,8.000,2.000,0,0
372,1860,right_shoulder_pitch,0.860973,0.095886,0.894156,-0.500000,0.894156,0.000000,0.000000,-0.866111,3.141593,0.033183,0,-0.860973,Cruise,traj_vel,0.265466,1.875046,-0.150000,-0.848227,0.876819,1.322061,-0.500000,8.000,2.000,0,0
373,1865,right_shoulder_pitch,0.862123,0.071865,0.891656,-0.500000,0.862123,0.000000,0.000000,-0.866111,3.141593,0.000000,0,-0.862123,Cruise,traj_vel,0.000000,1.876898,-0.150000,-0.922103,0.804796,1.318399,-0.500000,8.000,2.000,0,0
374,1870,right_shoulder_pitch,0.862123,0.000000,0.889156,-0.500000,0.862123,0.000000,0.000000,-0.866111,3.141593,0.000000,0,-0.862123,Cruise,traj_vel,0.000000,1.876898,-0.150000,-0.941577,0.785321,1.301919,0.000000,8.000,2.000,0,0
375,1875,right_shoulder_pitch,0.862123,0.000000,0.886656,-0.500000,0.862123,0.000000,0.000000,-0.866111,3.141593,0.000000,0,-0.862123,Cruise,traj_vel,0.000000,1.876898,-0.150000,-0.956183,0.770716,0.983305,0.000000,8.000,2.000,0,0
376,1880,right_shoulder_pitch,0.860973,-0.071894,0.884156,-0.500000,0.860973,0.000000,0.000000,-0.866111,3.141593,0.000000,0,-0.860973,Cruise,traj_vel,0.000000,1.875046,-0.150000,-0.931190,0.793856,0.849634,-0.500000,8.000,2.000,0,0
377,1885,right_shoulder_pitch,0.860206,-0.047955,0.881656,-0.500000,0.860206,0.000000,0.000000,-0.866111,3.141593,0.000000,0,-0.860206,Cruise,traj_vel,0.000000,1.873810,-0.150000,-0.924415,0.799395,0.761744,-0.500000,8.000,2.000,0,0
378,1890,right_shoulder_pitch,0.859055,-0.071893,0.879156,-0.500000,0.859055,0.000000,0.000000,-0.866111,3.141593,0.000000,0,-0.859055,Cruise,traj_vel,0.000000,1.871953,-0.150000,-0.907365,0.814589,0.875269,-0.500000,8.000,2.000,0,0
379,1895,right_shoulder_pitch,0.857521,-0.095879,0.876656,-0.500000,0.857521,0.000000,0.000000,-0.866111,3.141593,0.000000,0,-0.857521,Cruise,traj_vel,0.000000,1.869474,-0.150000,-0.882584,0.836890,0.935698,-0.500000,8.000,2.000,0,0
380,1900,right_shoulder_pitch,0.856371,-0.071880,0.874156,-0.500000,0.856371,0.000000,0.000000,-0.866111,3.141593,0.000000,0,-0.856371,Cruise,traj_vel,0.000000,1.867612,-0.150000,-0.875998,0.841614,0.948515,-0.500000,8.000,2.000,0,0
381,1905,right_shoulder_pitch,0.854454,-0.119853,0.871656,-0.500000,0.854454,0.000000,0.000000,-0.866111,3.141593,0.000000,0,-0.854454,Cruise,traj_vel,0.000000,1.864503,-0.150000,-0.847072,0.867431,1.003450,-0.500000,8.000,2.000,0,0
382,1910,right_shoulder_pitch,0.852536,-0.119881,0.869156,-0.500000,0.852536,0.000000,0.000000,-0.866111,3.141593,0.000000,0,-0.852536,Cruise,traj_vel,0.000000,1.861387,-0.150000,-0.825364,0.886023,1.049227,-0.500000,8.000,2.000,0,0
383,1915,right_shoulder_pitch,0.849852,-0.167758,0.866656,-0.500000,0.849852,0.000000,0.000000,-0.866111,3.141593,0.000000,0,-0.849852,Cruise,traj_vel,0.000000,1.857013,-0.150000,-0.785144,0.921869,1.179235,-0.500000,8.000,2.000,0,0
384,1920,right_shoulder_pitch,0.846399,-0.215777,0.864156,-0.500000,0.846399,0.000000,0.000000,-0.866111,3.141593,0.000000,0,-0.846399,Cruise,traj_vel,0.000000,1.851369,-0.150000,-0.730969,0.970399,1.192052,-0.500000,8.000,2.000,0,0
385,1925,right_shoulder_pitch,0.841414,-0.311504,0.861656,-0.500000,0.841414,0.000000,0.000000,-0.866111,3.141593,0.000000,0,-0.841414,Cruise,traj_vel,0.000000,1.843178,-0.150000,-0.642475,1.050703,1.107820,-0.500000,8.000,2.000,0,0
386,1930,right_shoulder_pitch,0.835278,-0.383470,0.859156,-0.500000,0.835278,0.000000,0.000000,-0.866111,3.141593,0.000000,0,-0.835278,Cruise,traj_vel,0.000000,1.833035,-0.150000,-0.540121,1.142914,0.948515,-0.500000,8.000,2.000,0,0
387,1935,right_shoulder_pitch,0.829526,-0.359675,0.856656,-0.500000,0.829526,0.000000,0.000000,-0.866111,3.141593,0.000000,0,-0.829526,Cruise,traj_vel,0.000000,1.823463,-0.150000,-0.475254,1.198210,0.913725,-0.500000,8.000,2.000,0,0
388,1940,right_shoulder_pitch,0.823773,-0.359484,0.854156,-0.500000,0.854156,0.000000,0.000000,-0.866111,3.141593,0.030383,0,-0.823773,Cruise,traj_vel,0.243065,1.813831,-0.150000,-0.426698,1.237133,1.127965,-0.500000,8.000,2.000,0,0
389,1945,right_shoulder_pitch,0.817253,-0.407529,0.851656,-0.500000,0.851656,0.000000,0.000000,-0.866111,3.141593,0.034403,0,-0.817253,Cruise,traj_vel,0.275226,1.802840,-0.150000,-0.366259,1.286581,1.635182,-0.500000,8.000,2.000,0,0
390,1950,right_shoulder_pitch,0.811117,-0.383393,0.849156,-0.500000,0.849156,0.000000,0.000000,-0.866111,3.141593,0.038039,0,-0.811117,Cruise,traj_vel,0.304313,1.792428,-0.150000,-0.332998,1.309430,1.684620,-0.500000,8.000,2.000,0,0
391,1955,right_shoulder_pitch,0.806132,-0.311516,0.846656,-0.500000,0.846656,0.000000,0.000000,-0.866111,3.141593,0.040525,0,-0.806132,Cruise,traj_vel,0.324196,1.783918,-0.150000,-0.343991,1.289927,1.549119,-0.500000,8.000,2.000,0,0
392,1960,right_shoulder_pitch,0.801146,-0.311774,0.844156,-0.500000,0.844156,0.000000,0.000000,-0.866111,3.141593,0.043010,0,-0.801146,Cruise,traj_vel,0.344080,1.775363,-0.150000,-0.352106,1.273257,1.569260,-0.500000,8.000,2.000,0,0
393,1965,right_shoulder_pitch,0.795777,-0.335526,0.841656,-0.500000,0.841656,0.000000,0.000000,-0.866111,3.141593,0.045880,0,-0.795777,Cruise,traj_vel,0.367037,1.766100,-0.150000,-0.346316,1.269784,1.336709,-0.500000,8.000,2.000,0,0
394,1970,right_shoulder_pitch,0.792709,-0.153390,0.839156,-0.500000,0.839156,0.000000,0.000000,-0.866111,3.141593,0.046448,0,-0.792709,Cruise,traj_vel,0.371581,1.760785,-0.150000,-0.433042,1.177743,1.446576,-0.500000,8.000,2.000,0,0
395,1975,right_shoulder_pitch,0.790024,-0.167755,0.836656,-0.500000,0.836656,0.000000,0.000000,-0.866111,3.141593,0.046632,0,-0.790024,Cruise,traj_vel,0.373057,1.756120,-0.150000,-0.490904,1.115216,1.334878,-0.500000,8.000,2.000,0,0
396,1980,right_shoulder_pitch,0.789641,-0.023969,0.834156,-0.500000,0.834156,0.000000,0.000000,-0.866111,3.141593,0.044516,0,-0.789641,Cruise,traj_vel,0.356125,1.755453,-0.150000,-0.606193,0.999260,1.353192,-0.500000,8.000,2.000,0,0
397,1985,right_shoulder_pitch,0.790408,0.047930,0.831656,-0.500000,0.831656,0.000000,0.000000,-0.866111,3.141593,0.041249,0,-0.790408,Cruise,traj_vel,0.329989,1.756788,-0.150000,-0.728610,0.878178,1.353192,-0.500000,8.000,2.000,0,0
398,1990,right_shoulder_pitch,0.791942,0.095903,0.829156,-0.500000,0.829156,0.000000,0.000000,-0.866111,3.141593,0.037215,0,-0.791942,Cruise,traj_vel,0.297717,1.759454,-0.150000,-0.844409,0.765045,1.267129,-0.500000,8.000,2.000,0,0
399,1995,right_shoulder_pitch,0.793859,0.119836,0.826656,-0.500000,0.826656,0.000000,0.000000,-0.866111,3.141593,0.032797,0,-0.793859,Cruise,traj_vel,0.262377,1.762780,-0.150000,-0.943224,0.669556,1.186559,-0.500000,8.000,2.000,0,0
400,2000,right_shoulder_pitch,0.795393,0.095857,0.824156,-0.500000,0.795393,0.000000,0.000000,-0.866111,3.141593,0.000000,0,-0.795393,Cruise,traj_vel,0.000000,1.765437,-0.150000,-1.005347,0.610090,1.243325,-0.500000,8.000,2.000,0,0
401,2005,right_shoulder_pitch,0.795777,0.023972,0.821656,-0.500000,0.795777,0.000000,0.000000,-0.866111,3.141593,0.000000,0,-0.795777,Cruise,traj_vel,0.000000,1.766100,-0.150000,-1.015996,0.600104,1.105989,-0.500000,8.000,2.000,0,0
402,2010,right_shoulder_pitch,0.795010,-0.047935,0.819156,-0.500000,0.795010,0.000000,0.000000,-0.866111,3.141593,0.000000,0,-0.795010,Cruise,traj_vel,0.000000,1.764773,-0.150000,-0.988030,0.626743,0.774561,-0.500000,8.000,2.000,0,0
403,2015,right_shoulder_pitch,0.794243,-0.047944,0.816656,-0.500000,0.794243,0.000000,0.000000,-0.866111,3.141593,0.000000,0,-0.794243,Cruise,traj_vel,0.000000,1.763445,-0.150000,-0.967050,0.646394,0.715964,-0.500000,8.000,2.000,0,0
404,2020,right_shoulder_pitch,0.792325,-0.119840,0.814156,-0.500000,0.792325,0.000000,0.000000,-0.866111,3.141593,0.000000,0,-0.792325,Cruise,traj_vel,0.000000,1.760119,-0.150000,-0.915368,0.694752,0.800196,-0.500000,8.000,2.000,0,0
405,2025,right_shoulder_pitch,0.790408,-0.119847,0.811656,-0.500000,0.790408,0.000000,0.000000,-0.866111,3.141593,0.000000,0,-0.790408,Cruise,traj_vel,0.000000,1.756788,-0.150000,-0.876602,0.730185,0.580462,-0.500000,8.000,2.000,0,0
406,2030,right_shoulder_pitch,0.788874,-0.095854,0.809156,-0.500000,0.788874,0.000000,0.000000,-0.866111,3.141593,0.000000,0,-0.788874,Cruise,traj_vel,0.000000,1.754118,-0.150000,-0.859525,0.744593,0.730612,-0.500000,8.000,2.000,0,0
407,2035,right_shoulder_pitch,0.787723,-0.071933,0.806656,-0.500000,0.787723,0.000000,0.000000,-0.866111,3.141593,0.000000,0,-0.787723,Cruise,traj_vel,0.000000,1.752112,-0.150000,-0.858677,0.743435,0.739768,-0.500000,8.000,2.000,0,0
408,2040,right_shoulder_pitch,0.786956,-0.047928,0.804156,-0.500000,0.786956,0.000000,0.000000,-0.866111,3.141593,0.000000,0,-0.786956,Cruise,traj_vel,0.000000,1.750774,-0.150000,-0.870044,0.730730,0.693991,-0.500000,8.000,2.000,0,0
409,2045,right_shoulder_pitch,0.786956,0.000000,0.801656,-0.500000,0.786956,0.000000,0.000000,-0.866111,3.141593,0.000000,0,-0.786956,Cruise,traj_vel,0.000000,1.750774,-0.150000,-0.902533,0.698241,0.736105,0.000000,8.000,2.000,0,0
410,2050,right_shoulder_pitch,0.786956,0.000000,0.799156,-0.500000,0.786956,0.000000,0.000000,-0.866111,3.141593,0.000000,0,-0.786956,Cruise,traj_vel,0.000000,1.750774,-0.150000,-0.926900,0.673875,0.701315,0.000000,8.000,2.000,0,0
411,2055,right_shoulder_pitch,0.786956,0.000000,0.796656,-0.500000,0.786956,0.000000,0.000000,-0.866111,3.141593,0.000000,0,-0.786956,Cruise,traj_vel,0.000000,1.750774,-0.150000,-0.945175,0.655599,0.701315,0.000000,8.000,2.000,0,0
412,2060,right_shoulder_pitch,0.786956,0.000000,0.794156,-0.500000,0.786956,0.000000,0.000000,-0.866111,3.141593,0.000000,0,-0.786956,Cruise,traj_vel,0.000000,1.750774,-0.150000,-0.958881,0.641893,0.672019,0.000000,8.000,2.000,0,0
413,2065,right_shoulder_pitch,0.787340,0.023971,0.791656,-0.500000,0.787340,0.000000,0.000000,-0.866111,3.141593,0.000000,0,-0.787340,Cruise,traj_vel,0.000000,1.751443,-0.150000,-0.981146,0.620297,0.683005,-0.500000,8.000,2.000,0,0
414,2070,right_shoulder_pitch,0.786956,-0.023972,0.789156,-0.500000,0.786956,0.000000,0.000000,-0.866111,3.141593,0.000000,0,-0.786956,Cruise,traj_vel,0.000000,1.750774,-0.150000,-0.973873,0.626901,0.699484,-0.500000,8.000,2.000,0,0
415,2075,right_shoulder_pitch,0.786956,0.000000,0.786656,-0.500000,0.786656,0.000000,0.000000,-0.866111,3.141593,-0.000300,0,-0.786956,Cruise,traj_vel,-0.002399,1.750774,-0.150000,-0.980405,0.620369,0.672019,0.000000,8.000,2.000,0,0
416,2080,right_shoulder_pitch,0.786573,-0.023963,0.784156,-0.500000,0.784156,0.000000,0.000000,-0.866111,3.141593,-0.002416,0,-0.786573,Cruise,traj_vel,-0.019331,1.750105,-0.150000,-0.973322,0.626783,0.666525,-0.500000,8.000,2.000,0,0
417,2085,right_shoulder_pitch,0.786573,0.000000,0.781656,-0.500000,0.781656,0.000000,0.000000,-0.866111,3.141593,-0.004916,0,-0.786573,Cruise,traj_vel,-0.039331,1.750105,-0.150000,-0.979992,0.620113,0.662863,0.000000,8.000,2.000,0,0
418,2090,right_shoulder_pitch,0.786189,-0.023965,0.779156,-0.500000,0.779156,0.000000,0.000000,-0.866111,3.141593,-0.007033,0,-0.786189,Cruise,traj_vel,-0.056263,1.749435,-0.150000,-0.973011,0.626424,0.651877,-0.500000,8.000,2.000,0,0
419,2095,right_shoulder_pitch,0.785806,-0.023968,0.776656,-0.500000,0.776656,0.000000,0.000000,-0.866111,3.141593,-0.009149,0,-0.785806,Cruise,traj_vel,-0.073195,1.748765,-0.150000,-0.967774,0.630991,0.710471,-0.500000,8.000,2.000,0,0
420,2100,right_shoulder_pitch,0.784272,-0.095849,0.774156,-0.500000,0.774156,0.000000,0.000000,-0.866111,3.141593,-0.010115,0,-0.784272,Cruise,traj_vel,-0.080924,1.746083,-0.150000,-0.927906,0.668176,0.778223,-0.500000,8.000,2.000,0,0
421,2105,right_shoulder_pitch,0.782738,-0.095869,0.771656,-0.500000,0.771656,0.000000,0.000000,-0.866111,3.141593,-0.011081,0,-0.782738,Cruise,traj_vel,-0.088652,1.743396,-0.150000,-0.897995,0.695401,0.816675,-0.500000,8.000,2.000,0,0
422,2110,right_shoulder_pitch,0.779286,-0.215826,0.769156,-0.500000,0.769156,0.000000,0.000000,-0.866111,3.141593,-0.010130,0,-0.779286,Cruise,traj_vel,-0.081040,1.737336,-0.150000,-0.815583,0.771753,0.979643,-0.500000,8.000,2.000,0,0
423,2115,right_shoulder_pitch,0.774684,-0.287448,0.766656,-0.500000,0.766656,0.000000,0.000000,-0.866111,3.141593,-0.008028,0,-0.774684,Cruise,traj_vel,-0.064225,1.729224,-0.150000,-0.717964,0.861261,0.964994,-0.500000,8.000,2.000,0,0
424,2120,right_shoulder_pitch,0.769698,-0.311771,0.764156,-0.500000,0.764156,0.000000,0.000000,-0.866111,3.141593,-0.005542,0,-0.769698,Cruise,traj_vel,-0.044335,1.720394,-0.150000,-0.632587,0.937807,0.745261,-0.500000,8.000,2.000,0,0
425,2125,right_shoulder_pitch,0.763179,-0.407309,0.761656,-0.500000,0.761656,0.000000,0.000000,-0.866111,3.141593,-0.001522,0,-0.763179,Cruise,traj_vel,-0.012180,1.708784,-0.150000,-0.520786,1.037998,0.955839,-0.500000,8.000,2.000,0,0
426,2130,right_shoulder_pitch,0.755509,-0.479408,0.759156,-0.500000,0.755509,0.000000,0.000000,-0.866111,3.141593,0.000000,0,-0.755509,Cruise,traj_vel,0.000000,1.695032,-0.150000,-0.400885,1.144146,0.591449,-0.500000,8.000,2.000,0,0
427,2135,right_shoulder_pitch,0.749756,-0.359623,0.756656,-0.500000,0.749756,0.000000,0.000000,-0.866111,3.141593,0.000000,0,-0.749756,Cruise,traj_vel,0.000000,1.684652,-0.150000,-0.370853,1.163799,1.226842,-0.500000,8.000,2.000,0,0
428,2140,right_shoulder_pitch,0.742086,-0.478076,0.754156,-0.500000,0.742086,0.000000,0.000000,-0.866111,3.141593,0.000000,0,-0.742086,Cruise,traj_vel,0.000000,1.670725,-0.150000,-0.289101,1.231623,1.699272,-0.500000,8.000,2.000,0,0
429,2145,right_shoulder_pitch,0.734416,-0.480099,0.751656,-0.500000,0.734416,0.000000,0.000000,-0.866111,3.141593,0.000000,0,-0.734416,Cruise,traj_vel,0.000000,1.656700,-0.150000,-0.226776,1.279924,0.950346,-0.500000,8.000,2.000,0,0
430,2150,right_shoulder_pitch,0.729047,-0.335323,0.749156,-0.500000,0.729047,0.000000,0.000000,-0.866111,3.141593,0.000000,0,-0.729047,Cruise,traj_vel,0.000000,1.646825,-0.150000,-0.252421,1.244404,1.080354,-0.500000,8.000,2.000,0,0
431,2155,right_shoulder_pitch,0.722910,-0.383651,0.746656,-0.500000,0.722910,0.000000,0.000000,-0.866111,3.141593,0.000000,0,-0.722910,Cruise,traj_vel,0.000000,1.635480,-0.150000,-0.247490,1.237990,1.256143,-0.500000,8.000,2.000,0,0
432,2160,right_shoulder_pitch,0.717541,-0.336187,0.744156,-0.500000,0.717541,0.000000,0.000000,-0.866111,3.141593,0.000000,0,-0.717541,Cruise,traj_vel,0.000000,1.625503,-0.150000,-0.267524,1.207979,1.137121,-0.500000,8.000,2.000,0,0
433,2165,right_shoulder_pitch,0.712939,-0.287476,0.741656,-0.500000,0.712939,0.000000,0.000000,-0.866111,3.141593,0.000000,0,-0.712939,Cruise,traj_vel,0.000000,1.616915,-0.150000,-0.306905,1.160010,1.376996,-0.500000,8.000,2.000,0,0
434,2170,right_shoulder_pitch,0.709104,-0.239784,0.739156,-0.500000,0.739156,0.000000,0.000000,-0.866111,3.141593,0.030052,0,-0.709104,Cruise,traj_vel,0.240415,1.609732,-0.150000,-0.360287,1.099445,1.415448,-0.500000,8.000,2.000,0,0
435,2175,right_shoulder_pitch,0.704502,-0.287569,0.736656,-0.500000,0.736656,0.000000,0.000000,-0.866111,3.141593,0.032154,0,-0.704502,Cruise,traj_vel,0.257230,1.601080,-0.150000,-0.376431,1.074650,1.360517,-0.500000,8.000,2.000,0,0
436,2180,right_shoulder_pitch,0.700667,-0.239688,0.734156,-0.500000,0.734156,0.000000,0.000000,-0.866111,3.141593,0.033489,0,-0.700667,Cruise,traj_vel,0.267910,1.593845,-0.150000,-0.412479,1.031366,1.248819,-0.500000,8.000,2.000,0,0
437,2185,right_shoulder_pitch,0.696832,-0.239812,0.731656,-0.500000,0.731656,0.000000,0.000000,-0.866111,3.141593,0.034824,0,-0.696832,Cruise,traj_vel,0.278596,1.586585,-0.150000,-0.439454,0.997131,1.378827,-0.500000,8.000,2.000,0,0
438,2190,right_shoulder_pitch,0.692613,-0.263632,0.729156,-0.500000,0.729156,0.000000,0.000000,-0.866111,3.141593,0.036543,0,-0.692613,Cruise,traj_vel,0.292343,1.578573,-0.150000,-0.447775,0.980799,1.137121,-0.500000,8.000,2.000,0,0
439,2195,right_shoulder_pitch,0.689929,-0.167776,0.726656,-0.500000,0.726656,0.000000,0.000000,-0.866111,3.141593,0.036727,0,-0.689929,Cruise,traj_vel,0.293819,1.573461,-0.150000,-0.501943,0.921518,1.060213,-0.500000,8.000,2.000,0,0
440,2200,right_shoulder_pitch,0.687244,-0.167748,0.724156,-0.500000,0.724156,0.000000,0.000000,-0.866111,3.141593,0.036912,0,-0.687244,Cruise,traj_vel,0.295295,1.568336,-0.150000,-0.542583,0.875753,1.085848,-0.500000,8.000,2.000,0,0
441,2205,right_shoulder_pitch,0.686094,-0.071895,0.721656,-0.500000,0.721656,0.000000,0.000000,-0.866111,3.141593,0.035562,0,-0.686094,Cruise,traj_vel,0.284498,1.566137,-0.150000,-0.620990,0.795147,0.985136,-0.500000,8.000,2.000,0,0
442,2210,right_shoulder_pitch,0.686094,0.000000,0.719156,-0.500000,0.719156,0.000000,0.000000,-0.866111,3.141593,0.033062,0,-0.686094,Cruise,traj_vel,0.264498,1.566137,-0.150000,-0.715742,0.700395,1.052889,0.000000,8.000,2.000,0,0
443,2215,right_shoulder_pitch,0.686477,0.023966,0.716656,-0.500000,0.716656,0.000000,0.000000,-0.866111,3.141593,0.030179,0,-0.686477,Cruise,traj_vel,0.241430,1.566870,-0.150000,-0.798790,0.618080,1.052889,-0.500000,8.000,2.000,0,0
444,2220,right_shoulder_pitch,0.686861,0.023970,0.714156,-0.500000,0.686861,0.000000,0.000000,-0.866111,3.141593,0.000000,0,-0.686861,Cruise,traj_vel,0.000000,1.567604,-0.150000,-0.861077,0.556526,0.977812,-0.500000,8.000,2.000,0,0
445,2225,right_shoulder_pitch,0.687244,0.023960,0.711656,-0.500000,0.687244,0.000000,0.000000,-0.866111,3.141593,0.000000,0,-0.687244,Cruise,traj_vel,0.000000,1.568336,-0.150000,-0.907788,0.510548,0.882597,-0.500000,8.000,2.000,0,0
446,2230,right_shoulder_pitch,0.687244,0.000000,0.709156,-0.500000,0.687244,0.000000,0.000000,-0.866111,3.141593,0.000000,0,-0.687244,Cruise,traj_vel,0.000000,1.568336,-0.150000,-0.930841,0.487495,0.673850,0.000000,8.000,2.000,0,0
447,2235,right_shoulder_pitch,0.686477,-0.047954,0.706656,-0.500000,0.686477,0.000000,0.000000,-0.866111,3.141593,0.000000,0,-0.686477,Cruise,traj_vel,0.000000,1.566870,-0.150000,-0.924154,0.492717,0.635394,-0.500000,8.000,2.000,0,0
448,2240,right_shoulder_pitch,0.686094,-0.023964,0.704156,-0.500000,0.686094,0.000000,0.000000,-0.866111,3.141593,0.000000,0,-0.686094,Cruise,traj_vel,0.000000,1.566137,-0.150000,-0.931133,0.485004,0.514541,-0.500000,8.000,2.000,0,0
449,2245,right_shoulder_pitch,0.684943,-0.071814,0.701656,-0.500000,0.684943,0.000000,0.000000,-0.866111,3.141593,0.000000,0,-0.684943,Cruise,traj_vel,0.000000,1.563935,-0.150000,-0.912443,0.501492,0.567645,-0.500000,8.000,2.000,0,0
450,2250,right_shoulder_pitch,0.684176,-0.047989,0.699156,-0.500000,0.684176,0.000000,0.000000,-0.866111,3.141593,0.000000,0,-0.684176,Cruise,traj_vel,0.000000,1.562466,-0.150000,-0.910338,0.502129,0.552996,-0.500000,8.000,2.000,0,0
451,2255,right_shoulder_pitch,0.683793,-0.023965,0.696656,-0.500000,0.683793,0.000000,0.000000,-0.866111,3.141593,0.000000,0,-0.683793,Cruise,traj_vel,0.000000,1.561732,-0.150000,-0.920771,0.490961,0.543841,-0.500000,8.000,2.000,0,0
452,2260,right_shoulder_pitch,0.682642,-0.071945,0.694156,-0.500000,0.682642,0.000000,0.000000,-0.866111,3.141593,0.000000,0,-0.682642,Cruise,traj_vel,0.000000,1.559526,-0.150000,-0.904605,0.504920,0.556659,-0.500000,8.000,2.000,0,0
453,2265,right_shoulder_pitch,0.681492,-0.071818,0.691656,-0.500000,0.681492,0.000000,0.000000,-0.866111,3.141593,0.000000,0,-0.681492,Cruise,traj_vel,0.000000,1.557318,-0.150000,-0.892545,0.514773,0.639056,-0.500000,8.000,2.000,0,0
454,2270,right_shoulder_pitch,0.680341,-0.071984,0.689156,-0.500000,0.680341,0.000000,0.000000,-0.866111,3.141593,0.000000,0,-0.680341,Cruise,traj_vel,0.000000,1.555108,-0.150000,-0.883417,0.521691,0.725119,-0.500000,8.000,2.000,0,0
455,2275,right_shoulder_pitch,0.678041,-0.143794,0.686656,-0.500000,0.678041,0.000000,0.000000,-0.866111,3.141593,0.000000,0,-0.678041,Cruise,traj_vel,0.000000,1.550682,-0.150000,-0.840666,0.560016,0.783716,-0.500000,8.000,2.000,0,0
456,2280,right_shoulder_pitch,0.674973,-0.191726,0.684156,-0.500000,0.674973,0.000000,0.000000,-0.866111,3.141593,0.000000,0,-0.674973,Cruise,traj_vel,0.000000,1.544768,-0.150000,-0.784636,0.610132,0.871607,-0.500000,8.000,2.000,0,0
457,2285,right_shoulder_pitch,0.671137,-0.239581,0.681656,-0.500000,0.671137,0.000000,0.000000,-0.866111,3.141593,0.000000,0,-0.671137,Cruise,traj_vel,0.000000,1.537354,-0.150000,-0.718687,0.668667,0.913725,-0.500000,8.000,2.000,0,0
458,2290,right_shoulder_pitch,0.666151,-0.311828,0.679156,-0.500000,0.666151,0.000000,0.000000,-0.866111,3.141593,0.000000,0,-0.666151,Cruise,traj_vel,0.000000,1.527683,-0.150000,-0.633101,0.744582,0.794703,-0.500000,8.000,2.000,0,0
459,2295,right_shoulder_pitch,0.659632,-0.407417,0.676656,-0.500000,0.659632,0.000000,0.000000,-0.866111,3.141593,0.000000,0,-0.659632,Cruise,traj_vel,0.000000,1.514980,-0.150000,-0.521117,0.843863,0.542010,-0.500000,8.000,2.000,0,0
460,2300,right_shoulder_pitch,0.653880,-0.359484,0.674156,-0.500000,0.653880,0.000000,0.000000,-0.866111,3.141593,0.000000,0,-0.653880,Cruise,traj_vel,0.000000,1.503717,-0.150000,-0.461096,0.892621,0.369884,-0.500000,8.000,2.000,0,0
461,2305,right_shoulder_pitch,0.648126,-0.359544,0.671656,-0.500000,0.648126,0.000000,0.000000,-0.866111,3.141593,0.000000,0,-0.648126,Cruise,traj_vel,0.000000,1.492403,-0.150000,-0.416050,0.926354,0.959501,-0.500000,8.000,2.000,0,0
462,2310,right_shoulder_pitch,0.641223,-0.431650,0.669156,-0.500000,0.641223,0.000000,0.000000,-0.866111,3.141593,0.000000,0,-0.641223,Cruise,traj_vel,0.000000,1.478764,-0.150000,-0.346212,0.982551,1.349530,-0.500000,8.000,2.000,0,0
463,2315,right_shoulder_pitch,0.634321,-0.431359,0.666656,-0.500000,0.666656,0.000000,0.000000,-0.866111,3.141593,0.032336,0,-0.634321,Cruise,traj_vel,0.258685,1.465053,-0.150000,-0.293980,1.021074,1.036409,-0.500000,8.000,2.000,0,0
464,2320,right_shoulder_pitch,0.629335,-0.311612,0.664156,-0.500000,0.664156,0.000000,0.000000,-0.866111,3.141593,0.034821,0,-0.629335,Cruise,traj_vel,0.278569,1.455108,-0.150000,-0.314679,0.990429,0.966825,-0.500000,8.000,2.000,0,0
465,2325,right_shoulder_pitch,0.623198,-0.383415,0.661656,-0.500000,0.661656,0.000000,0.000000,-0.866111,3.141593,0.038458,0,-0.623198,Cruise,traj_vel,0.307662,1.442817,-0.150000,-0.294302,0.998515,1.051058,-0.500000,8.000,2.000,0,0
466,2330,right_shoulder_pitch,0.618213,-0.311579,0.659156,-0.500000,0.659156,0.000000,0.000000,-0.866111,3.141593,0.040943,0,-0.618213,Cruise,traj_vel,0.327546,1.432791,-0.150000,-0.314937,0.967854,0.906401,-0.500000,8.000,2.000,0,0
467,2335,right_shoulder_pitch,0.614762,-0.215819,0.656656,-0.500000,0.656656,0.000000,0.000000,-0.866111,3.141593,0.041895,0,-0.614762,Cruise,traj_vel,0.335157,1.425829,-0.150000,-0.378293,0.897536,1.060213,-0.500000,8.000,2.000,0,0
468,2340,right_shoulder_pitch,0.612844,-0.119822,0.654156,-0.500000,0.654156,0.000000,0.000000,-0.866111,3.141593,0.041312,0,-0.612844,Cruise,traj_vel,0.330497,1.421954,-0.150000,-0.473809,0.798145,1.289102,-0.500000,8.000,2.000,0,0
469,2345,right_shoulder_pitch,0.611310,-0.095855,0.651656,-0.500000,0.651656,0.000000,0.000000,-0.866111,3.141593,0.040346,0,-0.611310,Cruise,traj_vel,0.322769,1.418850,-0.150000,-0.557429,0.711421,1.093172,-0.500000,8.000,2.000,0,0
470,2350,right_shoulder_pitch,0.611694,0.023969,0.649156,-0.500000,0.649156,0.000000,0.000000,-0.866111,3.141593,0.037463,0,-0.611694,Cruise,traj_vel,0.299701,1.419627,-0.150000,-0.680056,0.589570,0.979643,-0.500000,8.000,2.000,0,0
471,2355,right_shoulder_pitch,0.613228,0.095860,0.646656,-0.500000,0.646656,0.000000,0.000000,-0.866111,3.141593,0.033429,0,-0.613228,Cruise,traj_vel,0.267429,1.422730,-0.150000,-0.807972,0.464757,0.842310,-0.500000,8.000,2.000,0,0
472,2360,right_shoulder_pitch,0.614378,0.071942,0.644156,-0.500000,0.614378,0.000000,0.000000,-0.866111,3.141593,0.000000,0,-0.614378,Cruise,traj_vel,0.000000,1.425055,-0.150000,-0.891950,0.383104,0.860621,-0.500000,8.000,2.000,0,0
473,2365,right_shoulder_pitch,0.615145,0.047929,0.641656,-0.500000,0.615145,0.000000,0.000000,-0.866111,3.141593,0.000000,0,-0.615145,Cruise,traj_vel,0.000000,1.426604,-0.150000,-0.942927,0.333676,0.754416,-0.500000,8.000,2.000,0,0
474,2370,right_shoulder_pitch,0.615529,0.023970,0.639156,-0.500000,0.615529,0.000000,0.000000,-0.866111,3.141593,0.000000,0,-0.615529,Cruise,traj_vel,0.000000,1.427378,-0.150000,-0.969180,0.308197,0.477920,-0.500000,8.000,2.000,0,0
475,2375,right_shoulder_pitch,0.615912,0.023964,0.636656,-0.500000,0.615912,0.000000,0.000000,-0.866111,3.141593,0.000000,0,-0.615912,Cruise,traj_vel,0.000000,1.428152,-0.150000,-0.988867,0.289285,0.421157,-0.500000,8.000,2.000,0,0
476,2380,right_shoulder_pitch,0.615529,-0.023965,0.634156,-0.500000,0.615529,0.000000,0.000000,-0.866111,3.141593,0.000000,0,-0.615529,Cruise,traj_vel,0.000000,1.427378,-0.150000,-0.979668,0.297710,0.371715,-0.500000,8.000,2.000,0,0
477,2385,right_shoulder_pitch,0.615529,0.000000,0.631656,-0.500000,0.615529,0.000000,0.000000,-0.866111,3.141593,0.000000,0,-0.615529,Cruise,traj_vel,0.000000,1.427378,-0.150000,-0.984751,0.292627,0.391856,0.000000,8.000,2.000,0,0
478,2390,right_shoulder_pitch,0.614762,-0.047917,0.629156,-0.500000,0.614762,0.000000,0.000000,-0.866111,3.141593,0.000000,0,-0.614762,Cruise,traj_vel,0.000000,1.425829,-0.150000,-0.964605,0.311224,0.325938,-0.500000,8.000,2.000,0,0
479,2395,right_shoulder_pitch,0.614378,-0.023976,0.626656,-0.500000,0.614378,0.000000,0.000000,-0.866111,3.141593,0.000000,0,-0.614378,Cruise,traj_vel,0.000000,1.425055,-0.150000,-0.961466,0.313589,0.329601,-0.500000,8.000,2.000,0,0
480,2400,right_shoulder_pitch,0.613995,-0.023963,0.624156,-0.500000,0.613995,0.000000,0.000000,-0.866111,3.141593,0.000000,0,-0.613995,Cruise,traj_vel,0.000000,1.424280,-0.150000,-0.959118,0.315162,0.280159,-0.500000,8.000,2.000,0,0
481,2405,right_shoulder_pitch,0.613995,0.000000,0.621656,-0.500000,0.613995,0.000000,0.000000,-0.866111,3.141593,0.000000,0,-0.613995,Cruise,traj_vel,0.000000,1.424280,-0.150000,-0.969338,0.304942,0.285652,0.000000,8.000,2.000,0,0
482,2410,right_shoulder_pitch,0.613995,0.000000,0.619156,-0.500000,0.613995,0.000000,0.000000,-0.866111,3.141593,0.000000,0,-0.613995,Cruise,traj_vel,0.000000,1.424280,-0.150000,-0.977004,0.297276,0.289314,0.000000,8.000,2.000,0,0
483,2415,right_shoulder_pitch,0.613995,0.000000,0.616656,-0.500000,0.613995,0.000000,0.000000,-0.866111,3.141593,0.000000,0,-0.613995,Cruise,traj_vel,0.000000,1.424280,-0.150000,-0.982753,0.291527,0.318614,0.000000,8.000,2.000,0,0
484,2420,right_shoulder_pitch,0.613995,0.000000,0.614156,-0.500000,0.613995,0.000000,0.000000,-0.866111,3.141593,0.000000,0,-0.613995,Cruise,traj_vel,0.000000,1.424280,-0.150000,-0.987065,0.287215,0.281990,0.000000,8.000,2.000,0,0
485,2425,right_shoulder_pitch,0.613995,0.000000,0.611656,-0.500000,0.611656,0.000000,0.000000,-0.866111,3.141593,-0.002338,0,-0.613995,Cruise,traj_vel,-0.018707,1.424280,-0.150000,-0.990298,0.283981,0.269172,0.000000,8.000,2.000,0,0
486,2430,right_shoulder_pitch,0.613995,0.000000,0.609156,-0.500000,0.609156,0.000000,0.000000,-0.866111,3.141593,-0.004838,0,-0.613995,Cruise,traj_vel,-0.038707,1.424280,-0.150000,-0.992724,0.281556,0.303966,0.000000,8.000,2.000,0,0
487,2435,right_shoulder_pitch,0.613995,0.000000,0.606656,-0.500000,0.606656,0.000000,0.000000,-0.866111,3.141593,-0.007338,0,-0.613995,Cruise,traj_vel,-0.058707,1.424280,-0.150000,-0.994543,0.279737,0.249031,0.000000,8.000,2.000,0,0
488,2440,right_shoulder_pitch,0.613995,0.000000,0.604156,-0.500000,0.604156,0.000000,0.000000,-0.866111,3.141593,-0.009838,0,-0.613995,Cruise,traj_vel,-0.078707,1.424280,-0.150000,-0.995907,0.278373,0.247200,0.000000,8.000,2.000,0,0
489,2445,right_shoulder_pitch,0.613995,0.000000,0.601656,-0.500000,0.601656,0.000000,0.000000,-0.866111,3.141593,-0.012338,0,-0.613995,Cruise,traj_vel,-0.098707,1.424280,-0.150000,-0.996930,0.277349,0.238044,0.000000,8.000,2.000,0,0
490,2450,right_shoulder_pitch,0.613995,0.000000,0.599156,-0.500000,0.599156,0.000000,0.000000,-0.866111,3.141593,-0.014838,0,-0.613995,Cruise,traj_vel,-0.118707,1.424280,-0.150000,-0.997698,0.276582,0.234382,0.000000,8.000,2.000,0,0
491,2455,right_shoulder_pitch,0.613995,0.000000,0.596656,-0.500000,0.596656,0.000000,0.000000,-0.866111,3.141593,-0.017338,0,-0.613995,Cruise,traj_vel,-0.138707,1.424280,-0.150000,-0.998273,0.276006,0.184944,0.000000,8.000,2.000,0,0
492,2460,right_shoulder_pitch,0.613611,-0.023969,0.594156,-0.500000,0.594156,0.000000,0.000000,-0.866111,3.141593,-0.019455,0,-0.613611,Cruise,traj_vel,-0.155639,1.423505,-0.150000,-0.986721,0.286784,0.184944,-0.500000,8.000,2.000,0,0
493,2465,right_shoulder_pitch,0.613228,-0.024008,0.591656,-0.500000,0.591656,0.000000,0.000000,-0.866111,3.141593,-0.021571,0,-0.613228,Cruise,traj_vel,-0.172571,1.422730,-0.150000,-0.978036,0.294693,0.168461,-0.500000,8.000,2.000,0,0
494,2470,right_shoulder_pitch,0.612844,-0.019184,0.589156,-0.500000,0.589156,0.000000,0.000000,-0.866111,3.141593,-0.023688,0,-0.612844,Cruise,traj_vel,-0.189503,1.421954,-0.150000,-0.973935,0.298019,0.214241,0.000000,8.000,2.000,0,0
495,2475,right_shoulder_pitch,0.611694,-0.071874,0.586656,-0.500000,0.586656,0.000000,0.000000,-0.866111,3.141593,-0.025037,0,-0.611694,Cruise,traj_vel,-0.200299,1.419627,-0.150000,-0.944515,0.325112,0.276496,-0.500000,8.000,2.000,0,0
496,2480,right_shoulder_pitch,0.609776,-0.095865,0.584156,-0.500000,0.584156,0.000000,0.000000,-0.866111,3.141593,-0.025620,0,-0.609776,Cruise,traj_vel,-0.204959,1.415743,-0.150000,-0.910453,0.355290,0.422988,-0.500000,8.000,2.000,0,0
497,2485,right_shoulder_pitch,0.605558,-0.263718,0.581656,-0.500000,0.581656,0.000000,0.000000,-0.866111,3.141593,-0.023901,0,-0.605558,Cruise,traj_vel,-0.191212,1.407182,-0.150000,-0.800981,0.456201,0.629901,-0.500000,8.000,2.000,0,0
498,2490,right_shoulder_pitch,0.600188,-0.335626,0.579156,-0.500000,0.579156,0.000000,0.000000,-0.866111,3.141593,-0.021032,0,-0.600188,Cruise,traj_vel,-0.168254,1.396247,-0.150000,-0.682923,0.563325,0.574969,-0.500000,8.000,2.000,0,0
499,2495,right_shoulder_pitch,0.594436,-0.359592,0.576656,-0.500000,0.576656,0.000000,0.000000,-0.866111,3.141593,-0.017779,0,-0.594436,Cruise,traj_vel,-0.142235,1.384489,-0.150000,-0.582396,0.652093,0.285652,-0.500000,8.000,2.000,0,0
500,2500,right_shoulder_pitch,0.586766,-0.479359,0.574156,-0.500000,0.574156,0.000000,0.000000,-0.866111,3.141593,-0.012609,0,-0.586766,Cruise,traj_vel,-0.100875,1.368740,-0.150000,-0.447117,0.771623,0.499892,-0.500000,8.000,2.000,0,0
501,2505,right_shoulder_pitch,0.578712,-0.503353,0.571656,-0.500000,0.571656,0.000000,0.000000,-0.866111,3.141593,-0.007056,0,-0.578712,Cruise,traj_vel,-0.056448,1.352117,-0.150000,-0.333662,0.868455,0.362560,-0.500000,8.000,2.000,0,0
502,2510,right_shoulder_pitch,0.571425,-0.455383,0.569156,-0.500000,0.569156,0.000000,0.000000,-0.866111,3.141593,-0.002269,0,-0.571425,Cruise,traj_vel,-0.018151,1.337000,-0.150000,-0.272555,0.914445,1.170080,-0.500000,8.000,2.000,0,0
503,2515,right_shoulder_pitch,0.561454,-0.622995,0.566656,-0.500000,0.561454,0.000000,0.000000,-0.866111,3.141593,0.000000,0,-0.561454,Cruise,traj_vel,0.000000,1.316201,0.000000,-0.142919,1.173282,0.954008,-0.500000,8.000,2.000,0,0
504,2520,right_shoulder_pitch,0.554168,-0.455565,0.564156,-0.500000,0.554168,0.000000,0.000000,-0.866111,3.141593,0.000000,0,-0.554168,Cruise,traj_vel,0.000000,1.300918,-0.150000,-0.129407,1.021512,0.611590,-0.500000,8.000,2.000,0,0
505,2525,right_shoulder_pitch,0.546881,-0.455430,0.561656,-0.500000,0.546881,0.000000,0.000000,-0.866111,3.141593,0.000000,0,-0.546881,Cruise,traj_vel,0.000000,1.285565,-0.150000,-0.119340,1.016225,0.871607,-0.500000,8.000,2.000,0,0
506,2530,right_shoulder_pitch,0.540745,-0.383522,0.559156,-0.500000,0.540745,0.000000,0.000000,-0.866111,3.141593,0.000000,0,-0.540745,Cruise,traj_vel,0.000000,1.272585,-0.150000,-0.147744,0.974841,1.144445,-0.500000,8.000,2.000,0,0
507,2535,right_shoulder_pitch,0.533842,-0.431254,0.556656,-0.500000,0.533842,0.000000,0.000000,-0.866111,3.141593,0.000000,0,-0.533842,Cruise,traj_vel,0.000000,1.257924,-0.150000,-0.145181,0.962743,1.369672,-0.500000,8.000,2.000,0,0
508,2540,right_shoulder_pitch,0.527322,-0.407423,0.554156,-0.500000,0.527322,0.000000,0.000000,-0.866111,3.141593,0.000000,0,-0.527322,Cruise,traj_vel,0.000000,1.244022,-0.150000,-0.155174,0.938847,1.051058,-0.500000,8.000,2.000,0,0
509,2545,right_shoulder_pitch,0.522720,-0.287832,0.551656,-0.500000,0.522720,0.000000,0.000000,-0.866111,3.141593,0.000000,0,-0.522720,Cruise,traj_vel,0.000000,1.234177,-0.150000,-0.222465,0.861713,0.737936,-0.500000,8.000,2.000,0,0
510,2550,right_shoulder_pitch,0.518118,-0.287573,0.549156,-0.500000,0.549156,0.000000,0.000000,-0.866111,3.141593,0.031038,0,-0.518118,Cruise,traj_vel,0.248308,1.224307,-0.150000,-0.273062,0.801245,0.763575,-0.500000,8.000,2.000,0,0
511,2555,right_shoulder_pitch,0.513899,-0.263603,0.546656,-0.500000,0.546656,0.000000,0.000000,-0.866111,3.141593,0.032757,0,-0.513899,Cruise,traj_vel,0.262055,1.215236,-0.150000,-0.322995,0.742241,0.739768,-0.500000,8.000,2.000,0,0
512,2560,right_shoulder_pitch,0.510448,-0.215679,0.544156,-0.500000,0.544156,0.000000,0.000000,-0.866111,3.141593,0.033708,0,-0.510448,Cruise,traj_vel,0.269667,1.207799,-0.150000,-0.384407,0.673392,0.774561,-0.500000,8.000,2.000,0,0
513,2565,right_shoulder_pitch,0.508530,-0.119896,0.541656,-0.500000,0.541656,0.000000,0.000000,-0.866111,3.141593,0.033126,0,-0.508530,Cruise,traj_vel,0.265007,1.203661,-0.150000,-0.478357,0.575304,0.880766,-0.500000,8.000,2.000,0,0
514,2570,right_shoulder_pitch,0.507380,-0.071911,0.539156,-0.500000,0.539156,0.000000,0.000000,-0.866111,3.141593,0.031776,0,-0.507380,Cruise,traj_vel,0.254211,1.201176,-0.150000,-0.572812,0.478364,0.836817,-0.500000,8.000,2.000,0,0
515,2575,right_shoulder_pitch,0.507380,0.000000,0.536656,-0.500000,0.507380,0.000000,0.000000,-0.866111,3.141593,0.000000,0,-0.507380,Cruise,traj_vel,0.000000,1.201176,-0.150000,-0.679609,0.371567,0.778223,0.000000,8.000,2.000,0,0
516,2580,right_shoulder_pitch,0.507763,0.023965,0.534156,-0.500000,0.507763,0.000000,0.000000,-0.866111,3.141593,0.000000,0,-0.507763,Cruise,traj_vel,0.000000,1.202004,-0.150000,-0.771689,0.280315,0.695822,-0.500000,8.000,2.000,0,0
517,2585,right_shoulder_pitch,0.507763,0.000000,0.531656,-0.500000,0.507763,0.000000,0.000000,-0.866111,3.141593,0.000000,0,-0.507763,Cruise,traj_vel,0.000000,1.202004,-0.150000,-0.828767,0.223237,0.477920,0.000000,8.000,2.000,0,0
518,2590,right_shoulder_pitch,0.507380,-0.023977,0.529156,-0.500000,0.507380,0.000000,0.000000,-0.866111,3.141593,0.000000,0,-0.507380,Cruise,traj_vel,0.000000,1.201176,-0.150000,-0.859587,0.191589,0.320445,-0.500000,8.000,2.000,0,0
519,2595,right_shoulder_pitch,0.507380,0.000000,0.526656,-0.500000,0.507380,0.000000,0.000000,-0.866111,3.141593,0.000000,0,-0.507380,Cruise,traj_vel,0.000000,1.201176,-0.150000,-0.894690,0.156486,0.349742,0.000000,8.000,2.000,0,0
520,2600,right_shoulder_pitch,0.506229,-0.071913,0.524156,-0.500000,0.506229,0.000000,0.000000,-0.866111,3.141593,0.000000,0,-0.506229,Cruise,traj_vel,0.000000,1.198689,-0.150000,-0.885061,0.163628,0.422988,-0.500000,8.000,2.000,0,0
521,2605,right_shoulder_pitch,0.504695,-0.076650,0.521656,-0.500000,0.504695,0.000000,0.000000,-0.866111,3.141593,0.000000,0,-0.504695,Cruise,traj_vel,0.000000,1.195371,-0.150000,-0.875471,0.169900,0.454116,-0.500000,8.000,2.000,0,0
522,2610,right_shoulder_pitch,0.501243,-0.215895,0.519156,-0.500000,0.501243,0.000000,0.000000,-0.866111,3.141593,0.000000,0,-0.501243,Cruise,traj_vel,0.000000,1.187894,-0.150000,-0.798655,0.239238,0.529193,-0.500000,8.000,2.000,0,0
523,2615,right_shoulder_pitch,0.497408,-0.239655,0.516656,-0.500000,0.497408,0.000000,0.000000,-0.866111,3.141593,0.000000,0,-0.497408,Cruise,traj_vel,0.000000,1.179571,-0.150000,-0.729164,0.300407,0.518203,-0.500000,8.000,2.000,0,0
524,2620,right_shoulder_pitch,0.492423,-0.311704,0.514156,-0.500000,0.492423,0.000000,0.000000,-0.866111,3.141593,0.000000,0,-0.492423,Cruise,traj_vel,0.000000,1.168725,-0.150000,-0.641021,0.377704,0.525527,-0.500000,8.000,2.000,0,0
525,2625,right_shoulder_pitch,0.486287,-0.383405,0.511656,-0.500000,0.486287,0.000000,0.000000,-0.866111,3.141593,0.000000,0,-0.486287,Cruise,traj_vel,0.000000,1.155337,-0.150000,-0.539063,0.466273,0.278327,-0.500000,8.000,2.000,0,0
526,2630,right_shoulder_pitch,0.480151,-0.383570,0.509156,-0.500000,0.480151,0.000000,0.000000,-0.866111,3.141593,0.000000,0,-0.480151,Cruise,traj_vel,0.000000,1.141905,-0.150000,-0.462512,0.529392,0.122684,-0.500000,8.000,2.000,0,0
527,2635,right_shoulder_pitch,0.474014,-0.383467,0.506656,-0.500000,0.506656,0.000000,0.000000,-0.866111,3.141593,0.032642,0,-0.474014,Cruise,traj_vel,0.261135,1.128428,-0.150000,-0.405151,0.573277,0.538348,-0.500000,8.000,2.000,0,0
528,2640,right_shoulder_pitch,0.466728,-0.455344,0.504156,-0.500000,0.504156,0.000000,0.000000,-0.866111,3.141593,0.037428,0,-0.466728,Cruise,traj_vel,0.299426,1.112371,-0.150000,-0.326191,0.636180,0.994291,-0.500000,8.000,2.000,0,0
529,2645,right_shoulder_pitch,0.459825,-0.431607,0.501656,-0.500000,0.501656,0.000000,0.000000,-0.866111,3.141593,0.041831,0,-0.459825,Cruise,traj_vel,0.334650,1.097105,-0.150000,-0.278840,0.668265,0.937529,-0.500000,8.000,2.000,0,0
530,2650,right_shoulder_pitch,0.454456,-0.335515,0.499156,-0.500000,0.499156,0.000000,0.000000,-0.866111,3.141593,0.044700,0,-0.454456,Cruise,traj_vel,0.357601,1.085196,-0.150000,-0.291373,0.643823,0.842310,-0.500000,8.000,2.000,0,0
531,2655,right_shoulder_pitch,0.448319,-0.383554,0.496656,-0.500000,0.496656,0.000000,0.000000,-0.866111,3.141593,0.048337,0,-0.448319,Cruise,traj_vel,0.386695,1.071544,-0.150000,-0.276753,0.644792,0.758078,-0.500000,8.000,2.000,0,0
532,2660,right_shoulder_pitch,0.443334,-0.311473,0.494156,-0.500000,0.493334,0.000000,0.000000,-0.866111,3.141593,0.050000,1,-0.443334,Cruise,traj_vel,0.400000,1.060425,-0.150000,-0.301828,0.608597,0.585955,-0.500000,8.000,2.000,0,0
533,2665,right_shoulder_pitch,0.440649,-0.167799,0.491656,-0.500000,0.490649,0.000000,0.000000,-0.866111,3.141593,0.050000,1,-0.440649,Cruise,traj_vel,0.400000,1.054426,-0.150000,-0.392471,0.511954,0.681174,-0.500000,8.000,2.000,0,0
534,2670,right_shoulder_pitch,0.439115,-0.095907,0.489156,-0.500000,0.489115,0.000000,0.000000,-0.866111,3.141593,0.050000,1,-0.439115,Cruise,traj_vel,0.400000,1.050995,-0.150000,-0.496400,0.404595,0.840479,-0.500000,8.000,2.000,0,0
535,2675,right_shoulder_pitch,0.439115,0.000000,0.486656,-0.500000,0.486656,0.000000,0.000000,-0.866111,3.141593,0.047541,0,-0.439115,Cruise,traj_vel,0.380326,1.050995,-0.150000,-0.622300,0.278695,0.717795,0.000000,8.000,2.000,0,0
536,2680,right_shoulder_pitch,0.440266,0.071905,0.484156,-0.500000,0.484156,0.000000,0.000000,-0.866111,3.141593,0.043890,0,-0.440266,Cruise,traj_vel,0.351122,1.053568,-0.150000,-0.752678,0.150891,0.538348,-0.500000,8.000,2.000,0,0
537,2685,right_shoulder_pitch,0.442950,0.167755,0.481656,-0.500000,0.481656,0.000000,0.000000,-0.866111,3.141593,0.038706,0,-0.442950,Cruise,traj_vel,0.309646,1.059568,-0.150000,-0.898386,0.011182,0.542010,-0.500000,8.000,2.000,0,0
538,2690,right_shoulder_pitch,0.444868,0.119820,0.479156,-0.500000,0.479156,0.000000,0.000000,-0.866111,3.141593,0.034288,0,-0.444868,Cruise,traj_vel,0.274306,1.063849,-0.150000,-0.983700,-0.069851,0.624408,-0.500000,8.000,2.000,0,0
539,2695,right_shoulder_pitch,0.446018,0.071935,0.476656,-0.500000,0.476656,0.000000,0.000000,-0.866111,3.141593,0.030638,0,-0.446018,Cruise,traj_vel,0.245103,1.066415,-0.150000,-1.023742,-0.107327,0.501723,-0.500000,8.000,2.000,0,0
540,2700,right_shoulder_pitch,0.446402,0.023966,0.474156,-0.500000,0.446402,0.000000,0.000000,-0.866111,3.141593,0.000000,0,-0.446402,Cruise,traj_vel,0.000000,1.067271,-0.150000,-1.029790,-0.112519,0.384532,-0.500000,8.000,2.000,0,0
541,2705,right_shoulder_pitch,0.446018,-0.023969,0.471656,-0.500000,0.446018,0.000000,0.000000,-0.866111,3.141593,0.000000,0,-0.446018,Cruise,traj_vel,0.000000,1.066415,-0.150000,-1.010358,-0.093942,0.307628,-0.500000,8.000,2.000,0,0
542,2710,right_shoulder_pitch,0.444868,-0.071887,0.469156,-0.500000,0.444868,0.000000,0.000000,-0.866111,3.141593,0.000000,0,-0.444868,Cruise,traj_vel,0.000000,1.063849,-0.150000,-0.971825,-0.057976,0.071415,-0.500000,8.000,2.000,0,0
543,2715,right_shoulder_pitch,0.442950,-0.119833,0.466656,-0.500000,0.442950,0.000000,0.000000,-0.866111,3.141593,0.000000,0,-0.442950,Cruise,traj_vel,0.000000,1.059568,-0.150000,-0.918952,-0.009384,-0.029297,-0.500000,8.000,2.000,0,0
544,2720,right_shoulder_pitch,0.441416,-0.095912,0.464156,-0.500000,0.441416,0.000000,0.000000,-0.866111,3.141593,0.000000,0,-0.441416,Cruise,traj_vel,0.000000,1.056141,-0.150000,-0.891258,0.014883,0.014648,-0.500000,8.000,2.000,0,0
545,2725,right_shoulder_pitch,0.440266,-0.071899,0.461656,-0.500000,0.440266,0.000000,0.000000,-0.866111,3.141593,0.000000,0,-0.440266,Cruise,traj_vel,0.000000,1.053568,-0.150000,-0.882494,0.021074,0.036621,-0.500000,8.000,2.000,0,0
546,2730,right_shoulder_pitch,0.438732,-0.095875,0.459156,-0.500000,0.438732,0.000000,0.000000,-0.866111,3.141593,0.000000,0,-0.438732,Cruise,traj_vel,0.000000,1.050137,-0.150000,-0.863933,0.036204,0.003662,-0.500000,8.000,2.000,0,0
547,2735,right_shoulder_pitch,0.437965,-0.047929,0.456656,-0.500000,0.437965,0.000000,0.000000,-0.866111,3.141593,0.000000,0,-0.437965,Cruise,traj_vel,0.000000,1.048420,-0.150000,-0.873985,0.024435,0.093387,-0.500000,8.000,2.000,0,0
548,2740,right_shoulder_pitch,0.436815,-0.071893,0.454156,-0.500000,0.436815,0.000000,0.000000,-0.866111,3.141593,0.000000,0,-0.436815,Cruise,traj_vel,0.000000,1.045843,-0.150000,-0.869542,0.026301,0.195930,-0.500000,8.000,2.000,0,0
549,2745,right_shoulder_pitch,0.435281,-0.095915,0.451656,-0.500000,0.435281,0.000000,0.000000,-0.866111,3.141593,0.000000,0,-0.435281,Cruise,traj_vel,0.000000,1.042406,-0.150000,-0.854199,0.038207,0.271003,-0.500000,8.000,2.000,0,0
550,2750,right_shoulder_pitch,0.433363,-0.119829,0.449156,-0.500000,0.433363,0.000000,0.000000,-0.866111,3.141593,0.000000,0,-0.433363,Cruise,traj_vel,0.000000,1.038106,-0.150000,-0.830735,0.057371,0.355235,-0.500000,8.000,2.000,0,0
551,2755,right_shoulder_pitch,0.428760,-0.287671,0.446656,-0.500000,0.428760,0.000000,0.000000,-0.866111,3.141593,0.000000,0,-0.428760,Cruise,traj_vel,0.000000,1.027768,-0.150000,-0.729216,0.148553,0.552996,-0.500000,8.000,2.000,0,0
552,2760,right_shoulder_pitch,0.423775,-0.310992,0.444156,-0.500000,0.423775,0.000000,0.000000,-0.866111,3.141593,0.000000,0,-0.423775,Cruise,traj_vel,0.000000,1.016547,-0.150000,-0.641416,0.225131,0.364391,-0.500000,8.000,2.000,0,0
553,2765,right_shoulder_pitch,0.418406,-0.335458,0.441656,-0.500000,0.418406,0.000000,0.000000,-0.866111,3.141593,0.000000,0,-0.418406,Cruise,traj_vel,0.000000,1.004433,-0.150000,-0.563333,0.291101,0.188606,-0.500000,8.000,2.000,0,0
554,2770,right_shoulder_pitch,0.410736,-0.479125,0.439156,-0.500000,0.410736,0.000000,0.000000,-0.866111,3.141593,0.000000,0,-0.410736,Cruise,traj_vel,0.000000,0.987079,-0.150000,-0.432937,0.404142,-0.000000,-0.500000,8.000,2.000,0,0
555,2775,right_shoulder_pitch,0.403832,-0.431920,0.436656,-0.500000,0.436656,0.000000,0.000000,-0.866111,3.141593,0.032824,0,-0.403832,Cruise,traj_vel,0.262590,0.971408,-0.150000,-0.358743,0.462665,0.151981,-0.500000,8.000,2.000,0,0
556,2780,right_shoulder_pitch,0.397697,-0.384158,0.434156,-0.500000,0.434156,0.000000,0.000000,-0.866111,3.141593,0.036460,0,-0.397697,Cruise,traj_vel,0.291677,0.957441,-0.150000,-0.326978,0.480464,0.858790,-0.500000,8.000,2.000,0,0
557,2785,right_shoulder_pitch,0.389643,-0.503207,0.431656,-0.500000,0.431656,0.000000,0.000000,-0.866111,3.141593,0.042013,0,-0.389643,Cruise,traj_vel,0.336105,0.939055,-0.150000,-0.243630,0.545425,0.994291,-0.500000,8.000,2.000,0,0
558,2790,right_shoulder_pitch,0.383507,-0.383505,0.429156,-0.500000,0.429156,0.000000,0.000000,-0.866111,3.141593,0.045649,0,-0.383507,Cruise,traj_vel,0.365192,0.925006,-0.150000,-0.240970,0.534036,0.490737,-0.500000,8.000,2.000,0,0
559,2795,right_shoulder_pitch,0.378521,-0.311638,0.426656,-0.500000,0.426656,0.000000,0.000000,-0.866111,3.141593,0.048135,0,-0.378521,Cruise,traj_vel,0.385082,0.913563,-0.150000,-0.274908,0.488655,0.644553,-0.500000,8.000,2.000,0,0
560,2800,right_shoulder_pitch,0.372769,-0.359608,0.424156,-0.500000,0.422769,0.000000,0.000000,-0.866111,3.141593,0.050000,1,-0.372769,Cruise,traj_vel,0.400000,0.900334,-0.150000,-0.276378,0.473957,0.545672,-0.500000,8.000,2.000,0,0
561,2805,right_shoulder_pitch,0.369317,-0.215722,0.421656,-0.500000,0.419317,0.000000,0.000000,-0.866111,3.141593,0.050000,1,-0.369317,Cruise,traj_vel,0.400000,0.892383,-0.150000,-0.349422,0.392960,0.690329,-0.500000,8.000,2.000,0,0
562,2810,right_shoulder_pitch,0.367400,-0.119831,0.419156,-0.500000,0.417400,0.000000,0.000000,-0.866111,3.141593,0.050000,1,-0.367400,Cruise,traj_vel,0.400000,0.887960,-0.150000,-0.452151,0.285809,0.805689,-0.500000,8.000,2.000,0,0
563,2815,right_shoulder_pitch,0.366249,-0.071889,0.416656,-0.500000,0.416249,0.000000,0.000000,-0.866111,3.141593,0.050000,1,-0.366249,Cruise,traj_vel,0.400000,0.885305,-0.150000,-0.553169,0.182137,0.717795,-0.500000,8.000,2.000,0,0
564,2820,right_shoulder_pitch,0.365866,-0.023976,0.414156,-0.500000,0.414156,0.000000,0.000000,-0.866111,3.141593,0.048291,0,-0.365866,Cruise,traj_vel,0.386324,0.884420,-0.150000,-0.652888,0.081532,0.628070,-0.500000,8.000,2.000,0,0
565,2825,right_shoulder_pitch,0.366249,0.023963,0.411656,-0.500000,0.411656,0.000000,0.000000,-0.866111,3.141593,0.045407,0,-0.366249,Cruise,traj_vel,0.363257,0.885305,-0.150000,-0.751648,-0.016342,0.510879,-0.500000,8.000,2.000,0,0
566,2830,right_shoulder_pitch,0.366633,0.023969,0.409156,-0.500000,0.409156,0.000000,0.000000,-0.866111,3.141593,0.042524,0,-0.366633,Cruise,traj_vel,0.340189,0.886191,-0.150000,-0.825721,-0.089530,0.496230,-0.500000,8.000,2.000,0,0
567,2835,right_shoulder_pitch,0.366633,0.000000,0.406656,-0.500000,0.406656,0.000000,0.000000,-0.866111,3.141593,0.040024,0,-0.366633,Cruise,traj_vel,0.320189,0.886191,-0.150000,-0.869290,-0.133100,0.441298,0.000000,8.000,2.000,0,0
568,2840,right_shoulder_pitch,0.366249,-0.023966,0.404156,-0.500000,0.404156,0.000000,0.000000,-0.866111,3.141593,0.037907,0,-0.366249,Cruise,traj_vel,0.303257,0.885305,-0.150000,-0.889985,-0.154680,0.296642,-0.500000,8.000,2.000,0,0
569,2845,right_shoulder_pitch,0.365866,-0.023972,0.401656,-0.500000,0.401656,0.000000,0.000000,-0.866111,3.141593,0.035791,0,-0.365866,Cruise,traj_vel,0.286324,0.884420,-0.150000,-0.905503,-0.171082,0.302135,-0.500000,8.000,2.000,0,0
570,2850,right_shoulder_pitch,0.365099,-0.047944,0.399156,-0.500000,0.399156,0.000000,0.000000,-0.866111,3.141593,0.034058,0,-0.365099,Cruise,traj_vel,0.272460,0.882649,-0.150000,-0.905155,-0.172505,0.307628,-0.500000,8.000,2.000,0,0
571,2855,right_shoulder_pitch,0.364332,-0.047937,0.396656,-0.500000,0.396656,0.000000,0.000000,-0.866111,3.141593,0.032325,0,-0.364332,Cruise,traj_vel,0.258596,0.880878,-0.150000,-0.904897,-0.174019,0.228889,-0.500000,8.000,2.000,0,0
572,2860,right_shoulder_pitch,0.363565,-0.047919,0.394156,-0.500000,0.394156,0.000000,0.000000,-0.866111,3.141593,0.030592,0,-0.363565,Cruise,traj_vel,0.244732,0.879106,-0.150000,-0.904714,-0.175608,0.267341,-0.500000,8.000,2.000,0,0
573,2865,right_shoulder_pitch,0.362031,-0.095888,0.391656,-0.500000,0.362031,0.000000,0.000000,-0.866111,3.141593,0.000000,0,-0.362031,Cruise,traj_vel,0.000000,0.875561,-0.150000,-0.880591,-0.155031,0.289314,-0.500000,8.000,2.000,0,0
574,2870,right_shoulder_pitch,0.360113,-0.119878,0.389156,-0.500000,0.360113,0.000000,0.000000,-0.866111,3.141593,0.000000,0,-0.360113,Cruise,traj_vel,0.000000,0.871126,-0.150000,-0.850505,-0.129378,0.373546,-0.500000,8.000,2.000,0,0
575,2875,right_shoulder_pitch,0.356278,-0.239578,0.386656,-0.500000,0.386656,0.000000,0.000000,-0.866111,3.141593,0.030378,0,-0.356278,Cruise,traj_vel,0.243024,0.862247,-0.150000,-0.768089,-0.055842,0.298473,-0.500000,8.000,2.000,0,0
576,2880,right_shoulder_pitch,0.350525,-0.359686,0.384156,-0.500000,0.384156,0.000000,0.000000,-0.866111,3.141593,0.033631,0,-0.350525,Cruise,traj_vel,0.269049,0.848904,-0.150000,-0.646224,0.052680,-0.023804,-0.500000,8.000,2.000,0,0
577,2885,right_shoulder_pitch,0.345923,-0.287672,0.381656,-0.500000,0.381656,0.000000,0.000000,-0.866111,3.141593,0.035733,0,-0.345923,Cruise,traj_vel,0.285864,0.838210,-0.150000,-0.590832,0.097378,-0.119026,-0.500000,8.000,2.000,0,0
578,2890,right_shoulder_pitch,0.340554,-0.335407,0.379156,-0.500000,0.379156,0.000000,0.000000,-0.866111,3.141593,0.038602,0,-0.340554,Cruise,traj_vel,0.308816,0.825712,-0.150000,-0.525420,0.150291,0.108036,-0.500000,8.000,2.000,0,0
579,2895,right_shoulder_pitch,0.334035,-0.407647,0.376656,-0.500000,0.376656,0.000000,0.000000,-0.866111,3.141593,0.042621,0,-0.334035,Cruise,traj_vel,0.340971,0.810503,-0.150000,-0.440242,0.220261,0.488906,-0.500000,8.000,2.000,0,0
580,2900,right_shoulder_pitch,0.328282,-0.359405,0.374156,-0.500000,0.374156,0.000000,0.000000,-0.866111,3.141593,0.045875,0,-0.328282,Cruise,traj_vel,0.366997,0.797053,-0.150000,-0.400479,0.246575,0.661032,-0.500000,8.000,2.000,0,0
581,2905,right_shoulder_pitch,0.322913,-0.335620,0.371656,-0.500000,0.371656,0.000000,0.000000,-0.866111,3.141593,0.048744,0,-0.322913,Cruise,traj_vel,0.389948,0.784478,-0.150000,-0.382549,0.251929,0.824000,-0.500000,8.000,2.000,0,0
582,2910,right_shoulder_pitch,0.317927,-0.311642,0.369156,-0.500000,0.367927,0.000000,0.000000,-0.866111,3.141593,0.050000,1,-0.317927,Cruise,traj_vel,0.400000,0.772781,-0.150000,-0.381090,0.241690,0.699484,-0.500000,8.000,2.000,0,0
583,2915,right_shoulder_pitch,0.313325,-0.287568,0.366656,-0.500000,0.363325,0.000000,0.000000,-0.866111,3.141593,0.050000,1,-0.313325,Cruise,traj_vel,0.400000,0.761966,-0.150000,-0.392034,0.219932,0.574969,-0.500000,8.000,2.000,0,0
584,2920,right_shoulder_pitch,0.308723,-0.287697,0.364156,-0.500000,0.358723,0.000000,0.000000,-0.866111,3.141593,0.050000,1,-0.308723,Cruise,traj_vel,0.400000,0.751135,-0.150000,-0.400177,0.200959,0.446792,-0.500000,8.000,2.000,0,0
585,2925,right_shoulder_pitch,0.304888,-0.239623,0.361656,-0.500000,0.354888,0.000000,0.000000,-0.866111,3.141593,0.050000,1,-0.304888,Cruise,traj_vel,0.400000,0.742096,-0.150000,-0.430321,0.161775,0.206916,-0.500000,8.000,2.000,0,0
586,2930,right_shoulder_pitch,0.302587,-0.143834,0.359156,-0.500000,0.352587,0.000000,0.000000,-0.866111,3.141593,0.050000,1,-0.302587,Cruise,traj_vel,0.400000,0.736668,-0.150000,-0.500824,0.085844,0.368053,-0.500000,8.000,2.000,0,0
587,2935,right_shoulder_pitch,0.301053,-0.095891,0.356656,-0.500000,0.351053,0.000000,0.000000,-0.866111,3.141593,0.050000,1,-0.301053,Cruise,traj_vel,0.400000,0.733047,-0.150000,-0.577672,0.005375,0.454116,-0.500000,8.000,2.000,0,0
588,2940,right_shoulder_pitch,0.300669,-0.023962,0.354156,-0.500000,0.350669,0.000000,0.000000,-0.866111,3.141593,0.050000,1,-0.300669,Cruise,traj_vel,0.400000,0.732142,-0.150000,-0.671273,-0.089131,0.351573,-0.500000,8.000,2.000,0,0
589,2945,right_shoulder_pitch,0.301436,0.047952,0.351656,-0.500000,0.351436,0.000000,0.000000,-0.866111,3.141593,0.050000,1,-0.301436,Cruise,traj_vel,0.400000,0.733953,-0.150000,-0.777431,-0.193478,0.305797,-0.500000,8.000,2.000,0,0
590,2950,right_shoulder_pitch,0.302970,0.095791,0.349156,-0.500000,0.349156,0.000000,0.000000,-0.866111,3.141593,0.046186,0,-0.302970,Cruise,traj_vel,0.369488,0.737573,-0.150000,-0.880969,-0.293396,0.137333,-0.500000,8.000,2.000,0,0
591,2955,right_shoulder_pitch,0.304504,0.095917,0.346656,-0.500000,0.346656,0.000000,0.000000,-0.866111,3.141593,0.042152,0,-0.304504,Cruise,traj_vel,0.337216,0.741192,-0.150000,-0.958685,-0.367493,0.278327,-0.500000,8.000,2.000,0,0
592,2960,right_shoulder_pitch,0.305271,0.047957,0.344156,-0.500000,0.344156,0.000000,0.000000,-0.866111,3.141593,0.038885,0,-0.305271,Cruise,traj_vel,0.311080,0.743000,-0.150000,-0.992992,-0.399992,0.206916,-0.500000,8.000,2.000,0,0
593,2965,right_shoulder_pitch,0.305655,0.023961,0.341656,-0.500000,0.341656,0.000000,0.000000,-0.866111,3.141593,0.036002,0,-0.305655,Cruise,traj_vel,0.288012,0.743904,-0.150000,-1.006725,-0.412820,0.027466,-0.500000,8.000,2.000,0,0
594,2970,right_shoulder_pitch,0.306038,0.023976,0.339156,-0.500000,0.339156,0.000000,0.000000,-0.866111,3.141593,0.033118,0,-0.306038,Cruise,traj_vel,0.264944,0.744808,-0.150000,-1.017031,-0.422223,-0.023804,-0.500000,8.000,2.000,0,0
595,2975,right_shoulder_pitch,0.305655,-0.023960,0.336656,-0.500000,0.336656,0.000000,0.000000,-0.866111,3.141593,0.031002,0,-0.305655,Cruise,traj_vel,0.248012,0.743904,-0.150000,-1.000793,-0.406889,-0.020142,-0.500000,8.000,2.000,0,0
596,2980,right_shoulder_pitch,0.305271,-0.023970,0.334156,-0.500000,0.305271,0.000000,0.000000,-0.866111,3.141593,0.000000,0,-0.305271,Cruise,traj_vel,0.000000,0.743000,-0.150000,-0.988610,-0.395610,-0.098877,-0.500000,8.000,2.000,0,0
597,2985,right_shoulder_pitch,0.304504,-0.047948,0.331656,-0.500000,0.304504,0.000000,0.000000,-0.866111,3.141593,0.000000,0,-0.304504,Cruise,traj_vel,0.000000,0.741192,-0.150000,-0.967484,-0.376292,-0.130012,-0.500000,8.000,2.000,0,0
598,2990,right_shoulder_pitch,0.304121,-0.023962,0.329156,-0.500000,0.304121,0.000000,0.000000,-0.866111,3.141593,0.000000,0,-0.304121,Cruise,traj_vel,0.000000,0.740287,-0.150000,-0.963632,-0.373345,-0.238044,-0.500000,8.000,2.000,0,0
599,2995,right_shoulder_pitch,0.303354,-0.047955,0.326656,-0.500000,0.303354,0.000000,0.000000,-0.866111,3.141593,0.000000,0,-0.303354,Cruise,traj_vel,0.000000,0.738478,-0.150000,-0.948746,-0.360269,-0.357070,-0.500000,8.000,2.000,0,0
600,3000,right_shoulder_pitch,0.303354,0.000000,0.324156,-0.500000,0.303354,0.000000,0.000000,-0.866111,3.141593,0.000000,0,-0.303354,Cruise,traj_vel,0.000000,0.738478,-0.150000,-0.961560,-0.373082,-0.351577,0.000000,8.000,2.000,0,0
601,3005,right_shoulder_pitch,0.302970,-0.023973,0.321656,-0.500000,0.302970,0.000000,0.000000,-0.866111,3.141593,0.000000,0,-0.302970,Cruise,traj_vel,0.000000,0.737573,-0.150000,-0.959183,-0.371610,-0.322273,-0.500000,8.000,2.000,0,0
602,3010,right_shoulder_pitch,0.302203,-0.047946,0.319156,-0.500000,0.302203,0.000000,0.000000,-0.866111,3.141593,0.000000,0,-0.302203,Cruise,traj_vel,0.000000,0.735763,-0.150000,-0.945414,-0.359652,-0.375381,-0.500000,8.000,2.000,0,0
603,3015,right_shoulder_pitch,0.301820,-0.023962,0.316656,-0.500000,0.301820,0.000000,0.000000,-0.866111,3.141593,0.000000,0,-0.301820,Cruise,traj_vel,0.000000,0.734858,-0.150000,-0.947080,-0.362222,-0.347908,-0.500000,8.000,2.000,0,0
604,3020,right_shoulder_pitch,0.301053,-0.047952,0.314156,-0.500000,0.301053,0.000000,0.000000,-0.866111,3.141593,0.000000,0,-0.301053,Cruise,traj_vel,0.000000,0.733047,-0.150000,-0.936334,-0.353287,-0.247200,-0.500000,8.000,2.000,0,0
605,3025,right_shoulder_pitch,0.299519,-0.095861,0.311656,-0.500000,0.299519,0.000000,0.000000,-0.866111,3.141593,0.000000,0,-0.299519,Cruise,traj_vel,0.000000,0.729425,-0.150000,-0.904320,-0.324895,-0.239875,-0.500000,8.000,2.000,0,0
606,3030,right_shoulder_pitch,0.297985,-0.095866,0.309156,-0.500000,0.297985,0.000000,0.000000,-0.866111,3.141593,0.000000,0,-0.297985,Cruise,traj_vel,0.000000,0.725801,-0.150000,-0.880307,-0.304506,-0.201423,-0.500000,8.000,2.000,0,0
607,3035,right_shoulder_pitch,0.295684,-0.143836,0.306656,-0.500000,0.295684,0.000000,0.000000,-0.866111,3.141593,0.000000,0,-0.295684,Cruise,traj_vel,0.000000,0.720361,-0.150000,-0.838312,-0.267951,0.009155,-0.500000,8.000,2.000,0,0
608,3040,right_shoulder_pitch,0.292232,-0.215639,0.304156,-0.500000,0.292232,0.000000,0.000000,-0.866111,3.141593,0.000000,0,-0.292232,Cruise,traj_vel,0.000000,0.712195,-0.150000,-0.770914,-0.208720,0.140995,-0.500000,8.000,2.000,0,0
609,3045,right_shoulder_pitch,0.287630,-0.287722,0.301656,-0.500000,0.287630,0.000000,0.000000,-0.866111,3.141593,0.000000,0,-0.287630,Cruise,traj_vel,0.000000,0.701293,-0.150000,-0.684325,-0.133032,0.227058,-0.500000,8.000,2.000,0,0
610,3050,right_shoulder_pitch,0.282261,-0.335410,0.299156,-0.500000,0.282261,0.000000,0.000000,-0.866111,3.141593,0.000000,0,-0.282261,Cruise,traj_vel,0.000000,0.688555,-0.150000,-0.595539,-0.056983,-0.014648,-0.500000,8.000,2.000,0,0
611,3055,right_shoulder_pitch,0.275741,-0.407588,0.296656,-0.500000,0.275741,0.000000,0.000000,-0.866111,3.141593,0.000000,0,-0.275741,Cruise,traj_vel,0.000000,0.673060,-0.150000,-0.492860,0.030200,-0.212409,-0.500000,8.000,2.000,0,0
612,3060,right_shoulder_pitch,0.268455,-0.455488,0.294156,-0.500000,0.268455,0.000000,0.000000,-0.866111,3.141593,0.000000,0,-0.268455,Cruise,traj_vel,0.000000,0.655710,-0.150000,-0.391901,0.113809,-0.340583,-0.500000,8.000,2.000,0,0
613,3065,right_shoulder_pitch,0.262319,-0.383385,0.291656,-0.500000,0.262319,0.000000,0.000000,-0.866111,3.141593,0.000000,0,-0.262319,Cruise,traj_vel,0.000000,0.641072,-0.150000,-0.352233,0.138839,0.177619,-0.500000,8.000,2.000,0,0
614,3070,right_shoulder_pitch,0.253881,-0.527556,0.289156,-0.500000,0.289156,0.000000,0.000000,-0.866111,3.141593,0.035275,0,-0.253881,Cruise,traj_vel,0.282199,0.620904,0.000000,-0.250397,0.370507,0.769068,-0.500000,8.000,2.000,0,0
615,3075,right_shoulder_pitch,0.246211,-0.478597,0.286656,-0.500000,0.286656,0.000000,0.000000,-0.866111,3.141593,0.040445,0,-0.246211,Cruise,traj_vel,0.323558,0.602533,-0.150000,-0.198500,0.254034,0.073246,-0.500000,8.000,2.000,0,0
616,3080,right_shoulder_pitch,0.240459,-0.359114,0.284156,-0.500000,0.284156,0.000000,0.000000,-0.866111,3.141593,0.043697,0,-0.240459,Cruise,traj_vel,0.349578,0.588731,-0.150000,-0.219318,0.219414,0.406505,-0.500000,8.000,2.000,0,0
617,3085,right_shoulder_pitch,0.233556,-0.287869,0.281656,-0.500000,0.281656,0.000000,0.000000,-0.866111,3.141593,0.048100,0,-0.233556,Cruise,traj_vel,0.384801,0.572144,-0.150000,-0.270554,0.151590,0.221565,-0.500000,8.000,2.000,0,0
618,3090,right_shoulder_pitch,0.227036,-0.326078,0.279156,-0.500000,0.277036,0.000000,0.000000,-0.866111,3.141593,0.050000,1,-0.227036,Cruise,traj_vel,0.400000,0.556451,-0.150000,-0.289876,0.116574,0.606097,-0.500000,8.000,2.000,0,0
619,3095,right_shoulder_pitch,0.222817,-0.263971,0.276656,-0.500000,0.272817,0.000000,0.000000,-0.866111,3.141593,0.050000,1,-0.222817,Cruise,traj_vel,0.400000,0.546285,-0.150000,-0.335422,0.060863,0.719626,-0.500000,8.000,2.000,0,0
620,3100,right_shoulder_pitch,0.220133,-0.111857,0.274156,-0.500000,0.270133,0.000000,0.000000,-0.866111,3.141593,0.050000,1,-0.220133,Cruise,traj_vel,0.400000,0.539811,-0.150000,-0.445638,-0.055827,0.618914,-0.500000,8.000,2.000,0,0
621,3105,right_shoulder_pitch,0.216682,-0.172516,0.271656,-0.500000,0.266682,0.000000,0.000000,-0.866111,3.141593,0.050000,1,-0.216682,Cruise,traj_vel,0.400000,0.531481,-0.150000,-0.497970,-0.116489,0.567645,-0.500000,8.000,2.000,0,0
622,3110,right_shoulder_pitch,0.213230,-0.215764,0.269156,-0.500000,0.263230,0.000000,0.000000,-0.866111,3.141593,0.050000,1,-0.213230,Cruise,traj_vel,0.400000,0.523145,-0.150000,-0.515596,-0.142451,0.415664,-0.500000,8.000,2.000,0,0
623,3115,right_shoulder_pitch,0.210162,-0.191789,0.266656,-0.500000,0.260162,0.000000,0.000000,-0.866111,3.141593,0.050000,1,-0.210162,Cruise,traj_vel,0.400000,0.515730,-0.150000,-0.540803,-0.175073,0.369884,-0.500000,8.000,2.000,0,0
624,3120,right_shoulder_pitch,0.207477,-0.167767,0.264156,-0.500000,0.257477,0.000000,0.000000,-0.866111,3.141593,0.050000,1,-0.207477,Cruise,traj_vel,0.400000,0.509236,-0.150000,-0.571718,-0.212482,0.038452,-0.500000,8.000,2.000,0,0
625,3125,right_shoulder_pitch,0.204792,-0.167834,0.261656,-0.500000,0.254792,0.000000,0.000000,-0.866111,3.141593,0.050000,1,-0.204792,Cruise,traj_vel,0.400000,0.502740,-0.150000,-0.594872,-0.242132,0.087894,-0.500000,8.000,2.000,0,0
626,3130,right_shoulder_pitch,0.202491,-0.143732,0.259156,-0.500000,0.252491,0.000000,0.000000,-0.866111,3.141593,0.050000,1,-0.202491,Cruise,traj_vel,0.400000,0.497169,-0.150000,-0.624288,-0.277118,-0.016479,-0.500000,8.000,2.000,0,0
627,3135,right_shoulder_pitch,0.200957,-0.095907,0.256656,-0.500000,0.250957,0.000000,0.000000,-0.866111,3.141593,0.050000,1,-0.200957,Cruise,traj_vel,0.400000,0.493454,-0.150000,-0.670262,-0.326808,-0.091553,-0.500000,8.000,2.000,0,0
628,3140,right_shoulder_pitch,0.200574,-0.023973,0.254156,-0.500000,0.250574,0.000000,0.000000,-0.866111,3.141593,0.050000,1,-0.200574,Cruise,traj_vel,0.400000,0.492525,-0.150000,-0.740710,-0.398185,0.075077,-0.500000,8.000,2.000,0,0
629,3145,right_shoulder_pitch,0.199807,-0.047916,0.251656,-0.500000,0.249807,0.000000,0.000000,-0.866111,3.141593,0.050000,1,-0.199807,Cruise,traj_vel,0.400000,0.490667,-0.150000,-0.781575,-0.440908,0.007324,-0.500000,8.000,2.000,0,0
630,3150,right_shoulder_pitch,0.200190,0.023979,0.249156,-0.500000,0.249156,0.000000,0.000000,-0.866111,3.141593,0.048966,0,-0.200190,Cruise,traj_vel,0.391726,0.491596,-0.150000,-0.848170,-0.506574,0.001831,-0.500000,8.000,2.000,0,0
631,3155,right_shoulder_pitch,0.200190,0.000000,0.246656,-0.500000,0.246656,0.000000,0.000000,-0.866111,3.141593,0.046466,0,-0.200190,Cruise,traj_vel,0.371726,0.491596,-0.150000,-0.886128,-0.544532,-0.062256,0.000000,8.000,2.000,0,0
632,3160,right_shoulder_pitch,0.200190,0.000000,0.244156,-0.500000,0.244156,0.000000,0.000000,-0.866111,3.141593,0.043966,0,-0.200190,Cruise,traj_vel,0.351726,0.491596,-0.150000,-0.914596,-0.573000,-0.051270,0.000000,8.000,2.000,0,0
633,3165,right_shoulder_pitch,0.200190,0.000000,0.241656,-0.500000,0.241656,0.000000,0.000000,-0.866111,3.141593,0.041466,0,-0.200190,Cruise,traj_vel,0.331726,0.491596,-0.150000,-0.935947,-0.594351,-0.104370,0.000000,8.000,2.000,0,0
634,3170,right_shoulder_pitch,0.200190,0.000000,0.239156,-0.500000,0.239156,0.000000,0.000000,-0.866111,3.141593,0.038966,0,-0.200190,Cruise,traj_vel,0.311726,0.491596,-0.150000,-0.951960,-0.610364,-0.188606,0.000000,8.000,2.000,0,0
635,3175,right_shoulder_pitch,0.199807,-0.023974,0.236656,-0.500000,0.236656,0.000000,0.000000,-0.866111,3.141593,0.036849,0,-0.199807,Cruise,traj_vel,0.294794,0.490667,-0.150000,-0.951983,-0.611316,-0.190437,-0.500000,8.000,2.000,0,0
636,3180,right_shoulder_pitch,0.199040,-0.047920,0.234156,-0.500000,0.234156,0.000000,0.000000,-0.866111,3.141593,0.035116,0,-0.199040,Cruise,traj_vel,0.280930,0.488808,-0.150000,-0.940028,-0.601219,-0.175788,-0.500000,8.000,2.000,0,0
637,3185,right_shoulder_pitch,0.198273,-0.047948,0.231656,-0.500000,0.231656,0.000000,0.000000,-0.866111,3.141593,0.033383,0,-0.198273,Cruise,traj_vel,0.267066,0.486949,-0.150000,-0.931047,-0.594097,-0.298469,-0.500000,8.000,2.000,0,0
638,3190,right_shoulder_pitch,0.197890,-0.023972,0.229156,-0.500000,0.229156,0.000000,0.000000,-0.866111,3.141593,0.031267,0,-0.197890,Cruise,traj_vel,0.250134,0.486020,-0.150000,-0.936299,-0.600279,-0.325935,-0.500000,8.000,2.000,0,0
639,3195,right_shoulder_pitch,0.197506,-0.023963,0.226656,-0.500000,0.197506,0.000000,0.000000,-0.866111,3.141593,0.000000,0,-0.197506,Cruise,traj_vel,0.000000,0.485090,-0.150000,-0.940243,-0.605153,-0.320442,-0.500000,8.000,2.000,0,0
640,3200,right_shoulder_pitch,0.196739,-0.047948,0.224156,-0.500000,0.196739,0.000000,0.000000,-0.866111,3.141593,0.000000,0,-0.196739,Cruise,traj_vel,0.000000,0.483231,-0.150000,-0.931208,-0.597977,-0.314949,-0.500000,8.000,2.000,0,0
641,3205,right_shoulder_pitch,0.195972,-0.047922,0.221656,-0.500000,0.195972,0.000000,0.000000,-0.866111,3.141593,0.000000,0,-0.195972,Cruise,traj_vel,0.000000,0.481371,-0.150000,-0.924445,-0.593074,-0.476089,-0.500000,8.000,2.000,0,0
642,3210,right_shoulder_pitch,0.194822,-0.071919,0.219156,-0.500000,0.194822,0.000000,0.000000,-0.866111,3.141593,0.000000,0,-0.194822,Cruise,traj_vel,0.000000,0.478581,-0.150000,-0.907374,-0.578793,-0.457778,-0.500000,8.000,2.000,0,0
643,3215,right_shoulder_pitch,0.194055,-0.047944,0.216656,-0.500000,0.194055,0.000000,0.000000,-0.866111,3.141593,0.000000,0,-0.194055,Cruise,traj_vel,0.000000,0.476721,-0.150000,-0.906559,-0.579838,-0.547500,-0.500000,8.000,2.000,0,0
644,3220,right_shoulder_pitch,0.192904,-0.071887,0.214156,-0.500000,0.192904,0.000000,0.000000,-0.866111,3.141593,0.000000,0,-0.192904,Cruise,traj_vel,0.000000,0.473930,-0.150000,-0.893976,-0.570046,-0.432143,-0.500000,8.000,2.000,0,0
645,3225,right_shoulder_pitch,0.190220,-0.167817,0.211656,-0.500000,0.190220,0.000000,0.000000,-0.866111,3.141593,0.000000,0,-0.190220,Cruise,traj_vel,0.000000,0.467415,-0.150000,-0.836573,-0.519158,-0.342414,-0.500000,8.000,2.000,0,0
646,3230,right_shoulder_pitch,0.187535,-0.167688,0.209156,-0.500000,0.187535,0.000000,0.000000,-0.866111,3.141593,0.000000,0,-0.187535,Cruise,traj_vel,0.000000,0.460897,-0.150000,-0.793586,-0.482689,-0.271003,-0.500000,8.000,2.000,0,0
647,3235,right_shoulder_pitch,0.184084,-0.215840,0.206656,-0.500000,0.184084,0.000000,0.000000,-0.866111,3.141593,0.000000,0,-0.184084,Cruise,traj_vel,0.000000,0.452511,-0.150000,-0.737269,-0.434758,0.186775,-0.500000,8.000,2.000,0,0
648,3240,right_shoulder_pitch,0.177564,-0.407526,0.204156,-0.500000,0.177564,0.000000,0.000000,-0.866111,3.141593,0.000000,0,-0.177564,Cruise,traj_vel,0.000000,0.436655,-0.150000,-0.599189,-0.312534,-0.010986,-0.500000,8.000,2.000,0,0
649,3245,right_shoulder_pitch,0.169894,-0.479127,0.201656,-0.500000,0.201656,0.000000,0.000000,-0.866111,3.141593,0.031763,0,-0.169894,Cruise,traj_vel,0.254101,0.417980,-0.150000,-0.459828,-0.191848,-0.725119,-0.500000,8.000,2.000,0,0
650,3250,right_shoulder_pitch,0.164908,-0.311743,0.199156,-0.500000,0.199156,0.000000,0.000000,-0.866111,3.141593,0.034248,0,-0.164908,Cruise,traj_vel,0.273984,0.405828,-0.150000,-0.439000,-0.183172,-0.589621,-0.500000,8.000,2.000,0,0
651,3255,right_shoulder_pitch,0.160306,-0.287540,0.196656,-0.500000,0.196656,0.000000,0.000000,-0.866111,3.141593,0.036350,0,-0.160306,Cruise,traj_vel,0.290800,0.394601,-0.150000,-0.435480,-0.190879,-0.135505,-0.500000,8.000,2.000,0,0
652,3260,right_shoulder_pitch,0.154170,-0.383628,0.194156,-0.500000,0.194156,0.000000,0.000000,-0.866111,3.141593,0.039987,0,-0.154170,Cruise,traj_vel,0.319893,0.379618,-0.150000,-0.384796,-0.155178,0.620745,-0.500000,8.000,2.000,0,0
653,3265,right_shoulder_pitch,0.146500,-0.479406,0.191656,-0.500000,0.191656,0.000000,0.000000,-0.866111,3.141593,0.045157,0,-0.146500,Cruise,traj_vel,0.361252,0.360871,-0.150000,-0.298894,-0.088024,0.437636,-0.500000,8.000,2.000,0,0
654,3270,right_shoulder_pitch,0.140747,-0.359343,0.189156,-0.500000,0.189156,0.000000,0.000000,-0.866111,3.141593,0.048409,0,-0.140747,Cruise,traj_vel,0.387272,0.346796,-0.150000,-0.294499,-0.097703,0.073246,-0.500000,8.000,2.000,0,0
655,3275,right_shoulder_pitch,0.135762,-0.311715,0.186656,-0.500000,0.185762,0.000000,0.000000,-0.866111,3.141593,0.050000,1,-0.135762,Cruise,traj_vel,0.400000,0.334589,-0.150000,-0.315017,-0.130427,-0.216072,-0.500000,8.000,2.000,0,0
656,3280,right_shoulder_pitch,0.131159,-0.287562,0.184156,-0.500000,0.181159,0.000000,0.000000,-0.866111,3.141593,0.050000,1,-0.131159,Cruise,traj_vel,0.400000,0.323312,-0.150000,-0.342481,-0.169169,-0.045776,-0.500000,8.000,2.000,0,0
657,3285,right_shoulder_pitch,0.127708,-0.215694,0.181656,-0.500000,0.177708,0.000000,0.000000,-0.866111,3.141593,0.050000,1,-0.127708,Cruise,traj_vel,0.400000,0.314851,-0.150000,-0.399014,-0.234163,0.102543,-0.500000,8.000,2.000,0,0
658,3290,right_shoulder_pitch,0.125023,-0.167866,0.179156,-0.500000,0.175023,0.000000,0.000000,-0.866111,3.141593,0.050000,1,-0.125023,Cruise,traj_vel,0.400000,0.308268,-0.150000,-0.465328,-0.307060,0.217903,-0.500000,8.000,2.000,0,0
659,3295,right_shoulder_pitch,0.123873,-0.071878,0.176656,-0.500000,0.173873,0.000000,0.000000,-0.866111,3.141593,0.050000,1,-0.123873,Cruise,traj_vel,0.400000,0.305446,-0.150000,-0.563057,-0.407611,0.016479,-0.500000,8.000,2.000,0,0
660,3300,right_shoulder_pitch,0.124256,0.023978,0.174156,-0.500000,0.174156,0.000000,0.000000,-0.866111,3.141593,0.049900,0,-0.124256,Cruise,traj_vel,0.399200,0.306386,-0.150000,-0.684282,-0.527895,0.038452,-0.500000,8.000,2.000,0,0
661,3305,right_shoulder_pitch,0.124640,0.023956,0.171656,-0.500000,0.171656,0.000000,0.000000,-0.866111,3.141593,0.047017,0,-0.124640,Cruise,traj_vel,0.376132,0.307327,-0.150000,-0.775189,-0.617862,-0.078735,-0.500000,8.000,2.000,0,0
662,3310,right_shoulder_pitch,0.125407,0.047947,0.169156,-0.500000,0.169156,0.000000,0.000000,-0.866111,3.141593,0.043750,0,-0.125407,Cruise,traj_vel,0.349996,0.309208,-0.150000,-0.855366,-0.696157,-0.159309,-0.500000,8.000,2.000,0,0
663,3315,right_shoulder_pitch,0.125790,0.023976,0.166656,-0.500000,0.166656,0.000000,0.000000,-0.866111,3.141593,0.040866,0,-0.125790,Cruise,traj_vel,0.326928,0.310149,-0.150000,-0.903512,-0.743363,-0.223396,-0.500000,8.000,2.000,0,0
664,3320,right_shoulder_pitch,0.126174,0.023961,0.164156,-0.500000,0.164156,0.000000,0.000000,-0.866111,3.141593,0.037983,0,-0.126174,Cruise,traj_vel,0.303860,0.311090,-0.150000,-0.939615,-0.778525,-0.256355,-0.500000,8.000,2.000,0,0
665,3325,right_shoulder_pitch,0.126174,0.000000,0.161656,-0.500000,0.161656,0.000000,0.000000,-0.866111,3.141593,0.035483,0,-0.126174,Cruise,traj_vel,0.283860,0.311090,-0.150000,-0.954711,-0.793621,-0.395522,0.000000,8.000,2.000,0,0
666,3330,right_shoulder_pitch,0.125790,-0.023969,0.159156,-0.500000,0.159156,0.000000,0.000000,-0.866111,3.141593,0.033366,0,-0.125790,Cruise,traj_vel,0.266928,0.310149,-0.150000,-0.954048,-0.793899,-0.391860,-0.500000,8.000,2.000,0,0
667,3335,right_shoulder_pitch,0.125407,-0.023972,0.156656,-0.500000,0.156656,0.000000,0.000000,-0.866111,3.141593,0.031250,0,-0.125407,Cruise,traj_vel,0.249996,0.309208,-0.150000,-0.953550,-0.794342,-0.410171,-0.500000,8.000,2.000,0,0
668,3340,right_shoulder_pitch,0.125023,-0.023972,0.154156,-0.500000,0.125023,0.000000,0.000000,-0.866111,3.141593,0.000000,0,-0.125023,Cruise,traj_vel,0.000000,0.308268,-0.150000,-0.953176,-0.794909,-0.452285,-0.500000,8.000,2.000,0,0
669,3345,right_shoulder_pitch,0.124256,-0.047923,0.151656,-0.500000,0.124256,0.000000,0.000000,-0.866111,3.141593,0.000000,0,-0.124256,Cruise,traj_vel,0.000000,0.306386,-0.150000,-0.940921,-0.784535,-0.488906,-0.500000,8.000,2.000,0,0
670,3350,right_shoulder_pitch,0.123489,-0.047951,0.149156,-0.500000,0.123489,0.000000,0.000000,-0.866111,3.141593,0.000000,0,-0.123489,Cruise,traj_vel,0.000000,0.304505,-0.150000,-0.931715,-0.777210,-0.582290,-0.500000,8.000,2.000,0,0
671,3355,right_shoulder_pitch,0.121955,-0.095829,0.146656,-0.500000,0.121955,0.000000,0.000000,-0.866111,3.141593,0.000000,0,-0.121955,Cruise,traj_vel,0.000000,0.300741,-0.150000,-0.900872,-0.750131,-0.534682,-0.500000,8.000,2.000,0,0
672,3360,right_shoulder_pitch,0.118887,-0.191777,0.144156,-0.500000,0.118887,0.000000,0.000000,-0.866111,3.141593,0.000000,0,-0.118887,Cruise,traj_vel,0.000000,0.293212,-0.150000,-0.829765,-0.686554,-0.314949,-0.500000,8.000,2.000,0,0
673,3365,right_shoulder_pitch,0.114285,-0.287714,0.141656,-0.500000,0.114285,0.000000,0.000000,-0.866111,3.141593,0.000000,0,-0.114285,Cruise,traj_vel,0.000000,0.281912,-0.150000,-0.728467,-0.596555,-0.126350,-0.500000,8.000,2.000,0,0
674,3370,right_shoulder_pitch,0.109299,-0.311536,0.139156,-0.500000,0.109299,0.000000,0.000000,-0.866111,3.141593,0.000000,0,-0.109299,Cruise,traj_vel,0.000000,0.269663,-0.150000,-0.640582,-0.520920,-0.540175,-0.500000,8.000,2.000,0,0
675,3375,right_shoulder_pitch,0.103547,-0.359636,0.136656,-0.500000,0.136656,0.000000,0.000000,-0.866111,3.141593,0.033110,0,-0.103547,Cruise,traj_vel,0.264876,0.255523,-0.150000,-0.550619,-0.445096,-0.556655,-0.500000,8.000,2.000,0,0
676,3380,right_shoulder_pitch,0.096260,-0.454010,0.134156,-0.500000,0.134156,0.000000,0.000000,-0.866111,3.141593,0.037896,0,-0.096260,Cruise,traj_vel,0.303167,0.237600,-0.150000,-0.435959,-0.348359,-0.715964,-0.500000,8.000,2.000,0,0
