(1790979286.285814) can0 1200FD01#0A70000000000000
(1790979286.285980) can0 020001FD#7FFF803C7FFF00F0
(1790979286.286120) can0 017FFF01#7FFF7FFF00000000
(1790979286.286277) can0 020001FD#7FFF7FB77FFF00F0
(1790979286.286418) can0 0400FD01#0000000000000000
(1790979286.286575) can0 020001FD#800080F37FFF00F0
(1790979286.286714) can0 1200FD02#0A70000000000000
(1790979286.286900) can0 020002FD#7FFF7F1A7FFF00F0
(1790979286.287036) can0 017FFF02#7FFF7FFF00000000
(1790979286.287205) can0 020002FD#7FFF7F5F7FFF00F0
(1790979286.287339) can0 0400FD02#0000000000000000
(1790979286.287498) can0 020002FD#7FFF80807FFF00F0
(1790979286.287636) can0 1200FD03#0A70000000000000
(1790979286.287822) can0 020003FD#7FFF7FE57FFF00E6
(1790979286.287958) can0 017FFF03#7FFF7FFF00000000
(1790979286.288129) can0 020003FD#7FFF7FEC7FFF00E6
(1790979286.288266) can0 0400FD03#0000000000000000
(1790979286.288424) can0 020003FD#7FFF7FD17FFF00E6
(1790979286.288563) can0 1200FD04#0A70000000000000
(1790979286.288749) can0 020004FD#7FFF7FE37FFF00F0
(1790979286.288886) can0 017FFF04#7FFF7FFF00000000
(1790979286.289055) can0 020004FD#7FFF7FD07FFF00F0
(1790979286.289192) can0 0400FD04#0000000000000000
(1790979286.289349) can0 020004FD#7FFF80117FFF00F0
(1790979286.289487) can0 1200FD05#0A70000000000000
(1790979286.289666) can0 020005FD#7FED80007FFF00F0
(1790979286.289803) can0 017FFF05#7FFF7FFF00000000
(1790979286.289961) can0 020005FD#7FED80057FFF00F0
(1790979286.290102) can0 0400FD05#0000000000000000
(1790979286.290261) can0 020005FD#7FED80027FFF00F0
(1790979286.290398) can0 1800FD01#0102030405060000
(1790979286.290581) can0 020001FD#7FFF7FCE7FFF00F0
(1790979286.290715) can0 1800FD02#0102030405060000
(1790979286.290900) can0 020002FD#7FFF801B7FFF00F0
(1790979286.291033) can0 1800FD03#0102030405060000
(1790979286.291189) can0 020003FD#7FFF7F937FFF00E6
(1790979286.291329) can0 1800FD04#0102030405060000
(1790979286.291504) can0 020004FD#7FFF7FCA7FFF00F0
(1790979286.291637) can0 1800FD05#0102030405060000
(1790979286.291816) can0 020005FD#7FED80047FFF00F0
(1790979286.291950) can0 04008001#00C4000000000000
(1790979286.292128) can0 02000180#00C4560003012A07
(1790979286.293412) can0 00008101#0000000000000000
(1790979286.293574) can0 000001FE#457B30020C323817
(1790979286.294485) can0 11008201#0570000000000000
(1790979286.294645) can0 11000182#0570000000000000
(1790979286.295546) can0 11008301#1970000000000000
(1790979286.295722) can0 11000183#197000008E635F39
(1790979286.296606) can0 11008401#1B70000000000000
(1790979286.296777) can0 11000184#1B70000000000000
(1790979286.297666) can0 11008501#2870000000000000
(1790979286.297828) can0 11000185#2870000058020000
(1790979286.298722) can0 11008601#2970000000000000
(1790979286.298882) can0 11000186#2970000000000000
(1790979286.299781) can0 11008701#2B70000000000000
(1790979286.299939) can0 11000187#2B70000000000000
(1790979286.300841) can0 04008802#00C4000000000000
(1790979286.300997) can0 02000288#00C4560003012A07
(1790979286.301903) can0 00008902#0000000000000000
(1790979286.302056) can0 000002FE#785630020C343701
(1790979286.302957) can0 11008A02#0570000000000000
(1790979286.303116) can0 1100028A#0570000000000000
(1790979286.304015) can0 11008B02#1970000000000000
(1790979286.304191) can0 1100028B#19700000ABAAB2B8
(1790979286.305074) can0 11008C02#1B70000000000000
(1790979286.305251) can0 1100028C#1B70000000000000
(1790979286.306134) can0 11008D02#2870000000000000
(1790979286.306298) can0 1100028D#2870000058020000
(1790979286.307192) can0 11008E02#2970000000000000
(1790979286.307350) can0 1100028E#2970000000000000
(1790979286.308250) can0 11008F02#2B70000000000000
(1790979286.308410) can0 1100028F#2B70000000000000
(1790979286.309312) can0 04009003#00C4000000000000
(1790979286.309475) can0 02000390#00C4560002032207
(1790979286.310373) can0 00009103#0000000000000000
(1790979286.310524) can0 000003FE#9D6A3B859C023019
(1790979286.311427) can0 11009203#0570000000000000
(1790979286.311586) can0 11000392#0570000000000000
(1790979286.312491) can0 11009303#1970000000000000
(1790979286.312638) can0 11000393#19700000638C4F39
(1790979286.313548) can0 11009403#1B70000000000000
(1790979286.313721) can0 11000394#1B700000CEB199BD
(1790979286.314604) can0 11009503#2870000000000000
(1790979286.314774) can0 11000395#2870000058020000
(1790979286.315664) can0 11009603#2970000000000000
(1790979286.315826) can0 11000396#2970000000000000
(1790979286.316716) can0 11009703#2B70000000000000
(1790979286.316877) can0 11000397#2B70000000000000
(1790979286.317776) can0 04009804#00C4000000000000
(1790979286.317949) can0 02000498#00C4560002032207
(1790979286.318837) can0 00009904#0000000000000000
(1790979286.318995) can0 000004FE#8A063B8F2450B00D
(1790979286.319891) can0 11009A04#0570000000000000
(1790979286.320053) can0 1100049A#0570000000000000
(1790979286.320954) can0 11009B04#1970000000000000
(1790979286.321108) can0 1100049B#19700000DF7BCFB8
(1790979286.322010) can0 11009C04#1B70000000000000
(1790979286.322163) can0 1100049C#1B7000006E6B363D
(1790979286.323068) can0 11009D04#2870000000000000
(1790979286.323248) can0 1100049D#2870000058020000
(1790979286.324128) can0 11009E04#2970000000000000
(1790979286.324302) can0 1100049E#2970000000000000
(1790979286.325188) can0 11009F04#2B70000000000000
(1790979286.325353) can0 1100049F#2B70000000000000
(1790979286.326247) can0 0400A005#00C4000000000000
(1790979286.326414) can0 020005A0#00C4560000032007
(1790979286.327306) can0 0000A105#0000000000000000
(1790979286.327460) can0 000005FE#622C30020C343701
(1790979286.328362) can0 1100A205#0570000000000000
(1790979286.328523) can0 110005A2#0570000000000000
(1790979286.329423) can0 1100A305#1970000000000000
(1790979286.329577) can0 110005A3#1970000067E9DBBB
(1790979286.330480) can0 1100A405#1B70000000000000
(1790979286.330655) can0 110005A4#1B70000064394DBD
(1790979286.331539) can0 1100A505#2870000000000000
(1790979286.331713) can0 110005A5#2870000058020000
(1790979286.332600) can0 1100A605#2970000000000000
(1790979286.332765) can0 110005A6#2970000000000000
(1790979286.333659) can0 1100A705#2B70000000000000
(1790979286.333817) can0 110005A7#2B70000000000000
(1790979286.334739) can0 1200FD01#0A70000000000000
(1790979286.334895) can0 020001FD#7FFF800E7FFF00F0
(1790979286.335037) can0 017FFF01#7FFF7FFF00000000
(1790979286.335192) can0 020001FD#7FFF804D7FFF00F0
(1790979286.335332) can0 0400FD01#0000000000000000
(1790979286.335488) can0 020001FD#8000805B7FFF00F0
(1790979286.335627) can0 1200FD02#0A70000000000000
(1790979286.335803) can0 020002FD#7FFF81027FFF00F0
(1790979286.335939) can0 017FFF02#7FFF7FFF00000000
(1790979286.336097) can0 020002FD#7FFF7FE67FFF00F0
(1790979286.336238) can0 0400FD02#0000000000000000
(1790979286.336396) can0 020002FD#7FFF7F697FFF00F0
(1790979286.336536) can0 1200FD03#0A70000000000000
(1790979286.336691) can0 020003FD#7FFF80327FFF00E6
(1790979286.336832) can0 017FFF03#7FFF7FFF00000000
(1790979286.336987) can0 020003FD#7FFF80787FFF00E6
(1790979286.337129) can0 0400FD03#0000000000000000
(1790979286.337287) can0 020003FD#7FFF7FF07FFF00E6
(1790979286.337426) can0 1200FD04#0A70000000000000
(1790979286.337604) can0 020004FD#7FFF80497FFF00F0
(1790979286.337742) can0 017FFF04#7FFF7FFF00000000
(1790979286.337897) can0 020004FD#7FFF803E7FFF00F0
(1790979286.338042) can0 0400FD04#0000000000000000
(1790979286.338200) can0 020004FD#7FFF7FF17FFF00F0
(1790979286.338338) can0 1200FD05#0A70000000000000
(1790979286.338515) can0 020005FD#7FED7F767FFF00F0
(1790979286.338652) can0 017FFF05#7FFF7FFF00000000
(1790979286.338808) can0 020005FD#7FED7F9E7FFF00F0
(1790979286.338949) can0 0400FD05#0000000000000000
(1790979286.339117) can0 020005FD#7FED800B7FFF00F0
(1790979286.339248) can0 1200FD01#2870000058020000
(1790979286.339432) can0 020001FD#7FFF80117FFF00F0
(1790979286.339566) can0 1100B001#2870000000000000
(1790979286.339728) can0 110001B0#2870000058020000
(1790979286.340045) can0 1200FD02#2870000058020000
(1790979286.340200) can0 020002FD#7FFF80067FFF00F0
(1790979286.340339) can0 1100B102#2870000000000000
(1790979286.340501) can0 110002B1#2870000058020000
(1790979286.341108) can0 1200FD03#2870000058020000
(1790979286.341277) can0 020003FD#7FFF7F857FFF00E6
(1790979286.341410) can0 1100B203#2870000000000000
(1790979286.341575) can0 110003B2#2870000058020000
(1790979286.342171) can0 1200FD04#2870000058020000
(1790979286.342355) can0 020004FD#7FFF7FFC7FFF00F0
(1790979286.342488) can0 1100B304#2870000000000000
(1790979286.342650) can0 110004B3#2870000058020000
(1790979286.343234) can0 1200FD05#2870000058020000
(1790979286.343415) can0 020005FD#7FED7FE57FFF00F0
(1790979286.343548) can0 1100B405#2870000000000000
(1790979286.343713) can0 110005B4#2870000058020000
(1790979286.344298) can0 0600D001#0100000000000000
(1790979286.344482) can0 020001D0#7FFF7F7F7FFF00F0
(1790979286.345356) can0 1100E001#1970000000000000
(1790979286.345531) can0 110001E0#1970000000000000
(1790979286.346416) can0 0600D102#0100000000000000
(1790979286.346601) can0 020002D1#7FFF80A07FFF00F0
(1790979286.347474) can0 1100E102#1970000000000000
(1790979286.347644) can0 110002E1#197000008E635FB9
(1790979286.348535) can0 0600D203#0100000000000000
(1790979286.348694) can0 020003D2#7FFF80377FFF00E6
(1790979286.349599) can0 1100E203#1970000000000000
(1790979286.349773) can0 110003E2#19700000DF7B4F38
(1790979286.350658) can0 0600D304#0100000000000000
(1790979286.350819) can0 020004D3#7FFF80387FFF00F0
(1790979286.351714) can0 1100E304#1970000000000000
(1790979286.351868) can0 110004E3#19700000EFBD4F38
(1790979286.352777) can0 0600D405#0100000000000000
(1790979286.353133) can0 020005D4#7FFF7FE37FFF00F0
(1790979286.353833) can0 1100E405#1970000000000000
(1790979286.354009) can0 110005E4#19700000CDCC2038
(1790979286.354894) can0 1100C001#2870000000000000
(1790979286.355075) can0 110001C0#2870000058020000
(1790979286.355951) can0 1100C102#2870000000000000
(1790979286.356108) can0 110002C1#2870000058020000
(1790979286.357011) can0 1100C203#2870000000000000
(1790979286.357175) can0 110003C2#2870000058020000
(1790979286.358069) can0 1100C304#2870000000000000
(1790979286.358248) can0 110004C3#2870000058020000
(1790979286.359127) can0 1100C405#2870000000000000
(1790979286.359284) can0 110005C4#2870000058020000
(1790979286.360853) can0 1200FD01#0A70000000000000
(1790979286.361032) can0 020001FD#7FFF804C7FFF00F0
(1790979286.361168) can0 017FFF01#7FFF7FFF00000000
(1790979286.361327) can0 020001FD#7FFF800A7FFF00F0
(1790979286.361467) can0 0400FD01#0000000000000000
(1790979286.361626) can0 020001FD#7FFF7F657FFF00F0
(1790979286.361764) can0 1200FD02#0A70000000000000
(1790979286.361949) can0 020002FD#7FFF7F7D7FFF00F0
(1790979286.362086) can0 017FFF02#7FFF7FFF00000000
(1790979286.362253) can0 020002FD#7FFF800A7FFF00F0
(1790979286.362387) can0 0400FD02#0000000000000000
(1790979286.362546) can0 020002FD#7FFF802B7FFF00F0
(1790979286.362684) can0 1200FD03#0A70000000000000
(1790979286.362841) can0 020003FD#7FFF805A7FFF00E6
(1790979286.362982) can0 017FFF03#7FFF7FFF00000000
(1790979286.363139) can0 020003FD#7FFF7FF37FFF00E6
(1790979286.363281) can0 0400FD03#0000000000000000
(1790979286.363439) can0 020003FD#7FFF7FF07FFF00E6
(1790979286.363578) can0 1200FD04#0A70000000000000
(1790979286.363752) can0 020004FD#7FFF7FBB7FFF00F0
(1790979286.363890) can0 017FFF04#7FFF7FFF00000000
(1790979286.364048) can0 020004FD#7FFF7FC77FFF00F0
(1790979286.364193) can0 0400FD04#0000000000000000
(1790979286.364350) can0 020004FD#7FFF7FEE7FFF00F0
(1790979286.364494) can0 1200FD05#0A70000000000000
(1790979286.364668) can0 020005FD#7FFF7FD27FFF00F0
(1790979286.364805) can0 017FFF05#7FFF7FFF00000000
(1790979286.364961) can0 020005FD#7FFF802E7FFF00F0
(1790979286.365102) can0 0400FD05#0000000000000000
(1790979286.365266) can0 020005FD#7FFF801D7FFF00F0
(1790979286.375804) can0 11004001#1970000000000000
(1790979286.375973) can0 11000140#19700000E4B8B2B8
(1790979286.376884) can0 11004101#2870000000000000
(1790979286.377040) can0 11000141#2870000058020000
(1790979286.377939) can0 11004202#1970000000000000
(1790979286.378101) can0 11000242#1970000000000000
(1790979286.378998) can0 11004302#2870000000000000
(1790979286.379155) can0 11000243#2870000058020000
(1790979286.380057) can0 11004403#1970000000000000
(1790979286.380222) can0 11000344#19700000638C4FB9
(1790979286.381117) can0 11004503#2870000000000000
(1790979286.381273) can0 11000345#2870000058020000
(1790979286.382177) can0 11004604#1970000000000000
(1790979286.382351) can0 11000446#1970000000000000
(1790979286.383234) can0 11004704#2870000000000000
(1790979286.383399) can0 11000447#2870000058020000
(1790979286.384292) can0 11004805#1970000000000000
(1790979286.384459) can0 11000548#197000009AD9A038
(1790979286.385352) can0 11004905#2870000000000000
(1790979286.385512) can0 11000549#2870000058020000
(1790979286.386694) can0 0300FD01#0000000000000000
(1790979286.386953) can0 1200FD01#0570000000000000
(1790979286.387212) can0 0300FD02#0000000000000000
(1790979286.387468) can0 1200FD02#0570000000000000
(1790979286.387728) can0 0300FD03#0000000000000000
(1790979286.387986) can0 1200FD03#0570000000000000
(1790979286.388135) can0 028001FD#7FFF802D7FF600F0
(1790979286.388276) can0 0300FD04#0000000000000000
(1790979286.388425) can0 028001FD#7FFF80287FF500F0
(1790979286.388566) can0 1200FD04#0570000000000000
(1790979286.388714) can0 028002FD#7FFF7F06801200F0
(1790979286.388855) can0 0300FD05#0000000000000000
(1790979286.389003) can0 028002FD#7FFF7F48801200F0
(1790979286.389142) can0 1200FD05#0570000000000000
(1790979286.389288) can0 028003FD#7FFF80857FDE00E6
(1790979286.389430) can0 017FFF01#7FFF7FFF00000000
(1790979286.389578) can0 028003FD#7FFF80627FD500E6
(1790979286.389719) can0 017FFF02#7FFF7FFF00000000
(1790979286.389867) can0 028001FD#7FFF7F497FDD00F0
(1790979286.390008) can0 017FFF03#7FFF7FFF00000000
(1790979286.390156) can0 028002FD#7FFF802F804300F0
(1790979286.390299) can0 017FFF04#7FFF7FFF00000000
(1790979286.390448) can0 028003FD#7FFF7FF57FCB00E6
(1790979286.390591) can0 017FFF05#7FFF7FFF00000000
(1790979286.390740) can0 028004FD#7FFF8020801B00F0
(1790979286.390888) can0 028004FD#7FFF8004802D00F0
(1790979286.391022) can0 11006001#1970000000000000
(1790979286.391170) can0 028005FD#7FFF8032808D00F0
(1790979286.391311) can0 017FFF01#7FFF7FFF00000000
(1790979286.391461) can0 028005FD#7FFF804E80D800F0
(1790979286.391602) can0 017FFF02#7FFF7FFF00000000
(1790979286.391750) can0 02800160#7FFF7F377FF700F0
(1790979286.391892) can0 017FFF03#7FFF7FFF00000000
(1790979286.392039) can0 028002FD#7FFF8093803100F0
(1790979286.392182) can0 017FFF04#7FFF7FFF00000000
(1790979286.392329) can0 028003FD#7FFF80397FCF00E6
(1790979286.392474) can0 017FFF05#7FFF7FFF00000000
(1790979286.392623) can0 028004FD#7FFF8027801F00F0
(1790979286.392764) can0 017FFF01#7FFF7FFF00000000
(1790979286.392912) can0 028005FD#7FFF7FBD80F600F0
(1790979286.393053) can0 017FFF02#7FFF7FFF00000000
(1790979286.393203) can0 02800160#7FFF7F9C7FFA00F0
(1790979286.393344) can0 017FFF03#7FFF7FFF00000000
(1790979286.393492) can0 028002FD#7FFF7FF3803700F0
(1790979286.393634) can0 017FFF04#7FFF7FFF00000000
(1790979286.393782) can0 028003FD#7FFF80487FD600E6
(1790979286.393925) can0 017FFF05#7FFF7FFF00000000
(1790979286.394082) can0 028004FD#7FFF8022801E00F0
(1790979286.394217) can0 028004FD#7FFF7FD4802900F0
(1790979286.394364) can0 028005FD#7FFF7FB1810E00F0
(1790979286.394507) can0 028005FD#7FFF805280E800F0
(1790979286.394644) can0 11000160#197000001D0706B9
(1790979286.395328) can0 11006101#2870000000000000
(1790979286.395486) can0 11000161#2870000058020000
(1790979286.395627) can0 017FFF01#7FFF7FFF00000000
(1790979286.395795) can0 02800161#7FFF7FF8800200F0
(1790979286.395930) can0 017FFF02#7FFF7FFF00000000
(1790979286.396118) can0 028002FD#7FFF805B801E00F0
(1790979286.396255) can0 017FFF03#7FFF7FFF00000000
(1790979286.396486) can0 028003FD#7FFF802E7FCD00E6
(1790979286.396623) can0 017FFF04#7FFF7FFF00000000
(1790979286.396864) can0 028004FD#7FFF7FAF804F00F0
(1790979286.397001) can0 017FFF05#7FFF7FFF00000000
(1790979286.397223) can0 028005FD#7FFF7FD380E000F0
(1790979286.397356) can0 11006202#1970000000000000
(1790979286.397505) can0 11000262#19700000ABAA3238
(1790979286.397646) can0 017FFF01#7FFF7FFF00000000
(1790979286.397842) can0 02800161#7FFF807A7FF200F0
(1790979286.397979) can0 017FFF02#7FFF7FFF00000000
(1790979286.398165) can0 02800262#7FFE7F1A801A00F0
(1790979286.398301) can0 017FFF03#7FFF7FFF00000000
(1790979286.398538) can0 028003FD#7FFF7FCA7FF000E6
(1790979286.398675) can0 017FFF04#7FFF7FFF00000000
(1790979286.398913) can0 028004FD#7FFF80377FF200F0
(1790979286.399050) can0 017FFF05#7FFF7FFF00000000
(1790979286.399274) can0 028005FD#7FFF7FF980AB00F0
(1790979286.399408) can0 11006302#2870000000000000
(1790979286.399560) can0 11000263#2870000058020000
(1790979286.399702) can0 017FFF01#7FFF7FFF00000000
(1790979286.399893) can0 02800161#7FFF80957FF500F0
(1790979286.400029) can0 017FFF02#7FFF7FFF00000000
(1790979286.400215) can0 02800263#7FFF8002801B00F0
(1790979286.400351) can0 017FFF03#7FFF7FFF00000000
(1790979286.400587) can0 028003FD#7FFF80277FDE00E6
(1790979286.400724) can0 017FFF04#7FFF7FFF00000000
(1790979286.400963) can0 028004FD#7FFF8044803800F0
(1790979286.401101) can0 017FFF05#7FFF7FFF00000000
(1790979286.401320) can0 028005FD#7FFE7FCB807600F0
(1790979286.401454) can0 11006403#1970000000000000
(1790979286.401640) can0 11000364#19700000DF7BCF38
(1790979286.401777) can0 017FFF01#7FFF7FFF00000000
(1790979286.401945) can0 02800161#7FFF8044800600F0
(1790979286.402080) can0 017FFF02#7FFF7FFF00000000
(1790979286.402264) can0 02800263#7FFE7FC1800800F0
(1790979286.402400) can0 017FFF03#7FFF7FFF00000000
(1790979286.402637) can0 02800364#7FFF806B7FF600E6
(1790979286.402775) can0 017FFF04#7FFF7FFF00000000
(1790979286.403016) can0 028004FD#7FFF8020804100F0
(1790979286.403153) can0 017FFF05#7FFF7FFF00000000
(1790979286.403374) can0 028005FD#7FFE7FA9809D00F0
(1790979286.403506) can0 11006503#2870000000000000
(1790979286.403692) can0 11000365#2870000058020000
(1790979286.403828) can0 017FFF01#7FFF7FFF00000000
(1790979286.403996) can0 02800161#7FFF80C4800200F0
(1790979286.404131) can0 017FFF02#7FFF7FFF00000000
(1790979286.404317) can0 02800263#7FFF8081801400F0
(1790979286.404453) can0 017FFF03#7FFF7FFF00000000
(1790979286.404688) can0 02800365#7FFF7FDE7FFE00E6
(1790979286.404825) can0 017FFF04#7FFF7FFF00000000
(1790979286.405063) can0 028004FD#7FFF7FCF800100F0
(1790979286.405201) can0 017FFF05#7FFF7FFF00000000
(1790979286.405424) can0 028005FD#7FFE7FC9808200F0
(1790979286.405558) can0 11006604#1970000000000000
(1790979286.405710) can0 11000466#19700000DF7B4FB8
(1790979286.405851) can0 017FFF01#7FFF7FFF00000000
(1790979286.406044) can0 02800161#7FFF7F7D7FEE00F0
(1790979286.406180) can0 017FFF02#7FFF7FFF00000000
(1790979286.406366) can0 02800263#7FFF7F9D7FFF00F0
(1790979286.406502) can0 017FFF03#7FFF7FFF00000000
(1790979286.406736) can0 02800365#7FFF7FBF7FD900E6
(1790979286.406874) can0 017FFF04#7FFF7FFF00000000
(1790979286.407112) can0 02800466#7FFF803D7FF100F0
(1790979286.407249) can0 017FFF05#7FFF7FFF00000000
(1790979286.407475) can0 028005FD#7FFD7FDF809400F0
(1790979286.407609) can0 11006704#2870000000000000
(1790979286.407763) can0 11000467#2870000058020000
(1790979286.407904) can0 017FFF01#7FFF7FFF00000000
(1790979286.408095) can0 02800161#7FFF7FE1800A00F0
(1790979286.408231) can0 017FFF02#7FFF7FFF00000000
(1790979286.408415) can0 02800263#7FFF7FD8801900F0
(1790979286.408552) can0 017FFF03#7FFF7FFF00000000
(1790979286.408788) can0 02800365#7FFF7F857FFF00E6
(1790979286.408925) can0 017FFF04#7FFF7FFF00000000
(1790979286.409162) can0 02800467#7FFF80367FDB00F0
(1790979286.409299) can0 017FFF05#7FFF7FFF00000000
(1790979286.409524) can0 028005FD#7FFD7FA280BC00F0
(1790979286.409656) can0 11006805#1970000000000000
(1790979286.409827) can0 11000568#19700000CDB082BA
(1790979286.409963) can0 017FFF01#7FFF7FFF00000000
(1790979286.410145) can0 02800161#7FFF8022800400F0
(1790979286.410282) can0 017FFF02#7FFF7FFF00000000
(1790979286.410463) can0 02800263#7FFF8029802F00F0
(1790979286.410600) can0 017FFF03#7FFF7FFF00000000
(1790979286.410840) can0 02800365#7FFF7FCF800C00E6
(1790979286.410977) can0 017FFF04#7FFF7FFF00000000
(1790979286.411211) can0 02800467#7FFF7FCA801900F0
(1790979286.411348) can0 017FFF05#7FFF7FFF00000000
(1790979286.411573) can0 02800568#7FFD7FB6809800F0
(1790979286.411706) can0 11006905#2870000000000000
(1790979286.411879) can0 11000569#2870000058020000
(1790979286.412016) can0 017FFF01#7FFF7FFF00000000
(1790979286.412195) can0 02800161#7FFF800F800700F0
(1790979286.412332) can0 017FFF02#7FFF7FFF00000000
(1790979286.412516) can0 02800263#7FFF811E800800F0
(1790979286.412652) can0 017FFF03#7FFF7FFF00000000
(1790979286.412887) can0 02800365#7FFF800E7FFA00E6
(1790979286.413024) can0 017FFF04#7FFF7FFF00000000
(1790979286.413265) can0 02800467#7FFF801F7FFE00F0
(1790979286.413402) can0 017FFF05#7FFF7FFF00000000
(1790979286.413621) can0 02800569#7FFC7FBB806D00F0
(1790979286.413757) can0 017FFF01#7FFF7FFF00000000
(1790979286.413944) can0 02800161#7FFF7FF67FFB00F0
(1790979286.414080) can0 017FFF02#7FFF7FFF00000000
(1790979286.414264) can0 02800263#7FFE7F75801600F0
(1790979286.414401) can0 017FFF03#7FFF7FFF00000000
(1790979286.414639) can0 02800365#7FFF7FEA7FFB00E6
(1790979286.414776) can0 017FFF04#7FFF7FFF00000000
(1790979286.415011) can0 02800467#7FFF804D802500F0
(1790979286.415143) can0 017FFF05#7FFF7FFF0F5C3333
(1790979286.415372) can0 02800569#7FFC7F9F80A800F0
(1790979286.418237) can0 017FFF01#7FFF7FFF00000000
(1790979286.418391) can0 02800161#7FFF7F707FF600F0
(1790979286.418532) can0 017FFF02#7FFF7FFF00000000
(1790979286.418715) can0 02800263#7FFF802B7FF500F0
(1790979286.418852) can0 017FFF03#7FFF7FFF00000000
(1790979286.419086) can0 02800365#7FFF801C7FF700E6
(1790979286.419224) can0 017FFF04#7FFF7FFF00000000
(1790979286.419462) can0 02800467#7FFF7FED7FEA00F0
(1790979286.419593) can0 017FFF05#7FFE7FFF0F5C3333
(1790979286.419782) can0 02800569#7FFB7FEA80DD00F0
(1790979286.423233) can0 017FFF01#7FFF7FFF00000000
(1790979286.423391) can0 02800161#7FFF7F5F7FEC00F0
(1790979286.423532) can0 017FFF02#7FFF7FFF00000000
(1790979286.423716) can0 02800263#7FFF7FEF7FFF00F0
(1790979286.423853) can0 017FFF03#7FFF7FFF00000000
(1790979286.424086) can0 02800365#7FFF7F86800600E6
(1790979286.424224) can0 017FFF04#7FFF7FFF00000000
(1790979286.424463) can0 02800467#7FFF7FCC800500F0
(1790979286.424589) can0 017FFF05#7FFE7FFF0F5C3333
(1790979286.424784) can0 02800569#7FF9800F80EC00F0
(1790979286.428232) can0 017FFF01#7FFF7FFF00000000
(1790979286.428390) can0 02800161#7FFF7F69800800F0
(1790979286.428532) can0 017FFF02#7FFF7FFF00000000
(1790979286.428714) can0 02800263#7FFE7F45800E00F0
(1790979286.428850) can0 017FFF03#7FFF7FFF00000000
(1790979286.429087) can0 02800365#7FFF80087FF800E6
(1790979286.429225) can0 017FFF04#7FFF7FFF00000000
(1790979286.429463) can0 02800467#7FFF7FC37FE100F0
(1790979286.429594) can0 017FFF05#7FFD7FFF0F5C3333
(1790979286.429782) can0 02800569#7FF97F98809E00F0
(1790979286.433232) can0 017FFF01#7FFF7FFF00000000
(1790979286.433387) can0 02800161#7FFF7FBB7FFB00F0
(1790979286.433528) can0 017FFF02#7FFF7FFF00000000
(1790979286.433715) can0 02800263#7FFF7FAA800000F0
(1790979286.433851) can0 017FFF03#7FFF7FFF00000000
(1790979286.434086) can0 02800365#80008022801000E6
(1790979286.434224) can0 017FFF04#7FFF7FFF00000000
(1790979286.434463) can0 02800467#7FFF801B7FD700F0
(1790979286.434596) can0 017FFF05#7FFC7FFF0F5C3333
(1790979286.434782) can0 02800569#7FF87F8C80B000F0
(1790979286.438232) can0 017FFF01#7FFF7FFF00000000
(1790979286.438390) can0 02800161#7FFF7F357FF400F0
(1790979286.438531) can0 017FFF02#7FFF7FFF00000000
(1790979286.438711) can0 02800263#7FFE7F277FFA00F0
(1790979286.438848) can0 017FFF03#7FFF7FFF00000000
(1790979286.439087) can0 02800365#7FFF8003801000E6
(1790979286.439225) can0 017FFF04#7FFF7FFF00000000
(1790979286.439462) can0 02800467#7FFF7FC2800E00F0
(1790979286.439595) can0 017FFF05#7FFC7FFF0F5C3333
(1790979286.439782) can0 02800569#7FF87FDF80C000F0
(1790979286.443230) can0 017FFF01#7FFF7FFF00000000
(1790979286.443387) can0 02800161#7FFF7FA67FF200F0
(1790979286.443528) can0 017FFF02#7FFF7FFF00000000
(1790979286.443714) can0 02800263#7FFF8027801000F0
(1790979286.443851) can0 017FFF03#7FFF7FFF00000000
(1790979286.444086) can0 02800365#80007FF47FF700E6
(1790979286.444224) can0 017FFF04#7FFF7FFF00000000
(1790979286.444464) can0 02800467#7FFF801F800200F0
(1790979286.444598) can0 017FFF05#7FFB7FFF0F5C3333
(1790979286.444781) can0 02800569#7FF77FE180D200F0
(1790979286.448231) can0 017FFF01#7FFF7FFF00000000
(1790979286.448388) can0 02800161#7FFF801B7FF700F0
(1790979286.448530) can0 017FFF02#7FFF7FFF00000000
(1790979286.448712) can0 02800263#7FFE80567FD200F0
(1790979286.448848) can0 017FFF03#7FFF7FFF00000000
(1790979286.449086) can0 02800365#7FFF805B7FFC00E6
(1790979286.449224) can0 017FFF04#7FFF7FFF00000000
(1790979286.449464) can0 02800467#7FFF7FE0800A00F0
(1790979286.449595) can0 017FFF05#7FFA7FFF0F5C3333
(1790979286.449782) can0 02800569#7FF67FC0809F00F0
(1790979286.453232) can0 017FFF01#7FFF7FFF00000000
(1790979286.453387) can0 02800161#7FFF7F9C800100F0
(1790979286.453528) can0 017FFF02#7FFF7FFF00000000
(1790979286.453714) can0 02800263#7FFE7FE07FEF00F0
(1790979286.453850) can0 017FFF03#7FFF7FFF00000000
(1790979286.454086) can0 02800365#7FFF7FB7800900E6
(1790979286.454224) can0 017FFF04#7FFF7FFF00000000
(1790979286.454464) can0 02800467#7FFF7FFF7FFF00F0
(1790979286.454595) can0 017FFF05#7FFA7FFF0F5C3333
(1790979286.454781) can0 02800569#7FF67FFA80D200F0
(1790979286.458233) can0 017FFF01#7FFF7FFF00000000
(1790979286.458389) can0 02800161#7FFF7FDB800000F0
(1790979286.458530) can0 017FFF02#7FFF7FFF00000000
(1790979286.458711) can0 02800263#7FFE7F35801900F0
(1790979286.458847) can0 017FFF03#7FFF7FFF00000000
(1790979286.459087) can0 02800365#7FFF80077FEF00E6
(1790979286.459225) can0 017FFF04#7FFF7FFF00000000
(1790979286.459462) can0 02800467#7FFF7FF47FD200F0
(1790979286.459593) can0 017FFF05#7FF97FFF0F5C3333
(1790979286.459782) can0 02800569#7FF6801F80B200F0
(1790979286.463233) can0 017FFF01#7FFF7FFF00000000
(1790979286.463390) can0 02800161#7FFF80447FF400F0
(1790979286.463531) can0 017FFF02#7FFF7FFF00000000
(1790979286.463711) can0 02800263#7FFF7FB2802A00F0
(1790979286.463847) can0 017FFF03#7FFF7FFF00000000
(1790979286.464085) can0 02800365#7FFF8065800600E6
(1790979286.464223) can0 017FFF04#7FFF7FFF00000000
(1790979286.464463) can0 02800467#7FFF800D7FEB00F0
(1790979286.464589) can0 017FFF05#7FF87FFF0F5C3333
(1790979286.464782) can0 02800569#7FF57F9380B600F0
(1790979286.468232) can0 017FFF01#7FFF7FFF00000000
(1790979286.468388) can0 02800161#7FFF7F7D800300F0
(1790979286.468530) can0 017FFF02#7FFF7FFF00000000
(1790979286.468712) can0 02800263#7FFE8040802100F0
(1790979286.468848) can0 017FFF03#7FFF7FFF00000000
(1790979286.469088) can0 02800365#7FFF7FED7FFC00E6
(1790979286.469226) can0 017FFF04#7FFF7FFF00000000
(1790979286.469464) can0 02800467#7FFF7FD17FF800F0
(1790979286.469595) can0 017FFF05#7FF87FFF0F5C3333
(1790979286.469779) can0 02800569#7FF57FD5809700F0
(1790979286.473234) can0 017FFF01#7FFF7FFF00000000
(1790979286.473388) can0 02800161#7FFF7F697FF500F0
(1790979286.473529) can0 017FFF02#7FFF7FFF00000000
(1790979286.473712) can0 02800263#7FFE7FE67FF700F0
(1790979286.473848) can0 017FFF03#7FFF7FFF00000000
(1790979286.474087) can0 02800365#800080177FF500E6
(1790979286.474225) can0 017FFF04#7FFF7FFF00000000
(1790979286.474464) can0 02800467#7FFF80157F9C00F0
(1790979286.474596) can0 017FFF05#7FF77FFF0F5C3333
(1790979286.474782) can0 02800569#7FF47FA5805C00F0
(1790979286.478234) can0 017FFF01#7FFF7FFF00000000
(1790979286.478388) can0 02800161#7FFF7F847FF100F0
(1790979286.478529) can0 017FFF02#7FFF7FFF00000000
(1790979286.478713) can0 02800263#7FFE7FF1801300F0
(1790979286.478850) can0 017FFF03#7FFF7FFF00000000
(1790979286.479088) can0 02800365#7FFF7FE47FE800E6
(1790979286.479226) can0 017FFF04#7FFF7FFF00000000
(1790979286.479462) can0 02800467#7FFF80137FD000F0
(1790979286.479595) can0 017FFF05#7FF77FFF0F5C3333
(1790979286.479779) can0 02800569#7FF47FC9809900F0
(1790979286.483233) can0 017FFF01#7FFF7FFF00000000
(1790979286.483387) can0 02800161#7FFF7F91800200F0
(1790979286.483528) can0 017FFF02#7FFF7FFF00000000
(1790979286.483714) can0 02800263#7FFF806C800700F0
(1790979286.483850) can0 017FFF03#7FFF7FFF00000000
(1790979286.484087) can0 02800365#7FFF8000802000E6
(1790979286.484225) can0 017FFF04#7FFF7FFF00000000
(1790979286.484466) can0 02800467#7FFF7FE87FEC00F0
(1790979286.484592) can0 017FFF05#7FF67FFF0F5C3333
(1790979286.484782) can0 02800569#7FF47FDF80C100F0
(1790979286.488233) can0 017FFF01#7FFF7FFF00000000
(1790979286.488388) can0 02800161#7FFF7FB6800100F0
(1790979286.488530) can0 017FFF02#7FFF7FFF00000000
(1790979286.488713) can0 02800263#7FFF807A800300F0
(1790979286.488849) can0 017FFF03#7FFF7FFF00000000
(1790979286.489086) can0 02800365#7FFF7FBC800A00E6
(1790979286.489223) can0 017FFF04#7FFF7FFF00000000
(1790979286.489461) can0 02800467#7FFF7FD2800900F0
(1790979286.489593) can0 017FFF05#7FF57FFF0F5C3333
(1790979286.489780) can0 02800569#7FF37FFB807200F0
(1790979286.493235) can0 017FFF01#7FFF7FFF00000000
(1790979286.493391) can0 02800161#7FFF80A6800100F0
(1790979286.493532) can0 017FFF02#7FFF7FFF00000000
(1790979286.493713) can0 02800263#7FFE7F997FEE00F0
(1790979286.493849) can0 017FFF03#7FFF7FFF00000000
(1790979286.494086) can0 02800365#7FFF8003801600E6
(1790979286.494224) can0 017FFF04#7FFF7FFF00000000
(1790979286.494462) can0 02800467#7FFF7FBA801000F0
(1790979286.494594) can0 017FFF05#7FF57FFF0F5C3333
(1790979286.494783) can0 02800569#7FF37FFF805800F0
(1790979286.498233) can0 017FFF01#7FFF7FFF00000000
(1790979286.498393) can0 02800161#7FFF801E7FF400F0
(1790979286.498534) can0 017FFF02#7FFF7FFF00000000
(1790979286.498712) can0 02800263#7FFE8119800D00F0
(1790979286.498849) can0 017FFF03#7FFF7FFF00000000
(1790979286.499086) can0 02800365#80007FF4801700E6
(1790979286.499224) can0 017FFF04#7FFF7FFF00000000
(1790979286.499463) can0 02800467#7FFF7FED801600F0
(1790979286.499595) can0 017FFF05#7FF47FFF0F5C3333
(1790979286.499782) can0 02800569#7FF38010804A00F0
(1790979286.503233) can0 017FFF01#7FFF7FFF00000000
(1790979286.503389) can0 02800161#7FFF800E800900F0
(1790979286.503530) can0 017FFF02#7FFF7FFF00000000
(1790979286.503713) can0 02800263#7FFE7F807FF100F0
(1790979286.503849) can0 017FFF03#7FFF7FFF00000000
(1790979286.504086) can0 02800365#800080287FFA00E6
(1790979286.504224) can0 017FFF04#7FFF7FFF00000000
(1790979286.504460) can0 02800467#7FFF7FD67FD800F0
(1790979286.504593) can0 017FFF05#7FF37FFF0F5C3333
(1790979286.504781) can0 02800569#7FF38011804500F0
(1790979286.508231) can0 017FFF01#7FFF7FFF00000000
(1790979286.508389) can0 02800161#7FFF804B7FF700F0
(1790979286.508531) can0 017FFF02#7FFF7FFF00000000
(1790979286.508716) can0 02800263#7FFF81047FF800F0
(1790979286.508852) can0 017FFF03#7FFF7FFF00000000
(1790979286.509085) can0 02800365#7FFF8076800D00E6
(1790979286.509222) can0 017FFF04#7FFF7FFF00000000
(1790979286.509462) can0 02800467#7FFF7FF17FF700F0
(1790979286.509595) can0 017FFF05#7FF37FFF0F5C3333
(1790979286.509782) can0 02800569#7FF27FFE803100F0
(1790979286.513233) can0 017FFF01#7FFF7FFF00000000
(1790979286.513390) can0 02800161#7FFF7FF9800400F0
(1790979286.513531) can0 017FFF02#7FFF7FFF00000000
(1790979286.513712) can0 02800263#7FFE7FBE800200F0
(1790979286.513848) can0 017FFF03#7FFF7FFF00000000
(1790979286.514085) can0 02800365#7FFF80557FF600E6
(1790979286.514222) can0 017FFF04#7FFF7FFF00000000
(1790979286.514464) can0 02800467#7FFF7FFA7FEA00F0
(1790979286.514597) can0 017FFF05#7FF27FFF0F5C3333
(1790979286.514780) can0 02800569#7FF27FE2804B00F0
(1790979286.518232) can0 017FFF01#7FFF7FFF00000000
(1790979286.518386) can0 02800161#7FFF7FAA7FF700F0
(1790979286.518527) can0 017FFF02#7FFF7FFF00000000
(1790979286.518712) can0 02800263#7FFF80277FD200F0
(1790979286.518848) can0 017FFF03#7FFF7FFF00000000
(1790979286.519085) can0 02800365#7FFF803A800100E6
(1790979286.519222) can0 017FFF04#7FFF7FFF00000000
(1790979286.519462) can0 02800467#7FFF800E801000F0
(1790979286.519594) can0 017FFF05#7FF17FFF0F5C3333
(1790979286.519781) can0 02800569#7FF27FE6805E00F0
(1790979286.523235) can0 017FFF01#7FFF7FFF00000000
(1790979286.523390) can0 02800161#7FFF7FA7800100F0
(1790979286.523531) can0 017FFF02#7FFF7FFF00000000
(1790979286.523713) can0 02800263#7FFE7FCF7FE900F0
(1790979286.523849) can0 017FFF03#7FFF7FFF00000000
(1790979286.524086) can0 02800365#7FFF7FCC7FF600E6
(1790979286.524224) can0 017FFF04#7FFF7FFF00000000
(1790979286.524462) can0 02800467#7FFF7FE2800500F0
(1790979286.524588) can0 017FFF05#7FF17FFF0F5C3333
(1790979286.524779) can0 02800569#7FF17FA5804200F0
(1790979286.528234) can0 017FFF01#7FFF7FFF00000000
(1790979286.528388) can0 02800161#7FFF7F84800200F0
(1790979286.528530) can0 017FFF02#7FFF7FFF00000000
(1790979286.528711) can0 02800263#7FFE803B800200F0
(1790979286.528847) can0 017FFF03#7FFF7FFF00000000
(1790979286.529087) can0 02800365#7FFF7FE7800500E6
(1790979286.529224) can0 017FFF04#7FFF7FFF00000000
(1790979286.529463) can0 02800467#7FFF7FCA7FFA00F0
(1790979286.529594) can0 017FFF05#7FF07FFF0F5C3333
(1790979286.529781) can0 02800569#7FF17FD6806000F0
(1790979286.533234) can0 017FFF01#7FFF7FFF00000000
(1790979286.533388) can0 02800161#7FFF8076800100F0
(1790979286.533529) can0 017FFF02#7FFF7FFF00000000
(1790979286.533712) can0 02800263#7FFE80097FFD00F0
(1790979286.533848) can0 017FFF03#7FFF7FFF00000000
(1790979286.534086) can0 02800365#7FFF7FCB7FF900E6
(1790979286.534223) can0 017FFF04#7FFF7FFF00000000
(1790979286.534461) can0 02800467#7FFF7FE7804300F0
(1790979286.534592) can0 017FFF05#7FEF7FFF0F5C3333
(1790979286.534782) can0 02800569#7FF07FEB802B00F0
(1790979286.538233) can0 017FFF01#7FFF7FFF00000000
(1790979286.538389) can0 02800161#7FFF7FF7800000F0
(1790979286.538530) can0 017FFF02#7FFF7FFF00000000
(1790979286.538714) can0 02800263#7FFF80A67FF600F0
(1790979286.538850) can0 017FFF03#7FFF7FFF00000000
(1790979286.539087) can0 02800365#80007FE77FFC00E6
(1790979286.539224) can0 017FFF04#7FFF7FFF00000000
(1790979286.539462) can0 02800467#7FFF7FD4801700F0
(1790979286.539594) can0 017FFF05#7FEF7FFF0F5C3333
(1790979286.539780) can0 02800569#7FF07FF3804200F0
(1790979286.543233) can0 017FFF01#7FFF7FFF00000000
(1790979286.543389) can0 02800161#7FFF7F767FFC00F0
(1790979286.543531) can0 017FFF02#7FFF7FFF00000000
(1790979286.543715) can0 02800263#7FFF805F800100F0
(1790979286.543851) can0 017FFF03#7FFF7FFF00000000
(1790979286.544084) can0 02800365#7FFF7FD5802500E6
(1790979286.544221) can0 017FFF04#7FFF7FFF00000000
(1790979286.544460) can0 02800467#7FFF7FF2804D00F0
(1790979286.544593) can0 017FFF05#7FEE7FFF0F5C3333
(1790979286.544780) can0 02800569#7FEF7FA3805500F0
(1790979286.548237) can0 017FFF01#7FFF7FFF00000000
(1790979286.548394) can0 02800161#7FFF800C801C00F0
(1790979286.548536) can0 017FFF02#7FFF7FFF00000000
(1790979286.548714) can0 02800263#7FFE7EF6801400F0
(1790979286.548850) can0 017FFF03#7FFF7FFF00000000
(1790979286.549087) can0 02800365#7FFF7F9F7FF000E6
(1790979286.549224) can0 017FFF04#7FFF7FFF00000000
(1790979286.549462) can0 02800467#7FFF8007801500F0
(1790979286.549594) can0 017FFF05#7FED7FFF0F5C3333
(1790979286.549781) can0 02800569#7FEF8002803D00F0
(1790979286.553235) can0 017FFF01#7FFF7FFF00000000
(1790979286.553387) can0 02800161#7FFF7FC6800200F0
(1790979286.553529) can0 017FFF02#7FFF7FFF00000000
(1790979286.553713) can0 02800263#7FFF7F6A7FE000F0
(1790979286.553849) can0 017FFF03#7FFF7FFF00000000
(1790979286.554086) can0 02800365#800080127FF300E6
(1790979286.554223) can0 017FFF04#7FFF7FFF00000000
(1790979286.554463) can0 02800467#7FFF80147FF000F0
(1790979286.554595) can0 017FFF05#7FED7FFF0F5C3333
(1790979286.554781) can0 02800569#7FEE7FCD804800F0
(1790979286.558234) can0 017FFF01#7FFF7FFF00000000
(1790979286.558388) can0 02800161#7FFF80127FFD00F0
(1790979286.558530) can0 017FFF02#7FFF7FFF00000000
(1790979286.558714) can0 02800263#7FFF8023801000F0
(1790979286.558850) can0 017FFF03#7FFF7FFF00000000
(1790979286.559086) can0 02800365#7FFF7F96800C00E6
(1790979286.559223) can0 017FFF04#7FFF7FFF00000000
(1790979286.559462) can0 02800467#7FFF7FE8802A00F0
(1790979286.559593) can0 017FFF05#7FEC7FFF0F5C3333
(1790979286.559780) can0 02800569#7FEE7FE8805100F0
(1790979286.563233) can0 017FFF01#7FFF7FFF00000000
(1790979286.563386) can0 02800161#7FFF7FAD7FF300F0
(1790979286.563528) can0 017FFF02#7FFF7FFF00000000
(1790979286.563713) can0 02800263#7FFE7FCA801600F0
(1790979286.563849) can0 017FFF03#7FFF7FFF00000000
(1790979286.564088) can0 02800365#7FFF801B800000E6
(1790979286.564225) can0 017FFF04#7FFF7FFF00000000
(1790979286.564462) can0 02800467#7FFF7FF6801300F0
(1790979286.564588) can0 017FFF05#7FEB7FFF0F5C3333
(1790979286.564780) can0 02800569#7FED7FE7800700F0
(1790979286.568233) can0 017FFF01#7FFF7FFF00000000
(1790979286.568388) can0 02800161#7FFF800D800600F0
(1790979286.568531) can0 017FFF02#7FFF7FFF00000000
(1790979286.568713) can0 02800263#7FFF7FAD800000F0
(1790979286.568850) can0 017FFF03#7FFF7FFF00000000
(1790979286.569085) can0 02800365#7FFF7FBB800900E6
(1790979286.569222) can0 017FFF04#7FFF7FFF00000000
(1790979286.569461) can0 02800467#7FFF7FD27FF500F0
(1790979286.569592) can0 017FFF05#7FEB7FFF0F5C3333
(1790979286.569819) can0 02800569#7FED7FC27FF100F0
(1790979286.573232) can0 017FFF01#7FFF7FFF00000000
(1790979286.573386) can0 02800161#7FFF7F677FF600F0
(1790979286.573528) can0 017FFF02#7FFF7FFF00000000
(1790979286.573715) can0 02800263#7FFF8097800C00F0
(1790979286.573851) can0 017FFF03#7FFF7FFF00000000
(1790979286.574084) can0 02800365#7FFF7FCE802200E6
(1790979286.574221) can0 017FFF04#7FFF7FFF00000000
(1790979286.574460) can0 02800467#7FFF8029800200F0
(1790979286.574592) can0 017FFF05#7FEA7FFF0F5C3333
(1790979286.574821) can0 02800569#7FED801F7FDB00F0
(1790979286.578233) can0 017FFF01#7FFF7FFF00000000
(1790979286.578388) can0 02800161#7FFF7F89800000F0
(1790979286.578529) can0 017FFF02#7FFF7FFF00000000
(1790979286.578712) can0 02800263#7FFF7F69801300F0
(1790979286.578849) can0 017FFF03#7FFF7FFF00000000
(1790979286.579085) can0 02800365#80008054800B00E6
(1790979286.579222) can0 017FFF04#7FFF7FFF00000000
(1790979286.579462) can0 02800467#7FFF7FF27FE500F0
(1790979286.579594) can0 017FFF05#7FE97FFF0F5C3333
(1790979286.579781) can0 02800569#7FEC7FD97FEE00F0
(1790979286.583234) can0 017FFF01#7FFF7FFF00000000
(1790979286.583387) can0 02800161#7FFF7FDD800900F0
(1790979286.583529) can0 017FFF02#7FFF7FFF00000000
(1790979286.583714) can0 02800263#7FFE80A77FFC00F0
(1790979286.583851) can0 017FFF03#7FFF7FFF00000000
(1790979286.584084) can0 02800365#7FFF7FD37FF200E6
(1790979286.584222) can0 017FFF04#7FFF7FFF00000000
(1790979286.584461) can0 02800467#7FFF8050803300F0
(1790979286.584593) can0 017FFF05#7FE97FFF0F5C3333
(1790979286.584780) can0 02800569#7FEC7FF97FC000F0
(1790979286.588233) can0 017FFF01#7FFF7FFF00000000
(1790979286.588388) can0 02800161#7FFF80967FFE00F0
(1790979286.588530) can0 017FFF02#7FFF7FFF00000000
(1790979286.588715) can0 02800263#7FFE7EFF801C00F0
(1790979286.588852) can0 017FFF03#7FFF7FFF00000000
(1790979286.589085) can0 02800365#7FFF7FDE800D00E6
(1790979286.589222) can0 017FFF04#7FFF7FFF00000000
(1790979286.589463) can0 02800467#7FFF803E7FF000F0
(1790979286.589596) can0 017FFF05#7FE87FFF0F5C3333
(1790979286.589778) can0 02800569#7FEC7FD67FC700F0
(1790979286.593233) can0 017FFF01#7FFF7FFF00000000
(1790979286.593387) can0 02800161#7FFF80177FF500F0
(1790979286.593528) can0 017FFF02#7FFF7FFF00000000
(1790979286.593711) can0 02800263#7FFE802A7FF900F0
(1790979286.593848) can0 017FFF03#7FFF7FFF00000000
(1790979286.594086) can0 02800365#7FFF7FB07FFB00E6
(1790979286.594223) can0 017FFF04#7FFF7FFF00000000
(1790979286.594463) can0 02800467#7FFF7FEA7FE100F0
(1790979286.594596) can0 017FFF05#7FE87FFF0F5C3333
(1790979286.594818) can0 02800569#7FEB7FA47FB100F0
(1790979286.598233) can0 017FFF01#7FFF7FFF00000000
(1790979286.598388) can0 02800161#7FFF8053800000F0
(1790979286.598529) can0 017FFF02#7FFF7FFF00000000
(1790979286.598712) can0 02800263#7FFF7FE5800600F0
(1790979286.598849) can0 017FFF03#7FFF7FFF00000000
(1790979286.599086) can0 02800365#80008046800500E6
(1790979286.599223) can0 017FFF04#7FFF7FFF00000000
(1790979286.599463) can0 02800467#7FFF800A7FE600F0
(1790979286.599595) can0 017FFF05#7FE77FFF0F5C3333
(1790979286.599781) can0 02800569#7FEB7FFE7F6100F0
(1790979286.603234) can0 017FFF01#7FFF7FFF00000000
(1790979286.603388) can0 02800161#7FFF7F9A800700F0
(1790979286.603530) can0 017FFF02#7FFF7FFF00000000
(1790979286.603711) can0 02800263#7FFE7FA0800600F0
(1790979286.603848) can0 017FFF03#7FFF7FFF00000000
(1790979286.604085) can0 02800365#7FFF8046800300E6
(1790979286.604222) can0 017FFF04#7FFF7FFF00000000
(1790979286.604463) can0 02800467#7FFF7FAD801400F0
(1790979286.604590) can0 017FFF05#7FE67FFF0F5C3333
(1790979286.604780) can0 02800569#7FEB800C7FBF00F0
(1790979286.608233) can0 017FFF01#7FFF7FFF00000000
(1790979286.608387) can0 02800161#7FFF80657FFE00F0
(1790979286.608529) can0 017FFF02#7FFF7FFF00000000
(1790979286.608714) can0 02800263#7FFF803F802300F0
(1790979286.608851) can0 017FFF03#7FFF7FFF00000000
(1790979286.609086) can0 02800365#7FFF801C7FFD00E6
(1790979286.609223) can0 017FFF04#7FFF7FFF00000000
(1790979286.609465) can0 02800467#7FFF7FEF7FF400F0
(1790979286.609597) can0 017FFF05#7FE67FFF0F5C3333
(1790979286.609782) can0 02800569#7FEB7FD67F8C00F0
(1790979286.613232) can0 017FFF01#7FFF7FFF00000000
(1790979286.613389) can0 02800161#7FFF7F07800700F0
(1790979286.613530) can0 017FFF02#7FFF7FFF00000000
(1790979286.613710) can0 02800263#7FFE7FD8800D00F0
(1790979286.613847) can0 017FFF03#7FFF7FFF00000000
(1790979286.614087) can0 02800365#7FFF802C7FFF00E6
(1790979286.614224) can0 017FFF04#7FFF7FFF00000000
(1790979286.614463) can0 02800467#7FFF801F7FD700F0
(1790979286.614594) can0 017FFF05#7FE57FFF0F5C3333
(1790979286.614823) can0 02800569#7FEB7FD37FC400F0
(1790979286.618233) can0 017FFF01#7FFF7FFF00000000
(1790979286.618388) can0 02800161#7FFF7F377FF100F0
(1790979286.618529) can0 017FFF02#7FFF7FFF00000000
(1790979286.618711) can0 02800263#7FFF80877FEE00F0
(1790979286.618848) can0 017FFF03#7FFF7FFF00000000
(1790979286.619087) can0 02800365#7FFF80477FF000E6
(1790979286.619224) can0 017FFF04#7FFF7FFF00000000
(1790979286.619462) can0 02800467#7FFF8011801800F0
(1790979286.619595) can0 017FFF05#7FE47FFF0F5C3333
(1790979286.619823) can0 02800569#7FEA800A7F9C00F0
(1790979286.623233) can0 017FFF01#7FFF7FFF00000000
(1790979286.623387) can0 02800161#7FFF7F2E800500F0
(1790979286.623528) can0 017FFF02#7FFF7FFF00000000
(1790979286.623713) can0 02800263#7FFE7F777FF400F0
(1790979286.623849) can0 017FFF03#7FFF7FFF00000000
(1790979286.624084) can0 02800365#7FFF7FDD800A00E6
(1790979286.624222) can0 017FFF04#7FFF7FFF00000000
(1790979286.624462) can0 02800467#7FFF8027800D00F0
(1790979286.624595) can0 017FFF05#7FE47FFF0F5C3333
(1790979286.624820) can0 02800569#7FEA800A7F9300F0
(1790979286.628233) can0 017FFF01#7FFF7FFF00000000
(1790979286.628388) can0 02800161#7FFF8026800100F0
(1790979286.628530) can0 017FFF02#7FFF7FFF00000000
(1790979286.628713) can0 02800263#7FFF80DC7FFC00F0
(1790979286.628849) can0 017FFF03#7FFF7FFF00000000
(1790979286.629086) can0 02800365#7FFF7FF07FF300E6
(1790979286.629224) can0 017FFF04#7FFF7FFF00000000
(1790979286.629461) can0 02800467#7FFF7FF77FEE00F0
(1790979286.629595) can0 017FFF05#7FE37FFF0F5C3333
(1790979286.629819) can0 02800569#7FEA7FFA7F3600F0
(1790979286.633235) can0 017FFF01#7FFF7FFF00000000
(1790979286.633389) can0 02800161#7FFF7F5D7FEA00F0
(1790979286.633530) can0 017FFF02#7FFF7FFF00000000
(1790979286.633711) can0 02800263#7FFE7F0B800200F0
(1790979286.633847) can0 017FFF03#7FFF7FFF00000000
(1790979286.634085) can0 02800365#7FFF804D800200E6
(1790979286.634223) can0 017FFF04#7FFF7FFF00000000
(1790979286.634464) can0 02800467#7FFF7FFC7FE000F0
(1790979286.634595) can0 017FFF05#7FE27FFF0F5C3333
(1790979286.634819) can0 02800569#7FEA80247F6A00F0
(1790979286.638234) can0 017FFF01#7FFF7FFF00000000
(1790979286.638387) can0 02800161#7FFF7FB0800700F0
(1790979286.638528) can0 017FFF02#7FFF7FFF00000000
(1790979286.638710) can0 02800263#7FFE7F2C800700F0
(1790979286.638846) can0 017FFF03#7FFF7FFF00000000
(1790979286.639084) can0 02800365#7FFF7FC57FF300E6
(1790979286.639222) can0 017FFF04#7FFF7FFF00000000
(1790979286.639466) can0 02800467#7FFF7FE2801E00F0
(1790979286.639597) can0 017FFF05#7FE27FFF0F5C3333
(1790979286.639822) can0 02800569#7FEA7FE47F4C00F0
(1790979286.643234) can0 017FFF01#7FFF7FFF00000000
(1790979286.643387) can0 02800161#7FFF7F0D7FFB00F0
(1790979286.643528) can0 017FFF02#7FFF7FFF00000000
(1790979286.643712) can0 02800263#7FFF8005800700F0
(1790979286.643848) can0 017FFF03#7FFF7FFF00000000
(1790979286.644085) can0 02800365#7FFF7FE7800900E6
(1790979286.644223) can0 017FFF04#7FFF7FFF00000000
(1790979286.644461) can0 02800467#7FFF802A800700F0
(1790979286.644594) can0 017FFF05#7FE17FFF0F5C3333
(1790979286.644819) can0 02800569#7FE97FC97F8600F0
(1790979286.648233) can0 017FFF01#7FFF7FFF00000000
(1790979286.648389) can0 02800161#7FFF7FB57FFD00F0
(1790979286.648531) can0 017FFF02#7FFF7FFF00000000
(1790979286.648710) can0 02800263#7FFE7F5D7FEA00F0
(1790979286.648847) can0 017FFF03#7FFF7FFF00000000
(1790979286.649085) can0 02800365#7FFF7FC6800500E6
(1790979286.649222) can0 017FFF04#7FFF7FFF00000000
(1790979286.649462) can0 02800467#7FFF800D7FFB00F0
(1790979286.649595) can0 017FFF05#7FE07FFF0F5C3333
(1790979286.649819) can0 02800569#7FE97FD87F5800F0
(1790979286.653234) can0 017FFF01#7FFF7FFF00000000
(1790979286.653389) can0 02800161#7FFF80857FFE00F0
(1790979286.653530) can0 017FFF02#7FFF7FFF00000000
(1790979286.653711) can0 02800263#7FFE80067FEF00F0
(1790979286.653847) can0 017FFF03#7FFF7FFF00000000
(1790979286.654085) can0 02800365#7FFF800C800200E6
(1790979286.654223) can0 017FFF04#7FFF7FFF00000000
(1790979286.654461) can0 02800467#7FFF7FF87FF100F0
(1790979286.654594) can0 017FFF05#7FE07FFF0F5C3333
(1790979286.654820) can0 02800569#7FE97FE97F2E00F0
(1790979286.658235) can0 017FFF01#7FFF7FFF00000000
(1790979286.658390) can0 02800161#7FFF8045800800F0
(1790979286.658531) can0 017FFF02#7FFF7FFF00000000
(1790979286.658711) can0 02800263#7FFF804E800A00F0
(1790979286.658847) can0 017FFF03#7FFF7FFF00000000
(1790979286.659084) can0 02800365#800080537FED00E6
(1790979286.659222) can0 017FFF04#7FFF7FFF00000000
(1790979286.659460) can0 02800467#7FFF7F97801F00F0
(1790979286.659592) can0 017FFF05#7FDF7FFF0F5C3333
(1790979286.659821) can0 02800569#7FE97FE07F4B00F0
(1790979286.663236) can0 017FFF01#7FFF7FFF00000000
(1790979286.663432) can0 02800161#7FFF7F6E800A00F0
(1790979286.663568) can0 017FFF02#7FFF7FFF00000000
(1790979286.663762) can0 02800263#7FFE7FF2801200F0
(1790979286.663898) can0 017FFF03#7FFF7FFF00000000
(1790979286.664136) can0 02800365#7FFF80017FFE00E6
(1790979286.664274) can0 017FFF04#7FFF7FFF00000000
(1790979286.664516) can0 02800467#7FFF7FE1800C00F0
(1790979286.664641) can0 017FFF05#7FDE7FFF0F5C3333
(1790979286.664869) can0 02800569#7FE87FBC7F3300F0
(1790979286.668235) can0 017FFF01#7FFF7FFF00000000
(1790979286.668431) can0 02800161#7FFF8037800E00F0
(1790979286.668567) can0 017FFF02#7FFF7FFF00000000
(1790979286.668762) can0 02800263#7FFE7F17801000F0
(1790979286.668898) can0 017FFF03#7FFF7FFF00000000
(1790979286.669134) can0 02800365#7FFF80247FF100E6
(1790979286.669272) can0 017FFF04#7FFF7FFF00000000
(1790979286.669510) can0 02800467#7FFF8053800B00F0
(1790979286.669641) can0 017FFF05#7FDE7FFF0F5C3333
(1790979286.669871) can0 02800569#7FE87FE47F7300F0
(1790979286.673237) can0 017FFF01#7FFF7FFF00000000
(1790979286.673434) can0 02800161#7FFF80247FF700F0
(1790979286.673570) can0 017FFF02#7FFF7FFF00000000
(1790979286.673760) can0 02800263#7FFE8055800700F0
(1790979286.673896) can0 017FFF03#7FFF7FFF00000000
(1790979286.674135) can0 02800365#7FFF8012800300E6
(1790979286.674273) can0 017FFF04#7FFF7FFF00000000
(1790979286.674513) can0 02800467#7FFF7FF47FE600F0
(1790979286.674644) can0 017FFF05#7FDD7FFF0F5C3333
(1790979286.674869) can0 02800569#7FE77FA77F3300F0
(1790979286.678235) can0 017FFF01#7FFF7FFF00000000
(1790979286.678390) can0 02800161#7FFF8048800800F0
(1790979286.678531) can0 017FFF02#7FFF7FFF00000000
(1790979286.678709) can0 02800263#7FFF7FAE803300F0
(1790979286.678845) can0 017FFF03#7FFF7FFF00000000
(1790979286.679085) can0 02800365#800080A27FFD00E6
(1790979286.679222) can0 017FFF04#7FFF7FFF00000000
(1790979286.679459) can0 02800467#7FFF7FC67FFB00F0
(1790979286.679590) can0 017FFF05#7FDC7FFF0F5C3333
(1790979286.679820) can0 02800569#7FE67FAD7F3F00F0
(1790979286.683236) can0 017FFF01#7FFF7FFF00000000
(1790979286.683432) can0 02800161#7FFF8022800100F0
(1790979286.683568) can0 017FFF02#7FFF7FFF00000000
(1790979286.683762) can0 02800263#7FFE80267FF400F0
(1790979286.683898) can0 017FFF03#7FFF7FFF00000000
(1790979286.684136) can0 02800365#80008041801200E6
(1790979286.684274) can0 017FFF04#7FFF7FFF00000000
(1790979286.684514) can0 02800467#7FFF8080801400F0
(1790979286.684639) can0 017FFF05#7FDC7FFF0F5C3333
(1790979286.684870) can0 02800569#7FE67FA07F3D00F0
(1790979286.688238) can0 017FFF01#7FFF7FFF00000000
(1790979286.688435) can0 02800161#7FFF7FF97FF200F0
(1790979286.688571) can0 017FFF02#7FFF7FFF00000000
(1790979286.688759) can0 02800263#7FFE805E801A00F0
(1790979286.688895) can0 017FFF03#7FFF7FFF00000000
(1790979286.689136) can0 02800365#7FFF7FEC7FFF00E6
(1790979286.689273) can0 017FFF04#7FFF7FFF00000000
(1790979286.689510) can0 02800467#7FFE7FC57FF500F0
(1790979286.689641) can0 017FFF05#7FDB7FFF0F5C3333
(1790979286.689870) can0 02800569#7FE57FAD7FA500F0
(1790979286.693240) can0 017FFF01#7FFF7FFF00000000
(1790979286.693435) can0 02800161#7FFF80B17FF600F0
(1790979286.693571) can0 017FFF02#7FFF7FFF00000000
(1790979286.693761) can0 02800263#7FFF8048801200F0
(1790979286.693897) can0 017FFF03#7FFF7FFF00000000
(1790979286.694134) can0 02800365#7FFF7FB3801700E6
(1790979286.694271) can0 017FFF04#7FFF7FFF00000000
(1790979286.694509) can0 02800467#7FFF7FF77FDA00F0
(1790979286.694640) can0 017FFF05#7FDA7FFF0F5C3333
(1790979286.694867) can0 02800569#7FE37FDE7FB900F0
(1790979286.698237) can0 017FFF01#7FFF7FFF00000000
(1790979286.698432) can0 02800161#7FFF8037800700F0
(1790979286.698568) can0 017FFF02#7FFF7FFF00000000
(1790979286.698764) can0 02800263#7FFF804B800C00F0
(1790979286.698900) can0 017FFF03#7FFF7FFF00000000
(1790979286.699134) can0 02800365#7FFF8027801A00E6
(1790979286.699271) can0 017FFF04#7FFF7FFF00000000
(1790979286.699509) can0 02800467#7FFF8004802000F0
(1790979286.699641) can0 017FFF05#7FDA7FFF0F5C3333
(1790979286.699828) can0 02800569#7FE27F8D7FD100F0
(1790979286.703236) can0 017FFF01#7FFF7FFF00000000
(1790979286.703433) can0 02800161#7FFF800D800300F0
(1790979286.703569) can0 017FFF02#7FFF7FFF00000000
(1790979286.703759) can0 02800263#7FFE805A800B00F0
(1790979286.703895) can0 017FFF03#7FFF7FFF00000000
(1790979286.704136) can0 02800365#7FFF8030801100E6
(1790979286.704273) can0 017FFF04#7FFF7FFF00000000
(1790979286.704512) can0 02800467#7FFF800A7FE100F0
(1790979286.704644) can0 017FFF05#7FD97FFF0F5C3333
(1790979286.704829) can0 02800569#7FE17F987FBB00F0
(1790979286.708235) can0 017FFF01#7FFF7FFF00000000
(1790979286.708432) can0 02800161#7FFF7FAB7FF500F0
(1790979286.708568) can0 017FFF02#7FFF7FFF00000000
(1790979286.708761) can0 02800263#7FFE8038800000F0
(1790979286.708897) can0 017FFF03#7FFF7FFF00000000
(1790979286.709134) can0 02800365#7FFF8026800900E6
(1790979286.709271) can0 017FFF04#7FFF7FFF00000000
(1790979286.709509) can0 02800467#7FFF7FD17FF100F0
(1790979286.709640) can0 017FFF05#7FD97FFF0F5C3333
(1790979286.709830) can0 02800569#7FE07FF57FC600F0
(1790979286.713234) can0 017FFF01#7FFF7FFF00000000
(1790979286.713392) can0 02800161#7FFF809A801000F0
(1790979286.713533) can0 017FFF02#7FFF7FFF00000000
(1790979286.713715) can0 02800263#7FFF80337FF400F0
(1790979286.713851) can0 017FFF03#7FFF7FFF00000000
(1790979286.714086) can0 02800365#7FFF7FEF7FED00E6
(1790979286.714223) can0 017FFF04#7FFF7FFF00000000
(1790979286.714462) can0 02800467#7FFF7FFF7FF700F0
(1790979286.714594) can0 017FFF05#7FD87FFF0F5C3333
(1790979286.714777) can0 02800569#7FDF7F937F9D00F0
(1790979286.718233) can0 017FFF01#7FFF7FFF00000000
(1790979286.718389) can0 02800161#7FFF8034800000F0
(1790979286.718530) can0 017FFF02#7FFF7FFF00000000
(1790979286.718710) can0 02800263#7FFE80427FFD00F0
(1790979286.718846) can0 017FFF03#7FFF7FFF00000000
(1790979286.719084) can0 02800365#7FFF805D800700E6
(1790979286.719221) can0 017FFF04#7FFF7FFF00000000
(1790979286.719460) can0 02800467#7FFF7FDF7FDD00F0
(1790979286.719591) can0 017FFF05#7FD77FFF0F5C3333
(1790979286.719777) can0 02800569#7FDE7FEF7FA300F0
(1790979286.723234) can0 017FFF01#7FFF7FFF00000000
(1790979286.723388) can0 02800161#7FFF80207FEE00F0
(1790979286.723530) can0 017FFF02#7FFF7FFF00000000
(1790979286.723710) can0 02800263#7FFE800B7FF300F0
(1790979286.723846) can0 017FFF03#7FFF7FFF00000000
(1790979286.724085) can0 02800365#7FFF7FC3801600E6
(1790979286.724222) can0 017FFF04#7FFF7FFF00000000
(1790979286.724459) can0 02800467#7FFF8036800300F0
(1790979286.724591) can0 017FFF05#7FD77FFF0F5C3333
(1790979286.724778) can0 02800569#7FDE800E7F9700F0
(1790979286.728233) can0 017FFF01#7FFF7FFF00000000
(1790979286.728386) can0 02800161#7FFF80677FFB00F0
(1790979286.728529) can0 017FFF02#7FFF7FFF00000000
(1790979286.728714) can0 02800263#7FFF80657FFC00F0
(1790979286.728850) can0 017FFF03#7FFF7FFF00000000
(1790979286.729087) can0 02800365#7FFF8001800800E6
(1790979286.729224) can0 017FFF04#7FFF7FFF00000000
(1790979286.729459) can0 02800467#7FFF802D800B00F0
(1790979286.729590) can0 017FFF05#7FD67FFF0F5C3333
(1790979286.729778) can0 02800569#7FDD7FD47F8500F0
(1790979286.733233) can0 017FFF01#7FFF7FFF00000000
(1790979286.733389) can0 02800161#7FFF7FC8800400F0
(1790979286.733531) can0 017FFF02#7FFF7FFF00000000
(1790979286.733708) can0 02800263#7FFE7F9D800500F0
(1790979286.733845) can0 017FFF03#7FFF7FFF00000000
(1790979286.734085) can0 02800365#7FFF8002800500E6
(1790979286.734222) can0 017FFF04#7FFF7FFF00000000
(1790979286.734459) can0 02800467#7FFF7FBB7FEE00F0
(1790979286.734590) can0 017FFF05#7FD57FFF0F5C3333
(1790979286.734818) can0 02800569#7FDC7FB37F6900F0
(1790979286.738233) can0 017FFF01#7FFF7FFF00000000
(1790979286.738387) can0 02800161#7FFF7FEA7FF200F0
(1790979286.738528) can0 017FFF02#7FFF7FFF00000000
(1790979286.738708) can0 02800263#7FFE7FC3802A00F0
(1790979286.738845) can0 017FFF03#7FFF7FFF00000000
(1790979286.739086) can0 02800365#7FFF8037800100E6
(1790979286.739223) can0 017FFF04#7FFF7FFF00000000
(1790979286.739460) can0 02800467#7FFF800E7FEB00F0
(1790979286.739591) can0 017FFF05#7FD57FFF0F5C3333
(1790979286.739818) can0 02800569#7FDC7FD67F8E00F0
(1790979286.743236) can0 017FFF01#7FFF7FFF00000000
(1790979286.743433) can0 02800161#7FFF7FF07FE900F0
(1790979286.743569) can0 017FFF02#7FFF7FFF00000000
(1790979286.743761) can0 02800263#7FFE800C7FF000F0
(1790979286.743898) can0 017FFF03#7FFF7FFF00000000
(1790979286.744136) can0 02800365#7FFF801E800E00E6
(1790979286.744274) can0 017FFF04#7FFF7FFF00000000
(1790979286.744514) can0 02800467#7FFF7FE5801F00F0
(1790979286.744645) can0 017FFF05#7FD47FFF0F5C3333
(1790979286.744869) can0 02800569#7FDB802C7F7300F0
(1790979286.748236) can0 017FFF01#7FFF7FFF00000000
(1790979286.748432) can0 02800161#7FFF80787FF500F0
(1790979286.748569) can0 017FFF02#7FFF7FFF00000000
(1790979286.748759) can0 02800263#7FFE80927FF200F0
(1790979286.748896) can0 017FFF03#7FFF7FFF00000000
(1790979286.749135) can0 02800365#7FFF7FE57FF700E6
(1790979286.749272) can0 017FFF04#7FFF7FFF00000000
(1790979286.749511) can0 02800467#7FFF8024802400F0
(1790979286.749642) can0 017FFF05#7FD37FFF0F5C3333
(1790979286.749867) can0 02800569#7FDA7FB37FAA00F0
(1790979286.753234) can0 017FFF01#7FFF7FFF00000000
(1790979286.753388) can0 02800161#7FFF80517FFA00F0
(1790979286.753529) can0 017FFF02#7FFF7FFF00000000
(1790979286.753712) can0 02800263#7FFE807E800400F0
(1790979286.753848) can0 017FFF03#7FFF7FFF00000000
(1790979286.754084) can0 02800365#7FFF7FAC7FEF00E6
(1790979286.754222) can0 017FFF04#7FFF7FFF00000000
(1790979286.754461) can0 02800467#7FFF7FFB800600F0
(1790979286.754592) can0 017FFF05#7FD37FFF0F5C3333
(1790979286.754820) can0 02800569#7FDA7FE07F7E00F0
(1790979286.758234) can0 017FFF01#7FFF7FFF00000000
(1790979286.758387) can0 02800161#7FFF802B800300F0
(1790979286.758528) can0 017FFF02#7FFF7FFF00000000
(1790979286.758710) can0 02800263#7FFE7FBF801500F0
(1790979286.758846) can0 017FFF03#7FFF7FFF00000000
(1790979286.759084) can0 02800365#7FFF7FFA803200E6
(1790979286.759222) can0 017FFF04#7FFF7FFF00000000
(1790979286.759462) can0 02800467#7FFF801B7FD400F0
(1790979286.759594) can0 017FFF05#7FD27FFF0F5C3333
(1790979286.759819) can0 02800569#7FDA800F7F5E00F0
(1790979286.763233) can0 017FFF01#7FFF7FFF00000000
(1790979286.763387) can0 02800161#7FFF7FC4800A00F0
(1790979286.763528) can0 017FFF02#7FFF7FFF00000000
(1790979286.763709) can0 02800263#7FFE7F85800700F0
(1790979286.763845) can0 017FFF03#7FFF7FFF00000000
(1790979286.764085) can0 02800365#7FFF7FED801A00E6
(1790979286.764222) can0 017FFF04#7FFF7FFF00000000
(1790979286.764457) can0 02800467#7FFF8069802900F0
(1790979286.764589) can0 017FFF05#7FD17FFF0F5C3333
(1790979286.764817) can0 02800569#7FDA7FAF7F2200F0
(1790979286.768234) can0 017FFF01#7FFF7FFF00000000
(1790979286.768433) can0 02800161#7FFF808E800000F0
(1790979286.768569) can0 017FFF02#7FFF7FFF00000000
(1790979286.768761) can0 02800263#7FFE80057FFB00F0
(1790979286.768897) can0 017FFF03#7FFF7FFF00000000
(1790979286.769135) can0 02800365#7FFF7FF77FF900E6
(1790979286.769273) can0 017FFF04#7FFF7FFF00000000
(1790979286.769510) can0 02800467#7FFF8083802800F0
(1790979286.769641) can0 017FFF05#7FD17FFF0F5C3333
(1790979286.769870) can0 02800569#7FD980147F1F00F0
(1790979286.773237) can0 017FFF01#7FFF7FFF00000000
(1790979286.773435) can0 02800161#7FFF7FF67FFE00F0
(1790979286.773571) can0 017FFF02#7FFF7FFF00000000
(1790979286.773760) can0 02800263#7FFE7F9A800200F0
(1790979286.773896) can0 017FFF03#7FFF7FFF00000000
(1790979286.774137) can0 02800365#7FFF80187FFD00E6
(1790979286.774275) can0 017FFF04#7FFF7FFF00000000
(1790979286.774509) can0 02800467#7FFF7FC97FF600F0
(1790979286.774640) can0 017FFF05#7FD07FFF0F5C3333
(1790979286.774870) can0 02800569#7FDA80367F1C00F0
(1790979286.778235) can0 017FFF01#7FFF7FFF00000000
(1790979286.778435) can0 02800161#7FFF7FEE801C00F0
(1790979286.778571) can0 017FFF02#7FFF7FFF00000000
(1790979286.778758) can0 02800263#7FFE80BB7FDF00F0
(1790979286.778894) can0 017FFF03#7FFF7FFF00000000
(1790979286.779136) can0 02800365#7FFF8005800700E6
(1790979286.779273) can0 017FFF04#7FFF7FFF00000000
(1790979286.779508) can0 02800467#7FFF7FF17FF300F0
(1790979286.779640) can0 017FFF05#7FCF7FFF0F5C3333
(1790979286.779868) can0 02800569#7FD980117F2E00F0
(1790979286.783233) can0 017FFF01#7FFF7FFF00000000
(1790979286.783387) can0 02800161#7FFF80A57FFD00F0
(1790979286.783528) can0 017FFF02#7FFF7FFF00000000
(1790979286.783709) can0 02800263#7FFF803D7FF200F0
(1790979286.783845) can0 017FFF03#7FFF7FFF00000000
(1790979286.784083) can0 02800365#7FFF80437FFD00E6
(1790979286.784221) can0 017FFF04#7FFF7FFF00000000
(1790979286.784462) can0 02800467#7FFF7FF7801C00F0
(1790979286.784587) can0 017FFF05#7FCF7FFF0F5C3333
(1790979286.784821) can0 02800569#7FD980127F2C00F0
(1790979286.788234) can0 017FFF01#7FFF7FFF00000000
(1790979286.788433) can0 02800161#7FFF7FE4800300F0
(1790979286.788569) can0 017FFF02#7FFF7FFF00000000
(1790979286.788759) can0 02800263#7FFE7F0D7FEB00F0
(1790979286.788895) can0 017FFF03#7FFF7FFF00000000
(1790979286.789136) can0 02800365#7FFF80057FF100E6
(1790979286.789274) can0 017FFF04#7FFF7FFF00000000
(1790979286.789509) can0 02800467#7FFF8038801500F0
(1790979286.789641) can0 017FFF05#7FCE7FFF0F5C3333
(1790979286.789871) can0 02800569#7FD9801D7F1400F0
(1790979286.793233) can0 017FFF01#7FFF7FFF00000000
(1790979286.793389) can0 02800161#7FFF8018800000F0
(1790979286.793530) can0 017FFF02#7FFF7FFF00000000
(1790979286.793708) can0 02800263#7FFE7F697FF300F0
(1790979286.793844) can0 017FFF03#7FFF7FFF00000000
(1790979286.794084) can0 02800365#7FFF7F847FF100E6
(1790979286.794221) can0 017FFF04#7FFF7FFF00000000
(1790979286.794461) can0 02800467#7FFF7FFB7FE300F0
(1790979286.794592) can0 017FFF05#7FCD7FFF0F5C3333
(1790979286.794817) can0 02800569#7FD87FAC7F1100F0
(1790979286.798234) can0 017FFF01#7FFF7FFF00000000
(1790979286.798434) can0 02800161#7FFF8016801400F0
(1790979286.798570) can0 017FFF02#7FFF7FFF00000000
(1790979286.798759) can0 02800263#7FFE80587FE200F0
(1790979286.798895) can0 017FFF03#7FFF7FFF00000000
(1790979286.799135) can0 02800365#7FFF7FB4800200E6
(1790979286.799272) can0 017FFF04#7FFF7FFF00000000
(1790979286.799510) can0 02800467#7FFF7FFD7FFF00F0
(1790979286.799641) can0 017FFF05#7FCD7FFF0F5C3333
(1790979286.799868) can0 02800569#7FD87FF77EE900F0
(1790979286.803235) can0 017FFF01#7FFF7FFF00000000
(1790979286.803434) can0 02800161#7FFF806F801C00F0
(1790979286.803571) can0 017FFF02#7FFF7FFF00000000
(1790979286.803760) can0 02800263#7FFE7FFD7FFD00F0
(1790979286.803896) can0 017FFF03#7FFF7FFF00000000
(1790979286.804134) can0 02800365#7FFF7FC97FF700E6
(1790979286.804271) can0 017FFF04#7FFF7FFF00000000
(1790979286.804510) can0 02800467#7FFF7FF37FC600F0
(1790979286.804641) can0 017FFF05#7FCC7FFF0F5C3333
(1790979286.804867) can0 02800569#7FD87FE27EF500F0
(1790979286.808234) can0 017FFF01#7FFF7FFF00000000
(1790979286.808432) can0 02800161#7FFF7FD07FE800F0
(1790979286.808568) can0 017FFF02#7FFF7FFF00000000
(1790979286.808757) can0 02800263#7FFE7FB77FF500F0
(1790979286.808894) can0 017FFF03#7FFF7FFF00000000
(1790979286.809135) can0 02800365#7FFF7FBC7FE000E6
(1790979286.809272) can0 017FFF04#7FFF7FFF00000000
(1790979286.809509) can0 02800467#7FFF7FDE7FED00F0
(1790979286.809640) can0 017FFF05#7FCB7FFF0F5C3333
(1790979286.809871) can0 02800569#7FD77FF47EF900F0
(1790979286.813234) can0 017FFF01#7FFF7FFF00000000
(1790979286.813430) can0 02800161#7FFF7F0B7FFD00F0
(1790979286.813567) can0 017FFF02#7FFF7FFF00000000
(1790979286.813758) can0 02800263#7FFE7FD07FF500F0
(1790979286.813895) can0 017FFF03#7FFF7FFF00000000
(1790979286.814136) can0 02800365#7FFF7FF07FF900E6
(1790979286.814273) can0 017FFF04#7FFF7FFF00000000
(1790979286.814509) can0 02800467#7FFF803D7FF700F0
(1790979286.814640) can0 017FFF05#7FCB7FFF0F5C3333
(1790979286.814868) can0 02800569#7FD880117ED300F0
(1790979286.818233) can0 017FFF01#7FFF7FFF00000000
(1790979286.818388) can0 02800161#7FFF7FBF800E00F0
(1790979286.818530) can0 017FFF02#7FFF7FFF00000000
(1790979286.818712) can0 02800263#7FFF803C801400F0
(1790979286.818848) can0 017FFF03#7FFF7FFF00000000
(1790979286.819085) can0 02800365#7FFF7FFA7FFA00E6
(1790979286.819222) can0 017FFF04#7FFF7FFF00000000
(1790979286.819460) can0 02800467#7FFF7FCA7FFA00F0
(1790979286.819591) can0 017FFF05#7FCC7FFF0F5C3333
(1790979286.819818) can0 02800569#7FD880037EC000F0
(1790979286.823233) can0 017FFF01#7FFF7FFF00000000
(1790979286.823387) can0 02800161#7FFF8011800100F0
(1790979286.823529) can0 017FFF02#7FFF7FFF00000000
(1790979286.823708) can0 02800263#7FFE801D800600F0
(1790979286.823845) can0 017FFF03#7FFF7FFF00000000
(1790979286.824084) can0 02800365#7FFF7FB67FF700E6
(1790979286.824221) can0 017FFF04#7FFF7FFF00000000
(1790979286.824458) can0 02800467#7FFF7FC97FC700F0
(1790979286.824590) can0 017FFF05#7FCC7FFF0F5C3333
(1790979286.824820) can0 02800569#7FD77FA77EDC00F0
(1790979286.828233) can0 017FFF01#7FFF7FFF00000000
(1790979286.828387) can0 02800161#7FFF801C7FF300F0
(1790979286.828529) can0 017FFF02#7FFF7FFF00000000
(1790979286.828710) can0 02800263#7FFE7FA5801200F0
(1790979286.828846) can0 017FFF03#7FFF7FFF00000000
(1790979286.829085) can0 02800365#7FFF805E801800E6
(1790979286.829222) can0 017FFF04#7FFF7FFF00000000
(1790979286.829463) can0 02800467#7FFF7FE0804400F0
(1790979286.829594) can0 017FFF05#7FCD7FFF0F5C3333
(1790979286.829818) can0 02800569#7FD87FF07EC700F0
(1790979286.833234) can0 017FFF01#7FFF7FFF00000000
(1790979286.833431) can0 02800161#7FFF800A800200F0
(1790979286.833568) can0 017FFF02#7FFF7FFF00000000
(1790979286.833761) can0 02800263#7FFF80B87FF700F0
(1790979286.833897) can0 017FFF03#7FFF7FFF00000000
(1790979286.834135) can0 02800365#7FFF7FF47FF300E6
(1790979286.834272) can0 017FFF04#7FFF7FFF00000000
(1790979286.834508) can0 02800467#7FFF7FCB7FDF00F0
(1790979286.834639) can0 017FFF05#7FCD7FFF0F5C3333
(1790979286.834867) can0 02800569#7FD880487ECB00F0
(1790979286.838232) can0 017FFF01#7FFF7FFF00000000
(1790979286.838386) can0 02800161#7FFF80707FF700F0
(1790979286.838528) can0 017FFF02#7FFF7FFF00000000
(1790979286.838709) can0 02800263#7FFF80127FF900F0
(1790979286.838846) can0 017FFF03#7FFF7FFF00000000
(1790979286.839085) can0 02800365#7FFF7FC7801000E6
(1790979286.839222) can0 017FFF04#7FFF7FFF00000000
(1790979286.839462) can0 02800467#7FFF7FCD7FFC00F0
(1790979286.839593) can0 017FFF05#7FCE7FFF0F5C3333
(1790979286.839820) can0 02800569#7FD7803B7EBE00F0
(1790979286.843238) can0 017FFF01#7FFF7FFF00000000
(1790979286.843434) can0 02800161#7FFF7F22800700F0
(1790979286.843571) can0 017FFF02#7FFF7FFF00000000
(1790979286.843758) can0 02800263#7FFE7F9D7FFB00F0
(1790979286.843895) can0 017FFF03#7FFF7FFF00000000
(1790979286.844135) can0 02800365#8000800A7FFA00E6
(1790979286.844272) can0 017FFF04#7FFF7FFF00000000
(1790979286.844515) can0 02800467#7FFF7FEA801E00F0
(1790979286.844639) can0 017FFF05#7FCF7FFF0F5C3333
(1790979286.844867) can0 02800569#7FD7800D7EED00F0
(1790979286.848235) can0 017FFF01#7FFF7FFF00000000
(1790979286.848432) can0 02800161#7FFF7F93800600F0
(1790979286.848569) can0 017FFF02#7FFF7FFF00000000
(1790979286.848760) can0 02800263#7FFE7F467FE900F0
(1790979286.848896) can0 017FFF03#7FFF7FFF00000000
(1790979286.849135) can0 02800365#7FFF7FE5800500E6
(1790979286.849272) can0 017FFF04#7FFF7FFF00000000
(1790979286.849508) can0 02800467#7FFF80097FCF00F0
(1790979286.849639) can0 017FFF05#7FCF7FFF0F5C3333
(1790979286.849868) can0 02800569#7FD780047EE900F0
(1790979286.853233) can0 017FFF01#7FFF7FFF00000000
(1790979286.853386) can0 02800161#7FFF7FCA800900F0
(1790979286.853527) can0 017FFF02#7FFF7FFF00000000
(1790979286.853712) can0 02800263#7FFE800B7FFC00F0
(1790979286.853849) can0 017FFF03#7FFF7FFF00000000
(1790979286.854085) can0 02800365#7FFF7FDE800800E6
(1790979286.854222) can0 017FFF04#7FFF7FFF00000000
(1790979286.854461) can0 02800467#7FFF800A7FF000F0
(1790979286.854592) can0 017FFF05#7FD07FFF0F5C3333
(1790979286.854817) can0 02800569#7FD880557EF000F0
(1790979286.858235) can0 017FFF01#7FFF7FFF00000000
(1790979286.858433) can0 02800161#7FFF805B7FFF00F0
(1790979286.858569) can0 017FFF02#7FFF7FFF00000000
(1790979286.858758) can0 02800263#7FFE7FFD801B00F0
(1790979286.858894) can0 017FFF03#7FFF7FFF00000000
(1790979286.859134) can0 02800365#8000803A801C00E6
(1790979286.859272) can0 017FFF04#7FFF7FFF00000000
(1790979286.859507) can0 02800467#7FFE7FD4800A00F0
(1790979286.859638) can0 017FFF05#7FD17FFF0F5C3333
(1790979286.859869) can0 02800569#7FD77FEA7F0300F0
(1790979286.863239) can0 017FFF01#7FFF7FFF00000000
(1790979286.863436) can0 02800161#7FFF7FBD7FFD00F0
(1790979286.863572) can0 017FFF02#7FFF7FFF00000000
(1790979286.863761) can0 02800263#7FFF80A17FF400F0
(1790979286.863897) can0 017FFF03#7FFF7FFF00000000
(1790979286.864135) can0 02800365#7FFF7FFC7FF500E6
(1790979286.864273) can0 017FFF04#7FFF7FFF00000000
(1790979286.864509) can0 02800467#7FFF7FC7801100F0
(1790979286.864633) can0 017FFF05#7FD17FFF0F5C3333
(1790979286.864867) can0 02800569#7FD780427EFA00F0
(1790979286.868233) can0 017FFF01#7FFF7FFF00000000
(1790979286.868431) can0 02800161#7FFF80BF800A00F0
(1790979286.868567) can0 017FFF02#7FFF7FFF00000000
(1790979286.868759) can0 02800263#7FFF8086800A00F0
(1790979286.868895) can0 017FFF03#7FFF7FFF00000000
(1790979286.869136) can0 02800365#7FFF7FBF7FFF00E6
(1790979286.869274) can0 017FFF04#7FFF7FFF00000000
(1790979286.869510) can0 02800467#7FFF7FE57FE600F0
(1790979286.869641) can0 017FFF05#7FD27FFF0F5C3333
(1790979286.869871) can0 02800569#7FD77FF07F4000F0
(1790979286.873233) can0 017FFF01#7FFF7FFF00000000
(1790979286.873387) can0 02800161#7FFF8099800700F0
(1790979286.873528) can0 017FFF02#7FFF7FFF00000000
(1790979286.873708) can0 02800263#7FFE7FED801300F0
(1790979286.873844) can0 017FFF03#7FFF7FFF00000000
(1790979286.874085) can0 02800365#80007FF1801300E6
(1790979286.874223) can0 017FFF04#7FFF7FFF00000000
(1790979286.874460) can0 02800467#7FFF8006800300F0
(1790979286.874591) can0 017FFF05#7FD37FFF0F5C3333
(1790979286.874818) can0 02800569#7FD880177F3200F0
(1790979286.878233) can0 017FFF01#7FFF7FFF00000000
(1790979286.878388) can0 02800161#7FFF7FA97FFE00F0
(1790979286.878529) can0 017FFF02#7FFF7FFF00000000
(1790979286.878708) can0 02800263#7FFE7FAE7FF300F0
(1790979286.878844) can0 017FFF03#7FFF7FFF00000000
(1790979286.879084) can0 02800365#7FFF7FD37FFA00E6
(1790979286.879221) can0 017FFF04#7FFF7FFF00000000
(1790979286.879459) can0 02800467#7FFF7FD0800000F0
(1790979286.879590) can0 017FFF05#7FD37FFF0F5C3333
(1790979286.879817) can0 02800569#7FD77FDB7F6900F0
(1790979286.883234) can0 017FFF01#7FFF7FFF00000000
(1790979286.883433) can0 02800161#7FFF809C7FFC00F0
(1790979286.883569) can0 017FFF02#7FFF7FFF00000000
(1790979286.883761) can0 02800263#7FFE7F53800400F0
(1790979286.883897) can0 017FFF03#7FFF7FFF00000000
(1790979286.884135) can0 02800365#7FFF7FD3800B00E6
(1790979286.884272) can0 017FFF04#7FFF7FFF00000000
(1790979286.884509) can0 02800467#7FFF7FF0800D00F0
(1790979286.884641) can0 017FFF05#7FD47FFF0F5C3333
(1790979286.884868) can0 02800569#7FD77FF17F5E00F0
(1790979286.888233) can0 017FFF01#7FFF7FFF00000000
(1790979286.888431) can0 02800161#7FFF8007800100F0
(1790979286.888567) can0 017FFF02#7FFF7FFF00000000
(1790979286.888758) can0 02800263#7FFE80457FFE00F0
(1790979286.888894) can0 017FFF03#7FFF7FFF00000000
(1790979286.889134) can0 02800365#7FFF7FFE7FD600E6
(1790979286.889271) can0 017FFF04#7FFF7FFF00000000
(1790979286.889509) can0 02800467#7FFF7FC7800100F0
(1790979286.889640) can0 017FFF05#7FD57FFF0F5C3333
(1790979286.889866) can0 02800569#7FD880267F8500F0
(1790979286.893232) can0 017FFF01#7FFF7FFF00000000
(1790979286.893389) can0 02800161#7FFF7FE4801500F0
(1790979286.893531) can0 017FFF02#7FFF7FFF00000000
(1790979286.893708) can0 02800263#7FFE7F92800700F0
(1790979286.893844) can0 017FFF03#7FFF7FFF00000000
(1790979286.894085) can0 02800365#800080667FF400E6
(1790979286.894222) can0 017FFF04#7FFF7FFF00000000
(1790979286.894459) can0 02800467#7FFF8017800600F0
(1790979286.894590) can0 017FFF05#7FD57FFF0F5C3333
(1790979286.894818) can0 02800569#7FD77FEA7F5800F0
(1790979286.898232) can0 017FFF01#7FFF7FFF00000000
(1790979286.898387) can0 02800161#7FFF80D07FF700F0
(1790979286.898529) can0 017FFF02#7FFF7FFF00000000
(1790979286.898709) can0 02800263#7FFE7F867FF700F0
(1790979286.898845) can0 017FFF03#7FFF7FFF00000000
(1790979286.899084) can0 02800365#7FFF802D7FEE00E6
(1790979286.899221) can0 017FFF04#7FFF7FFF00000000
(1790979286.899456) can0 02800467#7FFF7FDD7FD200F0
(1790979286.899587) can0 017FFF05#7FD67FFF0F5C3333
(1790979286.899816) can0 02800569#7FD880557F3B00F0
(1790979286.903232) can0 017FFF01#7FFF7FFF00000000
(1790979286.903389) can0 02800161#7FFF7FC37FF800F0
(1790979286.903531) can0 017FFF02#7FFF7FFF00000000
(1790979286.903709) can0 02800263#7FFF80C07FEE00F0
(1790979286.903845) can0 017FFF03#7FFF7FFF00000000
(1790979286.904085) can0 02800365#7FFF7FD1802C00E6
(1790979286.904222) can0 017FFF04#7FFF7FFF00000000
(1790979286.904457) can0 02800467#7FFF7FDE7FFA00F0
(1790979286.904582) can0 017FFF05#7FD77FFF0F5C3333
(1790979286.904818) can0 02800569#7FD87FBB7F6C00F0
(1790979286.908233) can0 017FFF01#7FFF7FFF00000000
(1790979286.908432) can0 02800161#7FFF807C800900F0
(1790979286.908569) can0 017FFF02#7FFF7FFF00000000
(1790979286.908759) can0 02800263#7FFE7F39800500F0
(1790979286.908895) can0 017FFF03#7FFF7FFF00000000
(1790979286.909136) can0 02800365#7FFF80297FFF00E6
(1790979286.909273) can0 017FFF04#7FFF7FFF00000000
(1790979286.909510) can0 02800467#7FFF8005801600F0
(1790979286.909641) can0 017FFF05#7FD77FFF0F5C3333
(1790979286.909870) can0 02800569#7FD87FF07FB000F0
(1790979286.913233) can0 017FFF01#7FFF7FFF00000000
(1790979286.913429) can0 02800161#7FFF7FE4800A00F0
(1790979286.913566) can0 017FFF02#7FFF7FFF00000000
(1790979286.913758) can0 02800263#7FFE7F9F7FF800F0
(1790979286.913895) can0 017FFF03#7FFF7FFF00000000
(1790979286.914135) can0 02800365#7FFF7F737FFC00E6
(1790979286.914272) can0 017FFF04#7FFF7FFF00000000
(1790979286.914509) can0 02800467#7FFF7FE7800300F0
(1790979286.914640) can0 017FFF05#7FD87FFF0F5C3333
(1790979286.914866) can0 02800569#7FD87FE57FBA00F0
(1790979286.918233) can0 017FFF01#7FFF7FFF00000000
(1790979286.918429) can0 02800161#7FFF804F7FFE00F0
(1790979286.918566) can0 017FFF02#7FFF7FFF00000000
(1790979286.918759) can0 02800263#7FFE7FBF7FF600F0
(1790979286.918895) can0 017FFF03#7FFF7FFF00000000
(1790979286.919136) can0 02800365#80007FF97FF400E6
(1790979286.919273) can0 017FFF04#7FFF7FFF00000000
(1790979286.919508) can0 02800467#7FFF7FC77FEF00F0
(1790979286.919639) can0 017FFF05#7FD97FFF0F5C3333
(1790979286.919868) can0 02800569#7FD8800D7F9E00F0
(1790979286.923232) can0 017FFF01#7FFF7FFF00000000
(1790979286.923388) can0 02800161#7FFF7FD07FFF00F0
(1790979286.923530) can0 017FFF02#7FFF7FFF00000000
(1790979286.923707) can0 02800263#7FFE7F3A7FFF00F0
(1790979286.923844) can0 017FFF03#7FFF7FFF00000000
(1790979286.924085) can0 02800365#7FFF8020800500E6
(1790979286.924222) can0 017FFF04#7FFF7FFF00000000
(1790979286.924459) can0 02800467#7FFF802C7FF000F0
(1790979286.924591) can0 017FFF05#7FD97FFF0F5C3333
(1790979286.924817) can0 02800569#7FD87FEA7FD100F0
(1790979286.928232) can0 017FFF01#7FFF7FFF00000000
(1790979286.928428) can0 02800161#7FFF7FA67FF900F0
(1790979286.928565) can0 017FFF02#7FFF7FFF00000000
(1790979286.928759) can0 02800263#7FFE7F997FF800F0
(1790979286.928896) can0 017FFF03#7FFF7FFF00000000
(1790979286.929135) can0 02800365#7FFF7FA37FF300E6
(1790979286.929272) can0 017FFF04#7FFF7FFF00000000
(1790979286.929508) can0 02800467#7FFF7FDC800100F0
(1790979286.929639) can0 017FFF05#7FDA7FFF0F5C3333
(1790979286.929868) can0 02800569#7FD87FE97FF200F0
(1790979286.933233) can0 017FFF01#7FFF7FFF00000000
(1790979286.933429) can0 02800161#7FFF7FB77FFA00F0
(1790979286.933565) can0 017FFF02#7FFF7FFF00000000
(1790979286.933757) can0 02800263#7FFE807C801900F0
(1790979286.933894) can0 017FFF03#7FFF7FFF00000000
(1790979286.934134) can0 02800365#7FFF805F800E00E6
(1790979286.934272) can0 017FFF04#7FFF7FFF00000000
(1790979286.934508) can0 02800467#7FFF801B801600F0
(1790979286.934639) can0 017FFF05#7FDB7FFF0F5C3333
(1790979286.934828) can0 02800569#7FD87FCA800300F0
(1790979286.938233) can0 017FFF01#7FFF7FFF00000000
(1790979286.938428) can0 02800161#7FFF7FDC800D00F0
(1790979286.938564) can0 017FFF02#7FFF7FFF00000000
(1790979286.938758) can0 02800263#7FFE7FC5801800F0
(1790979286.938895) can0 017FFF03#7FFF7FFF00000000
(1790979286.939135) can0 02800365#7FFF7FF2800600E6
(1790979286.939273) can0 017FFF04#7FFF7FFF00000000
(1790979286.939508) can0 02800467#7FFF7FD97FEB00F0
(1790979286.939639) can0 017FFF05#7FDB7FFF0F5C3333
(1790979286.939831) can0 02800569#7FD8800A800C00F0
(1790979286.943232) can0 017FFF01#7FFF7FFF00000000
(1790979286.943386) can0 02800161#7FFF80097FFD00F0
(1790979286.943527) can0 017FFF02#7FFF7FFF00000000
(1790979286.943708) can0 02800263#7FFE7FF7800900F0
(1790979286.943844) can0 017FFF03#7FFF7FFF00000000
(1790979286.944084) can0 02800365#7FFF7FF67FEE00E6
(1790979286.944222) can0 017FFF04#7FFF7FFF00000000
(1790979286.944458) can0 02800467#7FFF7FC37FD900F0
(1790979286.944583) can0 017FFF05#7FDC7FFF0F5C3333
(1790979286.944817) can0 02800569#7FD98026800300F0
(1790979286.948232) can0 017FFF01#7FFF7FFF00000000
(1790979286.948429) can0 02800161#7FFF7FC07FFD00F0
(1790979286.948565) can0 017FFF02#7FFF7FFF00000000
(1790979286.948761) can0 02800263#7FFE7F907FEC00F0
(1790979286.948898) can0 017FFF03#7FFF7FFF00000000
(1790979286.949135) can0 02800365#7FFF8028800400E6
(1790979286.949272) can0 017FFF04#7FFF7FFF00000000
(1790979286.949507) can0 02800467#7FFF7FCC7FEF00F0
(1790979286.949638) can0 017FFF05#7FDC7FFF0F5C3333
(1790979286.949868) can0 02800569#7FD97FFF802000F0
(1790979286.953232) can0 017FFF01#7FFF7FFF00000000
(1790979286.953385) can0 02800161#7FFF7FD97FFD00F0
(1790979286.953526) can0 017FFF02#7FFF7FFF00000000
(1790979286.953709) can0 02800263#7FFE7F7F7FE900F0
(1790979286.953846) can0 017FFF03#7FFF7FFF00000000
(1790979286.954084) can0 02800365#7FFF7FE5800100E6
(1790979286.954222) can0 017FFF04#7FFF7FFF00000000
(1790979286.954459) can0 02800467#7FFF7FF17FEE00F0
(1790979286.954590) can0 017FFF05#7FDD7FFF0F5C3333
(1790979286.954777) can0 02800569#7FD9800B803100F0
(1790979286.958233) can0 017FFF01#7FFF7FFF00000000
(1790979286.958429) can0 02800161#7FFF7F8C7FF300F0
(1790979286.958565) can0 017FFF02#7FFF7FFF00000000
(1790979286.958760) can0 02800263#7FFE7F61800400F0
(1790979286.958897) can0 017FFF03#7FFF7FFF00000000
(1790979286.959135) can0 02800365#7FFF7FCE7FFC00E6
(1790979286.959272) can0 017FFF04#7FFF7FFF00000000
(1790979286.959514) can0 02800467#7FFF7FE1801E00F0
(1790979286.959645) can0 017FFF05#7FDE7FFF0F5C3333
(1790979286.959866) can0 02800569#7FD9804B806800F0
(1790979286.963232) can0 017FFF01#7FFF7FFF00000000
(1790979286.963386) can0 02800161#7FFF7FB57FF100F0
(1790979286.963527) can0 017FFF02#7FFF7FFF00000000
(1790979286.963707) can0 02800263#7FFE8043800300F0
(1790979286.963844) can0 017FFF03#7FFF7FFF00000000
(1790979286.964081) can0 02800365#7FFF8053802E00E6
(1790979286.964219) can0 017FFF04#7FFF7FFF00000000
(1790979286.964458) can0 02800467#7FFE7FA77FF000F0
(1790979286.964590) can0 017FFF05#7FDE7FFF0F5C3333
(1790979286.964816) can0 02800569#7FD9805A802900F0
(1790979286.968231) can0 017FFF01#7FFF7FFF00000000
(1790979286.968427) can0 02800161#7FFF7F1B800900F0
(1790979286.968564) can0 017FFF02#7FFF7FFF00000000
(1790979286.968760) can0 02800263#7FFE804B7FF000F0
(1790979286.968897) can0 017FFF03#7FFF7FFF00000000
(1790979286.969134) can0 02800365#7FFF7F84800300E6
(1790979286.969271) can0 017FFF04#7FFF7FFF00000000
(1790979286.969509) can0 02800467#7FFF80047FFB00F0
(1790979286.969640) can0 017FFF05#7FDF7FFF0F5C3333
(1790979286.969826) can0 02800569#7FDA7FEC806100F0
(1790979286.973233) can0 017FFF01#7FFF7FFF00000000
(1790979286.973428) can0 02800161#7FFF80477FF300F0
(1790979286.973564) can0 017FFF02#7FFF7FFF00000000
(1790979286.973757) can0 02800263#7FFE7FAA7FEA00F0
(1790979286.973894) can0 017FFF03#7FFF7FFF00000000
(1790979286.974133) can0 02800365#80007FFE7FE600E6
(1790979286.974271) can0 017FFF04#7FFF7FFF00000000
(1790979286.974508) can0 02800467#7FFF808E7FF800F0
(1790979286.974641) can0 017FFF05#7FE07FFF0F5C3333
(1790979286.974825) can0 02800569#7FD98024806F00F0
(1790979286.978232) can0 017FFF01#7FFF7FFF00000000
(1790979286.978428) can0 02800161#7FFF8013800100F0
(1790979286.978564) can0 017FFF02#7FFF7FFF00000000
(1790979286.978756) can0 02800263#7FFE7F9E7FEA00F0
(1790979286.978893) can0 017FFF03#7FFF7FFF00000000
(1790979286.979135) can0 02800365#80008070801F00E6
(1790979286.979273) can0 017FFF04#7FFF7FFF00000000
(1790979286.979511) can0 02800467#7FFF801F7FF700F0
(1790979286.979644) can0 017FFF05#7FE07FFF0F5C3333
(1790979286.979866) can0 02800569#7FDA8027805000F0
(1790979286.983231) can0 017FFF01#7FFF7FFF00000000
(1790979286.983387) can0 02800161#7FFF7FEA7FE700F0
(1790979286.983528) can0 017FFF02#7FFF7FFF00000000
(1790979286.983707) can0 02800263#7FFF803A7FFA00F0
(1790979286.983843) can0 017FFF03#7FFF7FFF00000000
(1790979286.984084) can0 02800365#7FFF7FC97FE300E6
(1790979286.984221) can0 017FFF04#7FFF7FFF00000000
(1790979286.984459) can0 02800467#7FFF801E800600F0
(1790979286.984593) can0 017FFF05#7FE17FFF0F5C3333
(1790979286.984779) can0 02800569#7FDA8020806400F0
(1790979286.988232) can0 017FFF01#7FFF7FFF00000000
(1790979286.988428) can0 02800161#7FFF7FD8800B00F0
(1790979286.988565) can0 017FFF02#7FFF7FFF00000000
(1790979286.988759) can0 02800263#7FFE80127FF000F0
(1790979286.988896) can0 017FFF03#7FFF7FFF00000000
(1790979286.989133) can0 02800365#7FFF8015800200E6
(1790979286.989271) can0 017FFF04#7FFF7FFF00000000
(1790979286.989508) can0 02800467#7FFF80397FF900F0
(1790979286.989639) can0 017FFF05#7FE27FFF0F5C3333
(1790979286.989826) can0 02800569#7FDA8006809200F0
(1790979286.993233) can0 017FFF01#7FFF7FFF00000000
(1790979286.993432) can0 02800161#7FFF80567FFC00F0
(1790979286.993568) can0 017FFF02#7FFF7FFF00000000
(1790979286.993757) can0 02800263#7FFF804C7FF300F0
(1790979286.993893) can0 017FFF03#7FFF7FFF00000000
(1790979286.994133) can0 02800365#8000802F7FF900E6
(1790979286.994271) can0 017FFF04#7FFF7FFF00000000
(1790979286.994507) can0 02800467#7FFF80067FDD00F0
(1790979286.994638) can0 017FFF05#7FE27FFF0F5C3333
(1790979286.994828) can0 02800569#7FDA8020808100F0
(1790979286.998230) can0 017FFF01#7FFF7FFF00000000
(1790979286.998386) can0 02800161#7FFF8036800500F0
(1790979286.998527) can0 017FFF02#7FFF7FFF00000000
(1790979286.998707) can0 02800263#7FFE8081800B00F0
(1790979286.998843) can0 017FFF03#7FFF7FFF00000000
(1790979286.999085) can0 02800365#7FFF7FF9800B00E6
(1790979286.999223) can0 017FFF04#7FFF7FFF00000000
(1790979286.999461) can0 02800467#7FFF7FFD801400F0
(1790979286.999595) can0 017FFF05#7FE37FFF0F5C3333
(1790979286.999819) can0 02800569#7FDA7FEE80CC00F0
(1790979287.003231) can0 017FFF01#7FFF7FFF00000000
(1790979287.003428) can0 02800161#7FFF7FA57FFE00F0
(1790979287.003564) can0 017FFF02#7FFF7FFF00000000
(1790979287.003759) can0 02800263#7FFF80AD801000F0
(1790979287.003895) can0 017FFF03#7FFF7FFF00000000
(1790979287.004132) can0 02800365#7FFF7FC5804D00E6
(1790979287.004269) can0 017FFF04#7FFF7FFF00000000
(1790979287.004510) can0 02800467#7FFF801C7FEE00F0
(1790979287.004642) can0 017FFF05#7FE47FFF0F5C3333
(1790979287.004870) can0 02800569#7FDB804080C400F0
(1790979287.008232) can0 017FFF01#7FFF7FFF00000000
(1790979287.008429) can0 02800161#7FFF8089800100F0
(1790979287.008565) can0 017FFF02#7FFF7FFF00000000
(1790979287.008758) can0 02800263#7FFE7F0F801600F0
(1790979287.008894) can0 017FFF03#7FFF7FFF00000000
(1790979287.009134) can0 02800365#7FFF803F7FF600E6
(1790979287.009271) can0 017FFF04#7FFF7FFF00000000
(1790979287.009507) can0 02800467#7FFF8035800200F0
(1790979287.009641) can0 017FFF05#7FE47FFF0F5C3333
(1790979287.009825) can0 02800569#7FDB7FF380B300F0
(1790979287.013233) can0 017FFF01#7FFF7FFF00000000
(1790979287.013432) can0 02800161#7FFF806D7FF000F0
(1790979287.013568) can0 017FFF02#7FFF7FFF00000000
(1790979287.013756) can0 02800263#7FFE8020802500F0
(1790979287.013892) can0 017FFF03#7FFF7FFF00000000
(1790979287.014134) can0 02800365#7FFF7FEC800300E6
(1790979287.014271) can0 017FFF04#7FFF7FFF00000000
(1790979287.014507) can0 02800467#7FFF803D806800F0
(1790979287.014639) can0 017FFF05#7FE57FFF0F5C3333
(1790979287.014828) can0 02800569#7FDB7FF2809F00F0
(1790979287.018233) can0 017FFF01#7FFF7FFF00000000
(1790979287.018430) can0 02800161#7FFF7FD67FFA00F0
(1790979287.018566) can0 017FFF02#7FFF7FFF00000000
(1790979287.018757) can0 02800263#7FFE7FB47FFE00F0
(1790979287.018893) can0 017FFF03#7FFF7FFF00000000
(1790979287.019134) can0 02800365#7FFF7FCB800E00E6
(1790979287.019271) can0 017FFF04#7FFF7FFF00000000
(1790979287.019509) can0 02800467#7FFF7FF07FFD00F0
(1790979287.019641) can0 017FFF05#7FE67FFF0F5C3333
(1790979287.019826) can0 02800569#7FDB802C80CE00F0
(1790979287.023232) can0 017FFF01#7FFF7FFF00000000
(1790979287.023428) can0 02800161#7FFF804B800B00F0
(1790979287.023564) can0 017FFF02#7FFF7FFF00000000
(1790979287.023757) can0 02800263#7FFF80567FF500F0
(1790979287.023893) can0 017FFF03#7FFF7FFF00000000
(1790979287.024135) can0 02800365#8000803F7FE900E6
(1790979287.024272) can0 017FFF04#7FFF7FFF00000000
(1790979287.024509) can0 02800467#7FFF7FCA801600F0
(1790979287.024640) can0 017FFF05#7FE67FFF0F5C3333
(1790979287.024826) can0 02800569#7FDB7FC080BB00F0
(1790979287.028232) can0 017FFF01#7FFF7FFF00000000
(1790979287.028428) can0 02800161#7FFF7FF1802100F0
(1790979287.028564) can0 017FFF02#7FFF7FFF00000000
(1790979287.028757) can0 02800263#7FFE7FF97FF900F0
(1790979287.028893) can0 017FFF03#7FFF7FFF00000000
(1790979287.029133) can0 02800365#7FFF7F6D800E00E6
(1790979287.029270) can0 017FFF04#7FFF7FFF00000000
(1790979287.029506) can0 02800467#7FFF7FDB7FF900F0
(1790979287.029638) can0 017FFF05#7FE77FFF0F5C3333
(1790979287.029866) can0 02800569#7FDC7FCB80E300F0
(1790979287.033231) can0 017FFF01#7FFF7FFF00000000
(1790979287.033427) can0 02800161#7FFF80587FF600F0
(1790979287.033563) can0 017FFF02#7FFF7FFF00000000
(1790979287.033758) can0 02800263#7FFE8023801F00F0
(1790979287.033894) can0 017FFF03#7FFF7FFF00000000
(1790979287.034134) can0 02800365#7FFF8001801A00E6
(1790979287.034271) can0 017FFF04#7FFF7FFF00000000
(1790979287.034506) can0 02800467#7FFF802E7FE600F0
(1790979287.034639) can0 017FFF05#7FE87FFF0F5C3333
(1790979287.034826) can0 02800569#7FDC801B80E900F0
(1790979287.038232) can0 017FFF01#7FFF7FFF00000000
(1790979287.038431) can0 02800161#7FFF7FEE7FF500F0
(1790979287.038567) can0 017FFF02#7FFF7FFF00000000
(1790979287.038756) can0 02800263#7FFE7FB1801B00F0
(1790979287.038892) can0 017FFF03#7FFF7FFF00000000
(1790979287.039134) can0 02800365#80007F907FE600E6
(1790979287.039271) can0 017FFF04#7FFF7FFF00000000
(1790979287.039509) can0 02800467#7FFF7FF37FED00F0
(1790979287.039642) can0 017FFF05#7FE87FFF0F5C3333
(1790979287.039827) can0 02800569#7FDC802080E000F0
(1790979287.043232) can0 017FFF01#7FFF7FFF00000000
(1790979287.043428) can0 02800161#7FFF8026800200F0
(1790979287.043564) can0 017FFF02#7FFF7FFF00000000
(1790979287.043759) can0 02800263#7FFE80607FD200F0
(1790979287.043895) can0 017FFF03#7FFF7FFF00000000
(1790979287.044134) can0 02800365#7FFF80657FFF00E6
(1790979287.044271) can0 017FFF04#7FFF7FFF00000000
(1790979287.044509) can0 02800467#7FFE7FB37FFF00F0
(1790979287.044640) can0 017FFF05#7FE97FFF0F5C3333
(1790979287.044825) can0 02800569#7FDD800480E300F0
(1790979287.048231) can0 017FFF01#7FFF7FFF00000000
(1790979287.048428) can0 02800161#7FFF8020800000F0
(1790979287.048565) can0 017FFF02#7FFF7FFF00000000
(1790979287.048758) can0 02800263#7FFE80317FE000F0
(1790979287.048894) can0 017FFF03#7FFF7FFF00000000
(1790979287.049134) can0 02800365#7FFF80237FF400E6
(1790979287.049271) can0 017FFF04#7FFF7FFF00000000
(1790979287.049507) can0 02800467#7FFF8006805700F0
(1790979287.049639) can0 017FFF05#7FE97FFF0F5C3333
(1790979287.049825) can0 02800569#7FDD8014810900F0
(1790979287.053233) can0 017FFF01#7FFF7FFF00000000
(1790979287.053430) can0 02800161#7FFF801E801300F0
(1790979287.053567) can0 017FFF02#7FFF7FFF00000000
(1790979287.053757) can0 02800263#7FFE7FF37FE900F0
(1790979287.053893) can0 017FFF03#7FFF7FFF00000000
(1790979287.054135) can0 02800365#7FFF7FE2800000E6
(1790979287.054272) can0 017FFF04#7FFF7FFF00000000
(1790979287.054509) can0 02800467#7FFF7FFD801500F0
(1790979287.054641) can0 017FFF05#7FEA7FFF0F5C3333
(1790979287.054826) can0 02800569#7FDE806780E800F0
(1790979287.058233) can0 017FFF01#7FFF7FFF00000000
(1790979287.058431) can0 02800161#7FFF7FDF800100F0
(1790979287.058567) can0 017FFF02#7FFF7FFF00000000
(1790979287.058757) can0 02800263#7FFE80837FED00F0
(1790979287.058893) can0 017FFF03#7FFF7FFF00000000
(1790979287.059133) can0 02800365#7FFF7FFC7FB300E6
(1790979287.059270) can0 017FFF04#7FFF7FFF00000000
(1790979287.059509) can0 02800467#7FFF80537FF200F0
(1790979287.059640) can0 017FFF05#7FEB7FFF0F5C3333
(1790979287.059825) can0 02800569#7FDE8029810D00F0
(1790979287.063231) can0 017FFF01#7FFF7FFF00000000
(1790979287.063426) can0 02800161#7FFF7F947FFB00F0
(1790979287.063563) can0 017FFF02#7FFF7FFF00000000
(1790979287.063757) can0 02800263#7FFE8063800F00F0
(1790979287.063893) can0 017FFF03#7FFF7FFF00000000
(1790979287.064135) can0 02800365#7FFF801E7FEB00E6
(1790979287.064272) can0 017FFF04#7FFF7FFF00000000
(1790979287.064509) can0 02800467#7FFF80147FF900F0
(1790979287.064633) can0 017FFF05#7FEB7FFF0F5C3333
(1790979287.064828) can0 02800569#7FDE801E810500F0
(1790979287.068233) can0 017FFF01#7FFF7FFF00000000
(1790979287.068430) can0 02800161#7FFF7F9C7FEE00F0
(1790979287.068567) can0 017FFF02#7FFF7FFF00000000
(1790979287.068756) can0 02800263#7FFE80947FE300F0
(1790979287.068892) can0 017FFF03#7FFF7FFF00000000
(1790979287.069135) can0 02800365#7FFF7FE07FF700E6
(1790979287.069272) can0 017FFF04#7FFF7FFF00000000
(1790979287.069506) can0 02800467#7FFF8023802100F0
(1790979287.069637) can0 017FFF05#7FEC7FFF0F5C3333
(1790979287.069827) can0 02800569#7FDF7FFB810600F0
(1790979287.073236) can0 017FFF01#7FFF7FFF00000000
(1790979287.073432) can0 02800161#7FFF7F437FFD00F0
(1790979287.073568) can0 017FFF02#7FFF7FFF00000000
(1790979287.073760) can0 02800263#7FFE7FC07FE400F0
(1790979287.073897) can0 017FFF03#7FFF7FFF00000000
(1790979287.074135) can0 02800365#8000805D7FE000E6
(1790979287.074272) can0 017FFF04#7FFF7FFF00000000
(1790979287.074506) can0 02800467#7FFF8070800900F0
(1790979287.074638) can0 017FFF05#7FED7FFF0F5C3333
(1790979287.074828) can0 02800569#7FDF7FEA810600F0
(1790979287.078235) can0 017FFF01#7FFF7FFF00000000
(1790979287.078431) can0 02800161#7FFF80087FF900F0
(1790979287.078567) can0 017FFF02#7FFF7FFF00000000
(1790979287.078760) can0 02800263#7FFE803A7FFC00F0
(1790979287.078896) can0 017FFF03#7FFF7FFF00000000
(1790979287.079133) can0 02800365#7FFF7FFC7FF700E6
(1790979287.079271) can0 017FFF04#7FFF7FFF00000000
(1790979287.079509) can0 02800467#7FFF7FF27FFD00F0
(1790979287.079641) can0 017FFF05#7FED7FFF0F5C3333
(1790979287.079830) can0 02800569#7FE07FE9810500F0
(1790979287.083235) can0 017FFF01#7FFF7FFF00000000
(1790979287.083432) can0 02800161#7FFF7FD1801000F0
(1790979287.083568) can0 017FFF02#7FFF7FFF00000000
(1790979287.083756) can0 02800263#7FFE7FED800200F0
(1790979287.083892) can0 017FFF03#7FFF7FFF00000000
(1790979287.084132) can0 02800365#7FFF7FCD7FEF00E6
(1790979287.084270) can0 017FFF04#7FFF7FFF00000000
(1790979287.084509) can0 02800467#7FFF8038800E00F0
(1790979287.084640) can0 017FFF05#7FEE7FFF0F5C3333
(1790979287.084827) can0 02800569#7FE0804F811E00F0
(1790979287.088233) can0 017FFF01#7FFF7FFF00000000
(1790979287.088433) can0 02800161#7FFF7FED7FF400F0
(1790979287.088569) can0 017FFF02#7FFF7FFF00000000
(1790979287.088757) can0 02800263#7FFE7F957FFB00F0
(1790979287.088894) can0 017FFF03#7FFF7FFF00000000
(1790979287.089134) can0 02800365#7FFF80467FE600E6
(1790979287.089272) can0 017FFF04#7FFF7FFF00000000
(1790979287.089507) can0 02800467#7FFF8062800700F0
(1790979287.089639) can0 017FFF05#7FEF7FFF0F5C3333
(1790979287.089828) can0 02800569#7FE1800B811F00F0
(1790979287.093234) can0 017FFF01#7FFF7FFF00000000
(1790979287.093431) can0 02800161#7FFF7FE1800B00F0
(1790979287.093567) can0 017FFF02#7FFF7FFF00000000
(1790979287.093757) can0 02800263#7FFE80667FE800F0
(1790979287.093893) can0 017FFF03#7FFF7FFF00000000
(1790979287.094132) can0 02800365#7FFF7FCE800700E6
(1790979287.094270) can0 017FFF04#7FFF7FFF00000000
(1790979287.094506) can0 02800467#7FFF7FFA7FF700F0
(1790979287.094638) can0 017FFF05#7FEF7FFF0F5C3333
(1790979287.094825) can0 02800569#7FE18028812B00F0
(1790979287.098231) can0 017FFF01#7FFF7FFF00000000
(1790979287.098428) can0 02800161#7FFF7FE7800F00F0
(1790979287.098564) can0 017FFF02#7FFF7FFF00000000
(1790979287.098756) can0 02800263#7FFE80A57FD800F0
(1790979287.098892) can0 017FFF03#7FFF7FFF00000000
(1790979287.099135) can0 02800365#7FFF7FF2801400E6
(1790979287.099272) can0 017FFF04#7FFF7FFF00000000
(1790979287.099507) can0 02800467#7FFF8013800100F0
(1790979287.099639) can0 017FFF05#7FF07FFF0F5C3333
(1790979287.099828) can0 02800569#7FE17FC2814100F0
(1790979287.103230) can0 017FFF01#7FFF7FFF00000000
(1790979287.103430) can0 02800161#7FFF80C4800400F0
(1790979287.103566) can0 017FFF02#7FFF7FFF00000000
(1790979287.103755) can0 02800263#7FFE7F847FFA00F0
(1790979287.103891) can0 017FFF03#7FFF7FFF00000000
(1790979287.104135) can0 02800365#80007FE8800000E6
(1790979287.104272) can0 017FFF04#7FFF7FFF00000000
(1790979287.104509) can0 02800467#7FFF801C7FEB00F0
(1790979287.104641) can0 017FFF05#7FF17FFF0F5C3333
(1790979287.104828) can0 02800569#7FE18016816000F0
(1790979287.108232) can0 017FFF01#7FFF7FFF00000000
(1790979287.108430) can0 02800161#7FFF80747FF800F0
(1790979287.108566) can0 017FFF02#7FFF7FFF00000000
(1790979287.108755) can0 02800263#7FFE8038801900F0
(1790979287.108891) can0 017FFF03#7FFF7FFF00000000
(1790979287.109134) can0 02800365#7FFF802E7FF300E6
(1790979287.109271) can0 017FFF04#7FFF7FFF00000000
(1790979287.109505) can0 02800467#7FFE7F89801900F0
(1790979287.109637) can0 017FFF05#7FF17FFF0F5C3333
(1790979287.109826) can0 02800569#7FE2801D815A00F0
(1790979287.113233) can0 017FFF01#7FFF7FFF00000000
(1790979287.113433) can0 02800161#7FFF80837FFC00F0
(1790979287.113569) can0 017FFF02#7FFF7FFF00000000
(1790979287.113758) can0 02800263#7FFE7FB6800400F0
(1790979287.113894) can0 017FFF03#7FFF7FFF00000000
(1790979287.114134) can0 02800365#7FFF7F7C7FF700E6
(1790979287.114271) can0 017FFF04#7FFF7FFF00000000
(1790979287.114508) can0 02800467#7FFF7F8F803B00F0
(1790979287.114641) can0 017FFF05#7FF27FFF0F5C3333
(1790979287.114825) can0 02800569#7FE28057816E00F0
(1790979287.118233) can0 017FFF01#7FFF7FFF00000000
(1790979287.118430) can0 02800161#7FFF7F9E801200F0
(1790979287.118566) can0 017FFF02#7FFF7FFF00000000
(1790979287.118756) can0 02800263#7FFE7FBC7FF600F0
(1790979287.118892) can0 017FFF03#7FFF7FFF00000000
(1790979287.119133) can0 02800365#800080407FF600E6
(1790979287.119270) can0 017FFF04#7FFF7FFF00000000
(1790979287.119507) can0 02800467#7FFF80257FED00F0
(1790979287.119639) can0 017FFF05#7FF37FFF0F5C3333
(1790979287.119826) can0 02800569#7FE27FEA817900F0
(1790979287.123233) can0 017FFF01#7FFF7FFF00000000
(1790979287.123432) can0 02800161#7FFF7FCD7FFC00F0
(1790979287.123568) can0 017FFF02#7FFF7FFF00000000
(1790979287.123757) can0 02800263#7FFE8010800B00F0
(1790979287.123893) can0 017FFF03#7FFF7FFF00000000
(1790979287.124132) can0 02800365#7FFF7FAC800200E6
(1790979287.124269) can0 017FFF04#7FFF7FFF00000000
(1790979287.124506) can0 02800467#7FFF802B7FFD00F0
(1790979287.124637) can0 017FFF05#7FF37FFF0F5C3333
(1790979287.124827) can0 02800569#7FE38046816400F0
(1790979287.128232) can0 017FFF01#7FFF7FFF00000000
(1790979287.128427) can0 02800161#7FFF7F5E800600F0
(1790979287.128564) can0 017FFF02#7FFF7FFF00000000
(1790979287.128759) can0 02800263#7FFF8056800400F0
(1790979287.128895) can0 017FFF03#7FFF7FFF00000000
(1790979287.129134) can0 02800365#7FFF8020800500E6
(1790979287.129271) can0 017FFF04#7FFF7FFF00000000
(1790979287.129505) can0 02800467#7FFF803B7FDA00F0
(1790979287.129637) can0 017FFF05#7FF47FFF0F5C3333
(1790979287.129824) can0 02800569#7FE38042816300F0
(1790979287.133232) can0 017FFF01#7FFF7FFF00000000
(1790979287.133429) can0 02800161#7FFF7F97800600F0
(1790979287.133566) can0 017FFF02#7FFF7FFF00000000
(1790979287.133758) can0 02800263#7FFE804C800000F0
(1790979287.133894) can0 017FFF03#7FFF7FFF00000000
(1790979287.134133) can0 02800365#800080127FEE00E6
(1790979287.134270) can0 017FFF04#7FFF7FFF00000000
(1790979287.134506) can0 02800467#7FFF8003801700F0
(1790979287.134638) can0 017FFF05#7FF57FFF0F5C3333
(1790979287.134824) can0 02800569#7FE4803A815500F0
(1790979287.138232) can0 017FFF01#7FFF7FFF00000000
(1790979287.138430) can0 02800161#7FFF7FFA7FFA00F0
(1790979287.138566) can0 017FFF02#7FFF7FFF00000000
(1790979287.138755) can0 02800263#7FFE801B7FFE00F0
(1790979287.138892) can0 017FFF03#7FFF7FFF00000000
(1790979287.139134) can0 02800365#7FFF805A800900E6
(1790979287.139271) can0 017FFF04#7FFF7FFF00000000
(1790979287.139506) can0 02800467#7FFF7FD5801000F0
(1790979287.139638) can0 017FFF05#7FF57FFF0F5C3333
(1790979287.139824) can0 02800569#7FE4805C816B00F0
(1790979287.143232) can0 017FFF01#7FFF7FFF00000000
(1790979287.143429) can0 02800161#7FFF7FF57FE900F0
(1790979287.143565) can0 017FFF02#7FFF7FFF00000000
(1790979287.143754) can0 02800263#7FFE7F5A7FF700F0
(1790979287.143891) can0 017FFF03#7FFF7FFF00000000
(1790979287.144135) can0 02800365#7FFF7FE67FF500E6
(1790979287.144272) can0 017FFF04#7FFF7FFF00000000
(1790979287.144509) can0 02800467#7FFF80177FF800F0
(1790979287.144640) can0 017FFF05#7FF67FFF0F5C3333
(1790979287.144827) can0 02800569#7FE57FEA815B00F0
(1790979287.148232) can0 017FFF01#7FFF7FFF00000000
(1790979287.148429) can0 02800161#7FFF7F027FFF00F0
(1790979287.148566) can0 017FFF02#7FFF7FFF00000000
(1790979287.148757) can0 02800263#7FFE8069801100F0
(1790979287.148893) can0 017FFF03#7FFF7FFF00000000
(1790979287.149134) can0 02800365#7FFF7FE9800600E6
(1790979287.149271) can0 017FFF04#7FFF7FFF00000000
(1790979287.149507) can0 02800467#7FFF7FE97FED00F0
(1790979287.149639) can0 017FFF05#7FF77FFF0F5C3333
(1790979287.149828) can0 02800569#7FE5803D813C00F0
(1790979287.153233) can0 017FFF01#7FFF7FFF00000000
(1790979287.153430) can0 02800161#7FFF802F7FFD00F0
(1790979287.153567) can0 017FFF02#7FFF7FFF00000000
(1790979287.153757) can0 02800263#7FFE805E801C00F0
(1790979287.153894) can0 017FFF03#7FFF7FFF00000000
(1790979287.154134) can0 02800365#80007FD2800400E6
(1790979287.154271) can0 017FFF04#7FFF7FFF00000000
(1790979287.154504) can0 02800467#7FFE7F9B800900F0
(1790979287.154636) can0 017FFF05#7FF77FFF0F5C3333
(1790979287.154824) can0 02800569#7FE68090812700F0
(1790979287.158233) can0 017FFF01#7FFF7FFF00000000
(1790979287.158430) can0 02800161#7FFF801A7FED00F0
(1790979287.158567) can0 017FFF02#7FFF7FFF00000000
(1790979287.158755) can0 02800263#7FFE7FCA801100F0
(1790979287.158892) can0 017FFF03#7FFF7FFF00000000
(1790979287.159134) can0 02800365#7FFF7FEA7FED00E6
(1790979287.159271) can0 017FFF04#7FFF7FFF00000000
(1790979287.159508) can0 02800467#7FFF8003800000F0
(1790979287.159639) can0 017FFF05#7FF87FFF0F5C3333
(1790979287.159826) can0 02800569#7FE7803A810A00F0
(1790979287.163233) can0 017FFF01#7FFF7FFF00000000
(1790979287.163432) can0 02800161#7FFF7FEE7FF400F0
(1790979287.163568) can0 017FFF02#7FFF7FFF00000000
(1790979287.163755) can0 02800263#7FFE805B7FFD00F0
(1790979287.163892) can0 017FFF03#7FFF7FFF00000000
(1790979287.164137) can0 02800365#7FFF7FE4801E00E6
(1790979287.164274) can0 017FFF04#7FFF7FFF00000000
(1790979287.164510) can0 02800467#7FFF8044800C00F0
(1790979287.164641) can0 017FFF05#7FF87FFF0F5C3333
(1790979287.164826) can0 02800569#7FE8805C810800F0
(1790979287.168233) can0 017FFF01#7FFF7FFF00000000
(1790979287.168433) can0 02800161#7FFF803F800400F0
(1790979287.168570) can0 017FFF02#7FFF7FFF00000000
(1790979287.168755) can0 02800263#7FFE7FFB801200F0
(1790979287.168892) can0 017FFF03#7FFF7FFF00000000
(1790979287.169134) can0 02800365#7FFF801D7FFD00E6
(1790979287.169271) can0 017FFF04#7FFF7FFF00000000
(1790979287.169510) can0 02800467#7FFF8003800400F0
(1790979287.169641) can0 017FFF05#7FF97FFF0F5C3333
(1790979287.169824) can0 02800569#7FEA80A580DE00F0
(1790979287.173232) can0 017FFF01#7FFF7FFF00000000
(1790979287.173429) can0 02800161#7FFF80067FF700F0
(1790979287.173565) can0 017FFF02#7FFF7FFF00000000
(1790979287.173754) can0 02800263#7FFE7FFD800300F0
(1790979287.173891) can0 017FFF03#7FFF7FFF00000000
(1790979287.174135) can0 02800365#80008036800A00E6
(1790979287.174272) can0 017FFF04#7FFF7FFF00000000
(1790979287.174507) can0 02800467#7FFF7FC27FF800F0
(1790979287.174638) can0 017FFF05#7FFA7FFF0F5C3333
(1790979287.174827) can0 02800569#7FEA802480F400F0
(1790979287.178234) can0 017FFF01#7FFF7FFF00000000
(1790979287.178432) can0 02800161#7FFF7FF87FFF00F0
(1790979287.178568) can0 017FFF02#7FFF7FFF00000000
(1790979287.178757) can0 02800263#7FFE80417FEA00F0
(1790979287.178894) can0 017FFF03#7FFF7FFF00000000
(1790979287.179136) can0 02800365#7FFF7FF5800500E6
(1790979287.179273) can0 017FFF04#7FFF7FFF00000000
(1790979287.179506) can0 02800467#7FFF800E803900F0
(1790979287.179637) can0 017FFF05#7FFA7FFF0F5C3333
(1790979287.179828) can0 02800569#7FEB803080F400F0
(1790979287.183233) can0 017FFF01#7FFF7FFF00000000
(1790979287.183430) can0 02800161#7FFF7FF87FFB00F0
(1790979287.183566) can0 017FFF02#7FFF7FFF00000000
(1790979287.183755) can0 02800263#7FFE7FC17FF200F0
(1790979287.183892) can0 017FFF03#7FFF7FFF00000000
(1790979287.184132) can0 02800365#80008035802100E6
(1790979287.184270) can0 017FFF04#7FFF7FFF00000000
(1790979287.184506) can0 02800467#7FFF7FFC7FF200F0
(1790979287.184638) can0 017FFF05#7FFB7FFF0F5C3333
(1790979287.184826) can0 02800569#7FEB801880F200F0
(1790979287.188232) can0 017FFF01#7FFF7FFF00000000
(1790979287.188429) can0 02800161#7FFF7FAF7FF700F0
(1790979287.188565) can0 017FFF02#7FFF7FFF00000000
(1790979287.188755) can0 02800263#7FFE7F807FFF00F0
(1790979287.188892) can0 017FFF03#7FFF7FFF00000000
(1790979287.189135) can0 02800365#7FFF7FFE7FE700E6
(1790979287.189272) can0 017FFF04#7FFF7FFF00000000
(1790979287.189505) can0 02800467#7FFF8007802600F0
(1790979287.189638) can0 017FFF05#7FFC7FFF0F5C3333
(1790979287.189829) can0 02800569#7FEC8009813E00F0
(1790979287.193232) can0 017FFF01#7FFF7FFF00000000
(1790979287.193428) can0 02800161#7FFF80BA7FF700F0
(1790979287.193564) can0 017FFF02#7FFF7FFF00000000
(1790979287.193755) can0 02800263#7FFE8006802000F0
(1790979287.193891) can0 017FFF03#7FFF7FFF00000000
(1790979287.194133) can0 02800365#7FFF80167FE200E6
(1790979287.194271) can0 017FFF04#7FFF7FFF00000000
(1790979287.194505) can0 02800467#7FFF802C802900F0
(1790979287.194638) can0 017FFF05#7FFC7FFF0F5C3333
(1790979287.194825) can0 02800569#7FED8026813F00F0
(1790979287.198233) can0 017FFF01#7FFF7FFF00000000
(1790979287.198430) can0 02800161#7FFF80887FFF00F0
(1790979287.198566) can0 017FFF02#7FFF7FFF00000000
(1790979287.198754) can0 02800263#7FFE7FDA7FF100F0
(1790979287.198890) can0 017FFF03#7FFF7FFF00000000
(1790979287.199132) can0 02800365#7FFF7FB0800B00E6
(1790979287.199270) can0 017FFF04#7FFF7FFF00000000
(1790979287.199507) can0 02800467#7FFF8039801A00F0
(1790979287.199638) can0 017FFF05#7FFD7FFF0F5C3333
(1790979287.199827) can0 02800569#7FEC803C816800F0
(1790979287.203233) can0 017FFF01#7FFF7FFF00000000
(1790979287.203431) can0 02800161#7FFF804B7FFC00F0
(1790979287.203567) can0 017FFF02#7FFF7FFF00000000
(1790979287.203754) can0 02800263#7FFE7FCE7FF800F0
(1790979287.203890) can0 017FFF03#7FFF7FFF00000000
(1790979287.204134) can0 02800365#7FFF7F9D801500E6
(1790979287.204272) can0 017FFF04#7FFF7FFF00000000
(1790979287.204509) can0 02800467#7FFE7FDF800400F0
(1790979287.204641) can0 017FFF05#7FFE7FFF0F5C3333
(1790979287.204824) can0 02800569#7FED7FCA818500F0
(1790979287.208233) can0 017FFF01#7FFF7FFF00000000
(1790979287.208432) can0 02800161#7FFF7FDD800400F0
(1790979287.208568) can0 017FFF02#7FFF7FFF00000000
(1790979287.208754) can0 02800263#7FFE805C801700F0
(1790979287.208890) can0 017FFF03#7FFF7FFF00000000
(1790979287.209133) can0 02800365#7FFF804F800200E6
(1790979287.209271) can0 017FFF04#7FFF7FFF00000000
(1790979287.209508) can0 02800467#7FFF7FFA7FF800F0
(1790979287.209639) can0 017FFF05#7FFE7FFF0F5C3333
(1790979287.209826) can0 02800569#7FED802D817D00F0
(1790979287.213234) can0 017FFF01#7FFF7FFF00000000
(1790979287.213431) can0 02800161#7FFF7FEE7FED00F0
(1790979287.213567) can0 017FFF02#7FFF7FFF00000000
(1790979287.213753) can0 02800263#7FFE7FA6801200F0
(1790979287.213889) can0 017FFF03#7FFF7FFF00000000
(1790979287.214132) can0 02800365#7FFF7FCD7FFF00E6
(1790979287.214269) can0 017FFF04#7FFF7FFF00000000
(1790979287.214506) can0 02800467#7FFF80177FFF00F0
(1790979287.214639) can0 017FFF05#7FFF7FFF0F5C3333
(1790979287.214826) can0 02800569#7FED7FE5818700F0
(1790979287.218233) can0 017FFF01#7FFF7FFF00000000
(1790979287.218430) can0 02800161#7FFF7FDF7FFF00F0
(1790979287.218566) can0 017FFF02#7FFF7FFF00000000
(1790979287.218753) can0 02800263#7FFE7FC2802000F0
(1790979287.218889) can0 017FFF03#7FFF7FFF00000000
(1790979287.219132) can0 02800365#7FFF800F7FEE00E6
(1790979287.219270) can0 017FFF04#7FFF7FFF00000000
(1790979287.219506) can0 02800467#7FFF7FBE800800F0
(1790979287.219639) can0 017FFF05#7FFF7FFF0F5C3333
(1790979287.219827) can0 02800569#7FEE800E817900F0
(1790979287.223232) can0 017FFF01#7FFF7FFF00000000
(1790979287.223427) can0 02800161#7FFF7F39800300F0
(1790979287.223563) can0 017FFF02#7FFF7FFF00000000
(1790979287.223753) can0 02800263#7FFE804A7FEA00F0
(1790979287.223889) can0 017FFF03#7FFF7FFF00000000
(1790979287.224134) can0 02800365#7FFF801A802700E6
(1790979287.224272) can0 017FFF04#7FFF7FFF00000000
(1790979287.224506) can0 02800467#7FFF7FE6806300F0
(1790979287.224638) can0 017FFF05#7FFF7FFF0F5C3333
(1790979287.224827) can0 02800569#7FEE7FF8819F00F0
(1790979287.228231) can0 017FFF01#7FFF7FFF00000000
(1790979287.228429) can0 02800161#7FFF80857FF700F0
(1790979287.228565) can0 017FFF02#7FFF7FFF00000000
(1790979287.228756) can0 02800263#7FFE7FC57FF800F0
(1790979287.228892) can0 017FFF03#7FFF7FFF00000000
(1790979287.229133) can0 02800365#8000803E7FE700E6
(1790979287.229271) can0 017FFF04#7FFF7FFF00000000
(1790979287.229506) can0 02800467#7FFF7FF27FD000F0
(1790979287.229638) can0 017FFF05#7FFF7FFF0F5C3333
(1790979287.229824) can0 02800569#7FED802281A700F0
(1790979287.233233) can0 017FFF01#7FFF7FFF00000000
(1790979287.233429) can0 02800161#7FFF7F617FF800F0
(1790979287.233565) can0 017FFF02#7FFF7FFF00000000
(1790979287.233756) can0 02800263#7FFE7FF9800B00F0
(1790979287.233892) can0 017FFF03#7FFF7FFF00000000
(1790979287.234132) can0 02800365#7FFF7FB67FF200E6
(1790979287.234269) can0 017FFF04#7FFF7FFF00000000
(1790979287.234507) can0 02800467#7FFF801E7FDA00F0
(1790979287.234639) can0 017FFF05#7FFF7FFF0F5C3333
(1790979287.234826) can0 02800569#7FEE7FEC81CB00F0
(1790979287.238233) can0 017FFF01#7FFF7FFF00000000
(1790979287.238429) can0 02800161#7FFF8039800300F0
(1790979287.238565) can0 017FFF02#7FFF7FFF00000000
(1790979287.238757) can0 02800263#7FFE7FD77FEC00F0
(1790979287.238893) can0 017FFF03#7FFF7FFF00000000
(1790979287.239132) can0 02800365#7FFF7FAF7FF000E6
(1790979287.239270) can0 017FFF04#7FFF7FFF00000000
(1790979287.239506) can0 02800467#7FFF7FF97FF100F0
(1790979287.239639) can0 017FFF05#7FFF7FFF0F5C3333
(1790979287.239826) can0 02800569#7FEE800881D200F0
(1790979287.243233) can0 017FFF01#7FFF7FFF00000000
(1790979287.243429) can0 02800161#7FFF7F0C800200F0
(1790979287.243565) can0 017FFF02#7FFF7FFF00000000
(1790979287.243755) can0 02800263#7FFE80157FEF00F0
(1790979287.243891) can0 017FFF03#7FFF7FFF00000000
(1790979287.244132) can0 02800365#7FFF8021800100E6
(1790979287.244269) can0 017FFF04#7FFF7FFF00000000
(1790979287.244504) can0 02800467#7FFF7FC47FD700F0
(1790979287.244636) can0 017FFF05#7FFF7FFF0F5C3333
(1790979287.244823) can0 02800569#7FEE7FB281AD00F0
(1790979287.248232) can0 017FFF01#7FFF7FFF00000000
(1790979287.248431) can0 02800161#7FFF80397FF400F0
(1790979287.248567) can0 017FFF02#7FFF7FFF00000000
(1790979287.248754) can0 02800263#7FFE807F7FE200F0
(1790979287.248890) can0 017FFF03#7FFF7FFF00000000
(1790979287.249132) can0 02800365#7FFF7FB87FFD00E6
(1790979287.249269) can0 017FFF04#7FFF7FFF00000000
(1790979287.249508) can0 02800467#7FFF802F7FE000F0
(1790979287.249640) can0 017FFF05#7FFF7FFF0F5C3333
(1790979287.249827) can0 02800569#7FEE7FFE81D400F0
(1790979287.253234) can0 017FFF01#7FFF7FFF00000000
(1790979287.253432) can0 02800161#7FFF7FDE800000F0
(1790979287.253568) can0 017FFF02#7FFF7FFF00000000
(1790979287.253755) can0 02800263#7FFE8079801200F0
(1790979287.253891) can0 017FFF03#7FFF7FFF00000000
(1790979287.254134) can0 02800365#7FFF7FEA7FFA00E6
(1790979287.254271) can0 017FFF04#7FFF7FFF00000000
(1790979287.254505) can0 02800467#7FFF802A7FC000F0
(1790979287.254637) can0 017FFF05#7FFF7FFF0F5C3333
(1790979287.254826) can0 02800569#7FEE800481AA00F0
(1790979287.258232) can0 017FFF01#7FFF7FFF00000000
(1790979287.258429) can0 02800161#7FFF7FA37FFD00F0
(1790979287.258565) can0 017FFF02#7FFF7FFF00000000
(1790979287.258754) can0 02800263#7FFE7FFB7FFE00F0
(1790979287.258890) can0 017FFF03#7FFF7FFF00000000
(1790979287.259135) can0 02800365#7FFF7FBF801000E6
(1790979287.259272) can0 017FFF04#7FFF7FFF00000000
(1790979287.259508) can0 02800467#7FFF80147FD400F0
(1790979287.259640) can0 017FFF05#7FFF7FFF0F5C3333
(1790979287.259824) can0 02800569#7FEE802881A800F0
(1790979287.263232) can0 017FFF01#7FFF7FFF00000000
(1790979287.263429) can0 02800161#7FFF7FDE7FEB00F0
(1790979287.263565) can0 017FFF02#7FFF7FFF00000000
(1790979287.263755) can0 02800263#7FFE7F177FE800F0
(1790979287.263891) can0 017FFF03#7FFF7FFF00000000
(1790979287.264132) can0 02800365#7FFF7FB47FFA00E6
(1790979287.264269) can0 017FFF04#7FFF7FFF00000000
(1790979287.264509) can0 02800467#7FFF7FEB800400F0
(1790979287.264640) can0 017FFF05#7FFF7FFF0F5C3333
(1790979287.264828) can0 02800569#7FEE7FF681EC00F0
(1790979287.268234) can0 017FFF01#7FFF7FFF00000000
(1790979287.268430) can0 02800161#7FFF7FC3800100F0
(1790979287.268566) can0 017FFF02#7FFF7FFF00000000
(1790979287.268756) can0 02800263#7FFE7FF67FFF00F0
(1790979287.268892) can0 017FFF03#7FFF7FFF00000000
(1790979287.269132) can0 02800365#7FFF7F62800B00E6
(1790979287.269269) can0 017FFF04#7FFF7FFF00000000
(1790979287.269505) can0 02800467#7FFF7F867FF100F0
(1790979287.269637) can0 017FFF05#7FFF7FFF0F5C3333
(1790979287.269825) can0 02800569#7FEE7FF9819100F0
(1790979287.273233) can0 017FFF01#7FFF7FFF00000000
(1790979287.273429) can0 02800161#7FFF7FBB7FFB00F0
(1790979287.273565) can0 017FFF02#7FFF7FFF00000000
(1790979287.273753) can0 02800263#7FFE8044800A00F0
(1790979287.273889) can0 017FFF03#7FFF7FFF00000000
(1790979287.274133) can0 02800365#8000800B800A00E6
(1790979287.274270) can0 017FFF04#7FFF7FFF00000000
(1790979287.274506) can0 02800467#7FFF7FEE800500F0
(1790979287.274638) can0 017FFF05#7FFF7FFF0F5C3333
(1790979287.274825) can0 02800569#7FEE7FF381BD00F0
(1790979287.278232) can0 017FFF01#7FFF7FFF00000000
(1790979287.278429) can0 02800161#7FFF80717FFB00F0
(1790979287.278566) can0 017FFF02#7FFF7FFF00000000
(1790979287.278755) can0 02800263#7FFE8000801700F0
(1790979287.278892) can0 017FFF03#7FFF7FFF00000000
(1790979287.279132) can0 02800365#7FFF806E7FFE00E6
(1790979287.279269) can0 017FFF04#7FFF7FFF00000000
(1790979287.279506) can0 02800467#7FFF7FE27FF700F0
(1790979287.279638) can0 017FFF05#7FFF7FFF0F5C3333
(1790979287.279827) can0 02800569#7FEE7FEB81C100F0
(1790979287.283232) can0 017FFF01#7FFF7FFF00000000
(1790979287.283427) can0 02800161#7FFF80427FF500F0
(1790979287.283564) can0 017FFF02#7FFF7FFF00000000
(1790979287.283752) can0 02800263#7FFE7FC97FEA00F0
(1790979287.283889) can0 017FFF03#7FFF7FFF00000000
(1790979287.284132) can0 02800365#7FFF800C801200E6
(1790979287.284269) can0 017FFF04#7FFF7FFF00000000
(1790979287.284506) can0 02800467#7FFF7FCB803200F0
(1790979287.284637) can0 017FFF05#7FFF7FFF0F5C3333
(1790979287.284827) can0 02800569#7FEF801C81A100F0
(1790979287.288233) can0 017FFF01#7FFF7FFF00000000
(1790979287.288429) can0 02800161#7FFF800A7FFB00F0
(1790979287.288566) can0 017FFF02#7FFF7FFF00000000
(1790979287.288753) can0 02800263#7FFE803C801700F0
(1790979287.288890) can0 017FFF03#7FFF7FFF00000000
(1790979287.289133) can0 02800365#7FFF7FFA800200E6
(1790979287.289270) can0 017FFF04#7FFF7FFF00000000
(1790979287.289509) can0 02800467#7FFF8037801C00F0
(1790979287.289641) can0 017FFF05#7FFF7FFF0F5C3333
(1790979287.289825) can0 02800569#7FEF7FFB81E500F0
(1790979287.293232) can0 017FFF01#7FFF7FFF00000000
(1790979287.293429) can0 02800161#7FFF7F8B7FFE00F0
(1790979287.293566) can0 017FFF02#7FFF7FFF00000000
(1790979287.293754) can0 02800263#7FFE7FCF803900F0
(1790979287.293891) can0 017FFF03#7FFF7FFF00000000
(1790979287.294133) can0 02800365#8000804A7FFC00E6
(1790979287.294270) can0 017FFF04#7FFF7FFF00000000
(1790979287.294507) can0 02800467#7FFF801A7FDC00F0
(1790979287.294639) can0 017FFF05#7FFF7FFF0F5C3333
(1790979287.294824) can0 02800569#7FEE7FC681CB00F0
(1790979287.298232) can0 017FFF01#7FFF7FFF00000000
(1790979287.298428) can0 02800161#7FFF7FF97FFB00F0
(1790979287.298565) can0 017FFF02#7FFF7FFF00000000
(1790979287.298755) can0 02800263#7FFF80A17FFE00F0
(1790979287.298892) can0 017FFF03#7FFF7FFF00000000
(1790979287.299134) can0 02800365#7FFF80077FF100E6
(1790979287.299271) can0 017FFF04#7FFF7FFF00000000
(1790979287.299506) can0 02800467#7FFF7FF4800200F0
(1790979287.299638) can0 017FFF05#7FFF7FFF0F5C3333
(1790979287.299827) can0 02800569#7FEF804581BC00F0
(1790979287.303232) can0 017FFF01#7FFF7FFF00000000
(1790979287.303429) can0 02800161#7FFF800F800200F0
(1790979287.303566) can0 017FFF02#7FFF7FFF00000000
(1790979287.303753) can0 02800263#7FFE7FAA7FE700F0
(1790979287.303890) can0 017FFF03#7FFF7FFF00000000
(1790979287.304132) can0 02800365#7FFF808B801100E6
(1790979287.304269) can0 017FFF04#7FFF7FFF00000000
(1790979287.304509) can0 02800467#7FFF80257FF800F0
(1790979287.304640) can0 017FFF05#7FFF7FFF0F5C3333
(1790979287.304828) can0 02800569#7FEF800281AC00F0
(1790979287.308233) can0 017FFF01#7FFF7FFF00000000
(1790979287.308429) can0 02800161#7FFF80C0800600F0
(1790979287.308566) can0 017FFF02#7FFF7FFF00000000
(1790979287.308757) can0 02800263#7FFE7FC6801E00F0
(1790979287.308893) can0 017FFF03#7FFF7FFF00000000
(1790979287.309134) can0 02800365#80008013800700E6
(1790979287.309271) can0 017FFF04#7FFF7FFF00000000
(1790979287.309506) can0 02800467#7FFF7FAD800200F0
(1790979287.309638) can0 017FFF05#7FFF7FFF0F5C3333
(1790979287.309826) can0 02800569#7FEF801481B500F0
(1790979287.313246) can0 017FFF01#7FFF7FFF00000000
(1790979287.313434) can0 02800161#7FFF8022801700F0
(1790979287.313571) can0 017FFF02#7FFF7FFF00000000
(1790979287.313755) can0 02800263#7FFE7FC87FF000F0
(1790979287.313891) can0 017FFF03#7FFF7FFF00000000
(1790979287.314133) can0 02800365#7FFF7FB4800800E6
(1790979287.314270) can0 017FFF04#7FFF7FFF00000000
(1790979287.314505) can0 02800467#7FFF8033800A00F0
(1790979287.314637) can0 017FFF05#7FFF7FFF0F5C3333
(1790979287.314825) can0 02800569#7FEF800C816D00F0
(1790979287.318239) can0 017FFF01#7FFF7FFF00000000
(1790979287.318435) can0 02800161#7FFF80D57FF100F0
(1790979287.318571) can0 017FFF02#7FFF7FFF00000000
(1790979287.318755) can0 02800263#7FFE803E7FEB00F0
(1790979287.318891) can0 017FFF03#7FFF7FFF00000000
(1790979287.319132) can0 02800365#80008021802000E6
(1790979287.319269) can0 017FFF04#7FFF7FFF00000000
(1790979287.319505) can0 02800467#7FFF802A7FFA00F0
(1790979287.319637) can0 017FFF05#7FFF7FFF0F5C3333
(1790979287.319824) can0 02800569#7FEF7FDC81A500F0
(1790979287.323232) can0 017FFF01#7FFF7FFF00000000
(1790979287.323430) can0 02800161#7FFF80137FED00F0
(1790979287.323566) can0 017FFF02#7FFF7FFF00000000
(1790979287.323757) can0 02800263#7FFE7FF2800D00F0
(1790979287.323893) can0 017FFF03#7FFF7FFF00000000
(1790979287.324134) can0 02800365#7FFF7F9A7FF600E6
(1790979287.324271) can0 017FFF04#7FFF7FFF00000000
(1790979287.324507) can0 02800467#7FFF7FFB7FE200F0
(1790979287.324638) can0 017FFF05#7FFF7FFF0F5C3333
(1790979287.324826) can0 02800569#7FEF7FF181A700F0
(1790979287.328238) can0 017FFF01#7FFF7FFF00000000
(1790979287.328434) can0 02800161#7FFF80997FFF00F0
(1790979287.328571) can0 017FFF02#7FFF7FFF00000000
(1790979287.328754) can0 02800263#7FFE80337FEA00F0
(1790979287.328890) can0 017FFF03#7FFF7FFF00000000
(1790979287.329135) can0 02800365#7FFF7FBF7FF800E6
(1790979287.329272) can0 017FFF04#7FFF7FFF00000000
(1790979287.329507) can0 02800467#7FFF8060800500F0
(1790979287.329639) can0 017FFF05#7FFF7FFF0F5C3333
(1790979287.329827) can0 02800569#7FEF803F819900F0
(1790979287.333233) can0 017FFF01#7FFF7FFF00000000
(1790979287.333429) can0 02800161#7FFF8074800800F0
(1790979287.333566) can0 017FFF02#7FFF7FFF00000000
(1790979287.333752) can0 02800263#7FFE7F957FF300F0
(1790979287.333889) can0 017FFF03#7FFF7FFF00000000
(1790979287.334132) can0 02800365#7FFF7FB3800A00E6
(1790979287.334269) can0 017FFF04#7FFF7FFF00000000
(1790979287.334507) can0 02800467#7FFF7FB47FFC00F0
(1790979287.334639) can0 017FFF05#7FFF7FFF0F5C3333
(1790979287.334824) can0 02800569#7FEE7FDD81A200F0
(1790979287.338232) can0 017FFF01#7FFF7FFF00000000
(1790979287.338429) can0 02800161#7FFF803A800000F0
(1790979287.338565) can0 017FFF02#7FFF7FFF00000000
(1790979287.338754) can0 02800263#7FFE802A800B00F0
(1790979287.338890) can0 017FFF03#7FFF7FFF00000000
(1790979287.339132) can0 02800365#7FFF7FDB800100E6
(1790979287.339269) can0 017FFF04#7FFF7FFF00000000
(1790979287.339506) can0 02800467#7FFF8002801800F0
(1790979287.339638) can0 017FFF05#7FFF7FFF0F5C3333
(1790979287.339827) can0 02800569#7FEF7FEF819900F0
(1790979287.343232) can0 017FFF01#7FFF7FFF00000000
(1790979287.343430) can0 02800161#7FFF80B4800400F0
(1790979287.343567) can0 017FFF02#7FFF7FFF00000000
(1790979287.343753) can0 02800263#7FFE7FB8801300F0
(1790979287.343890) can0 017FFF03#7FFF7FFF00000000
(1790979287.344134) can0 02800365#7FFF7FBE801000E6
(1790979287.344271) can0 017FFF04#7FFF7FFF00000000
(1790979287.344506) can0 02800467#7FFF7F7F7FD100F0
(1790979287.344637) can0 017FFF05#7FFF7FFF0F5C3333
(1790979287.344825) can0 02800569#7FEE7FF9818F00F0
(1790979287.348232) can0 017FFF01#7FFF7FFF00000000
(1790979287.348429) can0 02800161#7FFF7FF77FF700F0
(1790979287.348565) can0 017FFF02#7FFF7FFF00000000
(1790979287.348754) can0 02800263#7FFE804B801200F0
(1790979287.348890) can0 017FFF03#7FFF7FFF00000000
(1790979287.349134) can0 02800365#7FFF801F800E00E6
(1790979287.349271) can0 017FFF04#7FFF7FFF00000000
(1790979287.349506) can0 02800467#7FFF7FE97FFB00F0
(1790979287.349638) can0 017FFF05#7FFF7FFF0F5C3333
(1790979287.349827) can0 02800569#7FEF804181B000F0
(1790979287.353232) can0 017FFF01#7FFF7FFF00000000
(1790979287.353428) can0 02800161#7FFF7FE6800300F0
(1790979287.353564) can0 017FFF02#7FFF7FFF00000000
(1790979287.353753) can0 02800263#7FFF8052800A00F0
(1790979287.353890) can0 017FFF03#7FFF7FFF00000000
(1790979287.354135) can0 02800365#7FFF7FEF800900E6
(1790979287.354272) can0 017FFF04#7FFF7FFF00000000
(1790979287.354509) can0 02800467#7FFF7FF87FFC00F0
(1790979287.354641) can0 017FFF05#7FFF7FFF0F5C3333
(1790979287.354824) can0 02800569#7FEE7FCA81A100F0
(1790979287.358232) can0 017FFF01#7FFF7FFF00000000
(1790979287.358429) can0 02800161#7FFF806A7FF700F0
(1790979287.358565) can0 017FFF02#7FFF7FFF00000000
(1790979287.358752) can0 02800263#7FFE806E7FF600F0
(1790979287.358888) can0 017FFF03#7FFF7FFF00000000
(1790979287.359131) can0 02800365#800080447FF300E6
(1790979287.359271) can0 017FFF04#7FFF7FFF00000000
(1790979287.359506) can0 02800467#7FFF80117FD000F0
(1790979287.359638) can0 017FFF05#7FFF7FFF0F5C3333
(1790979287.359827) can0 02800569#7FEE800381BC00F0
(1790979287.363243) can0 017FFF01#7FFF7FFF00000000
(1790979287.363437) can0 02800161#7FFF7F70800400F0
(1790979287.363573) can0 017FFF02#7FFF7FFF00000000
(1790979287.363756) can0 02800263#7FFE7FC17FFF00F0
(1790979287.363893) can0 017FFF03#7FFF7FFF00000000
(1790979287.364131) can0 02800365#7FFF8026800A00E6
(1790979287.364269) can0 017FFF04#7FFF7FFF00000000
(1790979287.364505) can0 02800467#7FFF7FCD7FDE00F0
(1790979287.364637) can0 017FFF05#7FFF7FFF0F5C3333
(1790979287.364826) can0 02800569#7FEF802B818500F0
(1790979287.368237) can0 017FFF01#7FFF7FFF00000000
(1790979287.368436) can0 02800161#7FFF800C800400F0
(1790979287.368572) can0 017FFF02#7FFF7FFF00000000
(1790979287.368756) can0 02800263#7FFE80667FFC00F0
(1790979287.368892) can0 017FFF03#7FFF7FFF00000000
(1790979287.369132) can0 02800365#7FFF7FE9800700E6
(1790979287.369270) can0 017FFF04#7FFF7FFF00000000
(1790979287.369504) can0 02800467#7FFF7FE47FFA00F0
(1790979287.369637) can0 017FFF05#7FFF7FFF0F5C3333
(1790979287.369825) can0 02800569#7FEE800681BD00F0
(1790979287.373233) can0 017FFF01#7FFF7FFF00000000
(1790979287.373428) can0 02800161#7FFF7FCD800600F0
(1790979287.373564) can0 017FFF02#7FFF7FFF00000000
(1790979287.373755) can0 02800263#7FFE7FA7800400F0
(1790979287.373891) can0 017FFF03#7FFF7FFF00000000
(1790979287.374131) can0 02800365#7FFF8076802400E6
(1790979287.374269) can0 017FFF04#7FFF7FFF00000000
(1790979287.374504) can0 02800467#7FFF7F94800700F0
(1790979287.374636) can0 017FFF05#7FFF7FFF0F5C3333
(1790979287.374826) can0 02800569#7FEF800B81AD00F0
(1790979287.378231) can0 017FFF01#7FFF7FFF00000000
(1790979287.378428) can0 02800161#7FFF7F81800500F0
(1790979287.378564) can0 017FFF02#7FFF7FFF00000000
(1790979287.378754) can0 02800263#7FFE7FF7801D00F0
(1790979287.378890) can0 017FFF03#7FFF7FFF00000000
(1790979287.379131) can0 02800365#7FFF804E802200E6
(1790979287.379268) can0 017FFF04#7FFF7FFF00000000
(1790979287.379507) can0 02800467#7FFF800B800500F0
(1790979287.379639) can0 017FFF05#7FFF7FFF0F5C3333
(1790979287.379826) can0 02800569#7FEF7FFD819600F0
(1790979287.383239) can0 017FFF01#7FFF7FFF00000000
(1790979287.383435) can0 02800161#7FFF7EED7FFE00F0
(1790979287.383571) can0 017FFF02#7FFF7FFF00000000
(1790979287.383755) can0 02800263#7FFE805F7FE000F0
(1790979287.383891) can0 017FFF03#7FFF7FFF00000000
(1790979287.384133) can0 02800365#7FFF800B800C00E6
(1790979287.384270) can0 017FFF04#7FFF7FFF00000000
(1790979287.384505) can0 02800467#7FFF7F757FED00F0
(1790979287.384637) can0 017FFF05#7FFF7FFF0F5C3333
(1790979287.384827) can0 02800569#7FEF7FF281B400F0
(1790979287.387378) can0 1200FD01#0A70000000000000
(1790979287.387532) can0 028001FD#7FFF800C800F00F0
(1790979287.387672) can0 017FFF01#7FFF7FFF00000000
(1790979287.387829) can0 028001FD#7FFF804D800500F0
(1790979287.387969) can0 0400FD01#0000000000000000
(1790979287.388225) can0 1200FD02#0A70000000000000
(1790979287.388402) can0 028002FD#7FFE808D800D00F0
(1790979287.388539) can0 017FFF02#7FFF7FFF00000000
(1790979287.388699) can0 028002FD#7FFF812C800F00F0
(1790979287.388840) can0 0400FD02#0000000000000000
(1790979287.389097) can0 1200FD03#0A70000000000000
(1790979287.389291) can0 028003FD#7FFF7FB77FF400E6
(1790979287.389427) can0 017FFF03#7FFF7FFF00000000
(1790979287.389633) can0 028003FD#800080177FEE00E6
(1790979287.389770) can0 0400FD03#0000000000000000
(1790979287.390028) can0 1200FD04#0A70000000000000
(1790979287.390213) can0 028004FD#7FFF801C7FF800F0
(1790979287.390351) can0 017FFF04#7FFF7FFF00000000
(1790979287.390557) can0 028004FD#7FFF801B7FF500F0
(1790979287.390696) can0 0400FD04#0000000000000000
(1790979287.390953) can0 1200FD05#0A70000000000000
(1790979287.391123) can0 028005FD#7FEF7FFC81A500F0
(1790979287.391260) can0 017FFF05#7FFF7FFF00000000
(1790979287.391428) can0 028005FD#7FEF7FF781D300F0
(1790979287.391562) can0 0400FD05#0000000000000000
(1790979287.410094) can0 020002FD#7FFF816F7FFF00F0
(1790979287.410238) can0 020001FD#7FFF7FF77FFF00F0
(1790979287.410432) can0 020003FD#7FFF7FFD7FFF00E6
(1790979287.413604) can0 020004FD#7FFF80337FFF00F0
(1790979287.414922) can0 020005FD#7FEE7FBB7FFF00F0
